bill	chamber	roll	vote_date	tally	scope	disposition	reason	title
HB1003	house	1560970	2025-04-29	67-23	A:enacted-superseded-or-failed	screened:not-the-final-text	The measure became law, but this roll is not that chamber's vote on the text that became law. North Dakota records no conference or concurrence vote, so a bill amended after this roll has no later roll to use.	Compensation and mileage and travel expenses for witnesses, the salary of the attorney general, twenty-four seven sobriety program fees, and
HB1012	house	1564400	2025-05-01	61-26	A:enacted	dropped:study-only	Directs a study; the measure changes no law.	Leases of department of health and human services property, substance use disorder treatment program, basic care payment rates, state of res
HB1012	senate	1551697	2025-04-17	37-10	A:enacted-superseded-or-failed	screened:not-the-final-text	The measure became law, but this roll is not that chamber's vote on the text that became law. North Dakota records no conference or concurrence vote, so a bill amended after this roll has no later roll to use.	Leases of department of health and human services property, substance use disorder treatment program, basic care payment rates, state of res
HB1013	house	1569640	2025-05-02	60-28	A:enacted	screened:title-and-description	Screened on the bill's title and description and not selected for a batch. Not read in full, so this is a screening decision rather than a judgment on the merits.	The salary of the superintendent of public instruction and administrative cost-sharing; to provide for a transfer; to provide a report; to p
HB1015	senate	1554225	2025-04-22	31-16	A:enacted-superseded-or-failed	screened:not-the-final-text	The measure became law, but this roll is not that chamber's vote on the text that became law. North Dakota records no conference or concurrence vote, so a bill amended after this roll has no later roll to use.	County achievement days; to provide for a transfer; to authorize a line of credit; to provide an exemption; to provide for a report; and to
HB1018	house	1561422	2025-04-29	64-27	A:enacted	screened:title-and-description	Screened on the bill's title and description and not selected for a batch. Not read in full, so this is a screening decision rather than a judgment on the merits.	Jurisdiction of the heritage center; to authorize a Bank of North Dakota line of credit; and to declare an emergency.
HB1019	senate	1564138	2025-05-01	34-12	A:enacted	screened:title-and-description	Screened on the bill's title and description and not selected for a batch. Not read in full, so this is a screening decision rather than a judgment on the merits.	The creation and naming of state parks; to provide for a transfer; to provide for a report; and to provide an exemption.
HB1023	house	1491663	2025-02-17	69-20	A:enacted	excluded:appropriation	Agency appropriation act, excluded by the standing campaign rule.	AN ACT to provide an appropriation for defraying the expenses of the public employees retirement system.
HB1028	house	1498483	2025-02-24	34-59	C:failed-vote	screened:title-and-description	Screened on the bill's title and description and not selected for a batch. Not read in full, so this is a screening decision rather than a judgment on the merits.	The selection process for construction management at-risk planning and design phase services and the procurement of architect, engineer, con
HB1047	senate	1509537	2025-03-10	32-13	A:enacted	screened:title-and-description	Screened on the bill's title and description and not selected for a batch. Not read in full, so this is a screening decision rather than a judgment on the merits.	Juror counseling.
HB1050	house	1476084	2025-01-28	42-51	C:failed-vote	screened:title-and-description	Screened on the bill's title and description and not selected for a batch. Not read in full, so this is a screening decision rather than a judgment on the merits.	Cooperative agreements between the director and law enforcement agencies regarding license plate readers.
HB1058	house	1538745	2025-04-07	66-24	A:enacted	batch-02	imported	The department of environmental quality and tank registration fees; and to provide a penalty.
HB1073	house	1471570	2025-01-14	73-20	A:enacted	screened:title-and-description	Screened on the bill's title and description and not selected for a batch. Not read in full, so this is a screening decision rather than a judgment on the merits.	Disaster or emergency response and recovery costs, authority to spend funds from the state disaster relief fund, and uses of the state disas
HB1089	house	1476535	2025-01-29	38-53	C:failed-vote	screened:title-and-description	Screened on the bill's title and description and not selected for a batch. Not read in full, so this is a screening decision rather than a judgment on the merits.	Regulations or plans adopted by international organizations.
HB1100	house	1488526	2025-02-12	20-72	C:failed-vote	screened:title-and-description	Screened on the bill's title and description and not selected for a batch. Not read in full, so this is a screening decision rather than a judgment on the merits.	A BILL for an Act to provide an exemption to continue free school meal funding for qualified delinquent meal debt and to provide for a legis
HB1102	house	1484137	2025-02-07	20-69	C:failed-vote	excluded:appropriation	Agency appropriation act, excluded by the standing campaign rule.	A BILL for an Act to provide an appropriation to the attorney general for bureau of criminal investigation cybercrime resources.
HB1107	senate	1508941	2025-03-07	22-25	C:failed-vote	screened:title-and-description	Screened on the bill's title and description and not selected for a batch. Not read in full, so this is a screening decision rather than a judgment on the merits.	An individual income tax deduction for a segal Americorps education award; and to provide an effective date.
HB1114	house	1495612	2025-02-20	59-27	done:batch-01	batch-01	imported	Health insurance benefits coverage of insulin drugs and supplies.
HB1130	house	1564338	2025-05-01	60-29	B:passed-chamber-died	screened:title-and-description	Screened on the bill's title and description and not selected for a batch. Not read in full, so this is a screening decision rather than a judgment on the merits.	The option for a school district to reduce its local contribution deduction in the school state aid formula by the percentage of the local c
HB1130	senate	1564339	2025-05-01	23-23	C:failed-vote	screened:title-and-description	Screened on the bill's title and description and not selected for a batch. Not read in full, so this is a screening decision rather than a judgment on the merits.	The option for a school district to reduce its local contribution deduction in the school state aid formula by the percentage of the local c
HB1139	house	1489640	2025-02-13	49-38	A:enacted-superseded-or-failed	screened:not-the-final-text	The measure became law, but this roll is not that chamber's vote on the text that became law. North Dakota records no conference or concurrence vote, so a bill amended after this roll has no later roll to use.	A sales tax exemption for fire departments; and to provide an effective date.
HB1141	house	1491527	2025-02-17	39-51	C:failed-vote	screened:title-and-description	Screened on the bill's title and description and not selected for a batch. Not read in full, so this is a screening decision rather than a judgment on the merits.	Using public services or property for a political purpose.
HB1143	senate	1558348	2025-04-25	36-9	A:enacted	excluded:appropriation	Agency appropriation act, excluded by the standing campaign rule.	AN ACT to provide an appropriation to the agriculture commissioner for a food distribution facility grant program.
HB1145	house	1488302	2025-02-12	38-53	C:failed-vote	batch-04	imported	Displays of the ten commandments in state educational institutions and public schools.
HB1154	house	1472247	2025-01-17	69-20	A:enacted	dropped:filter-5	Read in full. Extends the moratorium on new basic care and nursing beds to 2029. Supply limit reads as cost control or as reduced access, both inside healthcare_affordability.	The moratorium on basic care and nursing facility bed capacity.
HB1159	house	1473369	2025-01-22	27-67	C:failed-vote	screened:title-and-description	Screened on the bill's title and description and not selected for a batch. Not read in full, so this is a screening decision rather than a judgment on the merits.	Requiring vendors to provide physical copies of tickets upon request.
HB1160	senate	1537262	2025-04-04	19-26	A:enacted-superseded-or-failed	screened:not-the-final-text	The measure became law, but this roll is not that chamber's vote on the text that became law. North Dakota records no conference or concurrence vote, so a bill amended after this roll has no later roll to use.	The use of personal electronic devices during instructional time.
HB1169	house	1553888	2025-04-22	34-60	C:failed-vote	screened:title-and-description	Screened on the bill's title and description and not selected for a batch. Not read in full, so this is a screening decision rather than a judgment on the merits.	Compensation for veterans' benefits; and to provide a penalty.
HB1170	house	1535264	2025-04-02	61-29	A:enacted	screened:title-and-description	Screened on the bill's title and description and not selected for a batch. Not read in full, so this is a screening decision rather than a judgment on the merits.	State employee annual leave; and to provide an effective date.
HB1170	senate	1520635	2025-03-18	36-10	A:enacted	screened:title-and-description	Screened on the bill's title and description and not selected for a batch. Not read in full, so this is a screening decision rather than a judgment on the merits.	State employee annual leave; and to provide an effective date.
HB1178	senate	1508874	2025-03-07	24-23	done:batch-01	batch-01	imported	School districts allowing students to leave campus to vote in elections.
HB1183	house	1491693	2025-02-17	54-35	B:passed-chamber-died	screened:title-and-description	Screened on the bill's title and description and not selected for a batch. Not read in full, so this is a screening decision rather than a judgment on the merits.	Gold and silver investments; to provide a report; and to provide an effective date.
HB1183	senate	1519024	2025-03-17	13-34	C:failed-vote	screened:title-and-description	Screened on the bill's title and description and not selected for a batch. Not read in full, so this is a screening decision rather than a judgment on the merits.	Gold and silver investments; to provide a report; and to provide an effective date.
HB1184	house	1478380	2025-01-31	32-57	C:failed-vote	screened:title-and-description	Screened on the bill's title and description and not selected for a batch. Not read in full, so this is a screening decision rather than a judgment on the merits.	Digital asset and precious metal investments.
HB1191	house	1498240	2025-02-24	64-27	B:passed-chamber-died	screened:title-and-description	Screened on the bill's title and description and not selected for a batch. Not read in full, so this is a screening decision rather than a judgment on the merits.	The creation of an office of entrepreneurship; and to provide for a legislative management report.
HB1191	senate	1540089	2025-04-08	18-28	C:failed-vote	screened:title-and-description	Screened on the bill's title and description and not selected for a batch. Not read in full, so this is a screening decision rather than a judgment on the merits.	The creation of an office of entrepreneurship; and to provide for a legislative management report.
HB1193	house	1478991	2025-02-03	70-23	A:enacted-superseded-or-failed	screened:not-the-final-text	The measure became law, but this roll is not that chamber's vote on the text that became law. North Dakota records no conference or concurrence vote, so a bill amended after this roll has no later roll to use.	AN ACT to provide an appropriation to the attorney general for a peace officer and correctional officer appreciation grant program; and to p
HB1203	house	1549462	2025-04-15	70-21	A:enacted	dropped:filter-5	Screened. Medical marijuana definitions. No area carries an honest direction on cannabis regulation, and `general` is barred.	Definitions of medical marijuana products.
HB1207	house	1487010	2025-02-11	25-64	C:failed-vote	screened:title-and-description	Screened on the bill's title and description and not selected for a batch. Not read in full, so this is a screening decision rather than a judgment on the merits.	The definition of a cattle industry representative, the election and terms of members to the North Dakota beef commission, commission vacanc
HB1210	house	1490644	2025-02-14	29-55	C:failed-vote	screened:title-and-description	Screened on the bill's title and description and not selected for a batch. Not read in full, so this is a screening decision rather than a judgment on the merits.	Carbon dioxide pipeline damages.
HB1213	house	1499640	2025-02-25	64-28	B:passed-chamber-died	screened:title-and-description	Screened on the bill's title and description and not selected for a batch. Not read in full, so this is a screening decision rather than a judgment on the merits.	A BILL for an Act to provide for a transfer to the infrastructure revolving loan fund.
HB1213	senate	1529761	2025-03-27	20-27	C:failed-vote	screened:title-and-description	Screened on the bill's title and description and not selected for a batch. Not read in full, so this is a screening decision rather than a judgment on the merits.	A BILL for an Act to provide for a transfer to the infrastructure revolving loan fund.
HB1216	house	1557622	2025-04-24	56-37	done:batch-01	batch-01	imported	Self-insurance health care plans; to provide for application; and to provide an effective date.
HB1216	senate	1553035	2025-04-21	29-18	done:batch-01	batch-01	imported	Self-insurance health care plans; to provide for application; and to provide an effective date.
HB1217	house	1493948	2025-02-19	50-43	done:batch-01	batch-01	imported	Willfully transferring body fluid containing the human immunodeficiency virus.
HB1217	senate	1517749	2025-03-13	34-13	done:batch-01	batch-01	imported	Willfully transferring body fluid containing the human immunodeficiency virus.
HB1218	senate	1534599	2025-04-02	25-21	A:enacted-superseded-or-failed	screened:not-the-final-text	The measure became law, but this roll is not that chamber's vote on the text that became law. North Dakota records no conference or concurrence vote, so a bill amended after this roll has no later roll to use.	Comprehensive water development plans; to provide for a legislative management study; and to provide an expiration date.
HB1225	house	1553173	2025-04-21	72-21	A:enacted	batch-02	imported	Reckless endangerment and habitual offenders; and to provide a penalty.
HB1225	senate	1543018	2025-04-09	26-20	A:enacted	batch-02	imported	Reckless endangerment and habitual offenders; and to provide a penalty.
HB1226	house	1551541	2025-04-17	57-32	done:dropped	dropped:filter-5	Read in full. Adds a crime of masking to hide identity while congregating with other masked people. Contested direction rather than contested worth: public safety to supporters, a limit on anonymous assembly and on health masking to opponents.	Wearing a mask in a public place.
HB1229	senate	1537569	2025-04-04	29-16	A:enacted-superseded-or-failed	screened:not-the-final-text	The measure became law, but this roll is not that chamber's vote on the text that became law. North Dakota records no conference or concurrence vote, so a bill amended after this roll has no later roll to use.	Statutory fees for traffic offenses and a motor vehicle owner's responsibility regarding a driver who flees a peace officer; and to provide
HB1231	house	1539075	2025-04-07	36-54	C:failed-vote	dropped:study-only	Directs a study; the measure changes no law.	A BILL for an Act to provide for a legislative management study relating to early discontinuation of registration for low-risk sex offenders
HB1236	house	1485350	2025-02-10	27-63	C:failed-vote	screened:title-and-description	Screened on the bill's title and description and not selected for a batch. Not read in full, so this is a screening decision rather than a judgment on the merits.	Use of hunting license and permit application fees.
HB1242	house	1490646	2025-02-14	47-37	C:failed-vote	screened:title-and-description	Screened on the bill's title and description and not selected for a batch. Not read in full, so this is a screening decision rather than a judgment on the merits.	Parental rights and responsibilities; and to provide for application.
HB1244	house	1475201	2025-01-27	65-27	B:passed-chamber-died	screened:title-and-description	Screened on the bill's title and description and not selected for a batch. Not read in full, so this is a screening decision rather than a judgment on the merits.	A home education income tax credit for qualified educational expenses; and to provide an effective date.
HB1244	senate	1499668	2025-02-25	15-30	C:failed-vote	screened:title-and-description	Screened on the bill's title and description and not selected for a batch. Not read in full, so this is a screening decision rather than a judgment on the merits.	A home education income tax credit for qualified educational expenses; and to provide an effective date.
HB1245	house	1498274	2025-02-24	29-64	C:failed-vote	screened:title-and-description	Screened on the bill's title and description and not selected for a batch. Not read in full, so this is a screening decision rather than a judgment on the merits.	Election offenses.
HB1249	house	1498177	2025-02-24	42-50	C:failed-vote	dropped:study-only	Directs a study; the measure changes no law.	A BILL for an Act to provide appropriations to the attorney general, the department of career and technical education, the department of hea
HB1250	senate	1531556	2025-03-31	21-24	C:failed-vote	screened:title-and-description	Screened on the bill's title and description and not selected for a batch. Not read in full, so this is a screening decision rather than a judgment on the merits.	Entries against a driving record.
HB1251	house	1474530	2025-01-24	30-61	C:failed-vote	screened:title-and-description	Screened on the bill's title and description and not selected for a batch. Not read in full, so this is a screening decision rather than a judgment on the merits.	The prohibition of school extracurricular activities on certain holidays.
HB1255	house	1491477	2025-02-17	48-41	B:passed-chamber-died	screened:title-and-description	Screened on the bill's title and description and not selected for a batch. Not read in full, so this is a screening decision rather than a judgment on the merits.	The use of public funds to support public broadcasting.
HB1257	house	1498117	2025-02-24	50-43	B:passed-chamber-died	screened:title-and-description	Screened on the bill's title and description and not selected for a batch. Not read in full, so this is a screening decision rather than a judgment on the merits.	The organizational session of the legislative assembly.
HB1257	senate	1520560	2025-03-18	10-36	C:failed-vote	screened:title-and-description	Screened on the bill's title and description and not selected for a batch. Not read in full, so this is a screening decision rather than a judgment on the merits.	The organizational session of the legislative assembly.
HB1258	senate	1537268	2025-04-04	27-18	A:enacted	screened:title-and-description	Screened on the bill's title and description and not selected for a batch. Not read in full, so this is a screening decision rather than a judgment on the merits.	Energy conversion and transmission facility siting; and to provide for retroactive application.
HB1259	house	1475966	2025-01-28	55-37	B:passed-chamber-died	screened:title-and-description	Screened on the bill's title and description and not selected for a batch. Not read in full, so this is a screening decision rather than a judgment on the merits.	Daylight saving time; and to provide a contingent effective date.
HB1259	senate	1538375	2025-04-07	15-32	C:failed-vote	screened:title-and-description	Screened on the bill's title and description and not selected for a batch. Not read in full, so this is a screening decision rather than a judgment on the merits.	Daylight saving time; and to provide a contingent effective date.
HB1265	senate	1540256	2025-04-08	13-33	C:failed-vote	screened:title-and-description	Screened on the bill's title and description and not selected for a batch. Not read in full, so this is a screening decision rather than a judgment on the merits.	The state information technology research center, advanced technology review committee, compute credits grant program, and advanced technolo
HB1268	house	1489893	2025-02-13	62-23	B:passed-chamber-died	dropped:filter-5	Read in full. Requires a parent to pass a drug test before unsupervised visits after a child protection finding. Child safety against a barrier to reunification, both inside social_programs_and_welfare.	Mandatory drug testing by human service zones; and to provide an appropriation.
HB1272	house	1484140	2025-02-07	41-47	C:failed-vote	screened:title-and-description	Screened on the bill's title and description and not selected for a batch. Not read in full, so this is a screening decision rather than a judgment on the merits.	Tenant security deposits.
HB1273	house	1483563	2025-02-06	20-73	C:failed-vote	screened:title-and-description	Screened on the bill's title and description and not selected for a batch. Not read in full, so this is a screening decision rather than a judgment on the merits.	The prohibition of a policy, order, or ordinance that limits free speech.
HB1274	house	1539193	2025-04-07	71-19	A:enacted	screened:title-and-description	Screened on the bill's title and description and not selected for a batch. Not read in full, so this is a screening decision rather than a judgment on the merits.	Membership of the public employees retirement system public safety retirement plan.
HB1276	house	1498495	2025-02-24	21-72	C:failed-vote	screened:title-and-description	Screened on the bill's title and description and not selected for a batch. Not read in full, so this is a screening decision rather than a judgment on the merits.	A public-spirited organization's use of raffle proceeds for a political purpose.
HB1279	house	1569605	2025-05-02	68-21	A:enacted	dropped:filter-5	Read in full. Coal conversion tax exemption paired with a lignite research tax and a carbon capture credit. The strands pull opposite ways inside environment_and_public_health.	The exemption from the coal conversion facilities tax and the imposition of a lignite research tax; to provide an effective date; to provide
HB1282	house	1489901	2025-02-13	36-51	C:failed-vote	screened:title-and-description	Screened on the bill's title and description and not selected for a batch. Not read in full, so this is a screening decision rather than a judgment on the merits.	Public employee fertility health benefits; to provide for a report to the legislative assembly; to provide for application; and to provide a
HB1283	house	1499669	2025-02-25	66-26	B:passed-chamber-died	batch-03	imported	Diagnostic breast examination and supplemental breast examination cost-sharing restrictions; to provide for a report to the legislative asse
HB1283	senate	1546225	2025-04-11	22-24	C:failed-vote	screened:title-and-description	Screened on the bill's title and description and not selected for a batch. Not read in full, so this is a screening decision rather than a judgment on the merits.	Diagnostic breast examination and supplemental breast examination cost-sharing restrictions; to provide for a report to the legislative asse
HB1284	house	1489840	2025-02-13	39-48	C:failed-vote	screened:title-and-description	Screened on the bill's title and description and not selected for a batch. Not read in full, so this is a screening decision rather than a judgment on the merits.	Public employee fertility preservation health benefits; to provide for a report to the legislative assembly; to provide for application; and
HB1286	house	1489755	2025-02-13	32-53	C:failed-vote	dropped:filter-5	Read in part. Repeals and rewrites the campaign finance disclosure chapter, including the existing ultimate-and-true-source section. Direction cannot be read off a recodification without a full comparison, which this pass did not do.	Identifying the ultimate and true source of funds; and to provide a penalty.
HB1288	house	1478257	2025-01-31	24-64	C:failed-vote	screened:title-and-description	Screened on the bill's title and description and not selected for a batch. Not read in full, so this is a screening decision rather than a judgment on the merits.	Review of public school compliance with state law.
HB1289	house	1477653	2025-01-30	32-61	C:failed-vote	screened:title-and-description	Screened on the bill's title and description and not selected for a batch. Not read in full, so this is a screening decision rather than a judgment on the merits.	A partial property tax exemption for residential property used for in-home care services for a qualifying individual; and to provide an effe
HB1291	house	1485806	2025-02-10	71-19	B:passed-chamber-died	dropped:study-only	Directs a study; the measure changes no law.	A BILL for an Act to provide for a legislative management study relating to immigration law.
HB1295	house	1490649	2025-02-14	24-60	C:failed-vote	screened:title-and-description	Screened on the bill's title and description and not selected for a batch. Not read in full, so this is a screening decision rather than a judgment on the merits.	The carbon dioxide pipeline exemption, payments in lieu of taxes for certain carbon dioxide pipeline property, and the carbon dioxide captur
HB1296	house	1499556	2025-02-25	21-71	C:failed-vote	screened:title-and-description	Screened on the bill's title and description and not selected for a batch. Not read in full, so this is a screening decision rather than a judgment on the merits.	Producing a license to carry a concealed firearm upon request from a law enforcement officer; and to provide a penalty.
HB1298	house	1564326	2025-05-01	54-36	A:enacted-superseded-or-failed	screened:not-the-final-text	The measure became law, but this roll is not that chamber's vote on the text that became law. North Dakota records no conference or concurrence vote, so a bill amended after this roll has no later roll to use.	The amount of statutory fees, speed limitations on multilane highways, variable speed limits, alteration of maximum speed limits on state hi
HB1298	senate	1569385	2025-05-02	27-20	A:enacted	screened:title-and-description	Screened on the bill's title and description and not selected for a batch. Not read in full, so this is a screening decision rather than a judgment on the merits.	The amount of statutory fees, speed limitations on multilane highways, variable speed limits, alteration of maximum speed limits on state hi
HB1300	house	1559060	2025-04-28	28-61	C:failed-vote	screened:title-and-description	Screened on the bill's title and description and not selected for a batch. Not read in full, so this is a screening decision rather than a judgment on the merits.	Legislative term limits.
HB1301	house	1491614	2025-02-17	26-63	C:failed-vote	screened:title-and-description	Screened on the bill's title and description and not selected for a batch. Not read in full, so this is a screening decision rather than a judgment on the merits.	Possession of a firearm while on probation; and to provide for application.
HB1318	house	1550256	2025-04-16	51-40	done:batch-01	batch-01	imported	Pesticide labeling.
HB1318	senate	1547673	2025-04-14	29-18	done:batch-01	batch-01	imported	Pesticide labeling.
HB1321	house	1485481	2025-02-10	37-53	C:failed-vote	screened:title-and-description	Screened on the bill's title and description and not selected for a batch. Not read in full, so this is a screening decision rather than a judgment on the merits.	Medical marijuana limitations.
HB1324	house	1473411	2025-01-22	23-71	C:failed-vote	screened:title-and-description	Screened on the bill's title and description and not selected for a batch. Not read in full, so this is a screening decision rather than a judgment on the merits.	An income tax deduction for cash and noncash tips received by a food or beverage service establishment employee; and to provide an effective
HB1326	house	1499655	2025-02-25	56-35	B:passed-chamber-died	dropped:filter-5	Read in full. Chiefly recodifies the self-defense statute, and its substantive change removes the self-defense justification from someone unlawfully possessing a firearm who used it. That cuts both ways between deterring unlawful possession and narrowing self-defense.	Self-defense and the unlawful possession of a firearm; and to provide a penalty.
HB1327	senate	1514631	2025-03-11	35-12	A:enacted	screened:title-and-description	Screened on the bill's title and description and not selected for a batch. Not read in full, so this is a screening decision rather than a judgment on the merits.	Special plates for amateur radio station licenseholders.
HB1330	senate	1548744	2025-04-15	20-26	C:failed-vote	screened:title-and-description	Screened on the bill's title and description and not selected for a batch. Not read in full, so this is a screening decision rather than a judgment on the merits.	The prudent investor rule.
HB1333	house	1491623	2025-02-17	20-70	C:failed-vote	screened:title-and-description	Screened on the bill's title and description and not selected for a batch. Not read in full, so this is a screening decision rather than a judgment on the merits.	The duration of a student's school lunch break.
HB1334	senate	1508951	2025-03-07	24-22	A:enacted	screened:title-and-description	Screened on the bill's title and description and not selected for a batch. Not read in full, so this is a screening decision rather than a judgment on the merits.	Designating rhubarb as the official state vegetable.
HB1335	house	1488523	2025-02-12	35-58	C:failed-vote	screened:title-and-description	Screened on the bill's title and description and not selected for a batch. Not read in full, so this is a screening decision rather than a judgment on the merits.	The homestead tax credit; and to provide an effective date.
HB1339	house	1495910	2025-02-20	35-52	C:failed-vote	screened:title-and-description	Screened on the bill's title and description and not selected for a batch. Not read in full, so this is a screening decision rather than a judgment on the merits.	Licensed ambulance services exempt from formation of rural ambulance service district requirements.
HB1341	house	1538432	2025-04-07	68-21	A:enacted	batch-02	imported	Simple assault; and to provide a penalty.
HB1343	house	1487062	2025-02-11	25-62	C:failed-vote	screened:title-and-description	Screened on the bill's title and description and not selected for a batch. Not read in full, so this is a screening decision rather than a judgment on the merits.	The homestead exemption, declaration of a homestead, and the contents of a tax lien.
HB1349	house	1484120	2025-02-07	30-61	C:failed-vote	screened:title-and-description	Screened on the bill's title and description and not selected for a batch. Not read in full, so this is a screening decision rather than a judgment on the merits.	Liability limits for health care malpractice actions or claims.
HB1350	house	1499681	2025-02-25	39-53	C:failed-vote	screened:title-and-description	Screened on the bill's title and description and not selected for a batch. Not read in full, so this is a screening decision rather than a judgment on the merits.	Dangerous weapons.
HB1352	house	1499520	2025-02-25	39-53	C:failed-vote	screened:title-and-description	Screened on the bill's title and description and not selected for a batch. Not read in full, so this is a screening decision rather than a judgment on the merits.	Possession of firearms or dangerous weapons at a church or place of worship.
HB1353	house	1486939	2025-02-11	25-63	C:failed-vote	screened:title-and-description	Screened on the bill's title and description and not selected for a batch. Not read in full, so this is a screening decision rather than a judgment on the merits.	Limitations on property tax levies by taxing districts without voter approval; and to provide an effective date.
HB1356	house	1494358	2025-02-19	41-52	C:failed-vote	screened:title-and-description	Screened on the bill's title and description and not selected for a batch. Not read in full, so this is a screening decision rather than a judgment on the merits.	Access to requests to the legislative council made by members of the legislative assembly.
HB1358	house	1478311	2025-01-31	45-44	C:failed-vote	screened:title-and-description	Screened on the bill's title and description and not selected for a batch. Not read in full, so this is a screening decision rather than a judgment on the merits.	Authorization of public charter schools.
HB1359	house	1477635	2025-01-30	22-71	C:failed-vote	screened:title-and-description	Screened on the bill's title and description and not selected for a batch. Not read in full, so this is a screening decision rather than a judgment on the merits.	A prohibition on preferred automobile repair shops.
HB1361	house	1477542	2025-01-30	70-23	A:enacted-superseded-or-failed	screened:not-the-final-text	The measure became law, but this roll is not that chamber's vote on the text that became law. North Dakota records no conference or concurrence vote, so a bill amended after this roll has no later roll to use.	Mandatory minimum sentences for human trafficking offenders; and to provide a penalty.
HB1365	house	1499529	2025-02-25	29-62	C:failed-vote	screened:title-and-description	Screened on the bill's title and description and not selected for a batch. Not read in full, so this is a screening decision rather than a judgment on the merits.	Possession of firearms or dangerous weapons at a public gathering.
HB1366	house	1487177	2025-02-11	28-61	C:failed-vote	screened:title-and-description	Screened on the bill's title and description and not selected for a batch. Not read in full, so this is a screening decision rather than a judgment on the merits.	Speeding violations, city fines, and nonpayment of fines; and to provide a penalty.
HB1368	senate	1540318	2025-04-08	22-24	C:failed-vote	screened:title-and-description	Screened on the bill's title and description and not selected for a batch. Not read in full, so this is a screening decision rather than a judgment on the merits.	The authority of the administrative rules committee to void an administrative rule.
HB1369	house	1569412	2025-05-02	61-27	A:enacted	screened:title-and-description	Screened on the bill's title and description and not selected for a batch. Not read in full, so this is a screening decision rather than a judgment on the merits.	The determination of state aid, boarding care costs, the coal development trust fund, the school construction assistance revolving loan fund
HB1371	house	1492928	2025-02-18	57-32	A:enacted	dropped:study-only	Directs a study; the measure changes no law.	AN ACT to provide for a legislative management study relating to providing uniform group insurance program health insurance benefits coverag
HB1377	house	1569649	2025-05-02	64-25	B:passed-chamber-died	dropped:filter-5	Read in part. Creates a new campaign disclosure chapter replacing the existing one. Same recodification problem as HB 1286; not judged rather than judged on a skim.	Campaign disclosure statements; to provide a penalty; to provide for application; and to provide an effective date.
HB1379	senate	1514469	2025-03-11	16-31	C:failed-vote	screened:title-and-description	Screened on the bill's title and description and not selected for a batch. Not read in full, so this is a screening decision rather than a judgment on the merits.	A personal and corporate income tax adjustment for capital gains from the sale of bullion; and to provide an effective date.
HB1381	house	1499684	2025-02-25	64-26	B:passed-chamber-died	screened:title-and-description	Screened on the bill's title and description and not selected for a batch. Not read in full, so this is a screening decision rather than a judgment on the merits.	The determination of state aid.
HB1381	senate	1531020	2025-03-31	14-31	C:failed-vote	screened:title-and-description	Screened on the bill's title and description and not selected for a batch. Not read in full, so this is a screening decision rather than a judgment on the merits.	The determination of state aid.
HB1382	house	1494335	2025-02-19	58-35	B:passed-chamber-died	screened:title-and-description	Screened on the bill's title and description and not selected for a batch. Not read in full, so this is a screening decision rather than a judgment on the merits.	The electric and plug-in hybrid vehicle road use fee, the tax imposed on motor vehicle and special fuels, and the highway tax distribution f
HB1388	senate	1526973	2025-03-25	13-33	C:failed-vote	screened:title-and-description	Screened on the bill's title and description and not selected for a batch. Not read in full, so this is a screening decision rather than a judgment on the merits.	The marriage penalty credit; and to provide an effective date.
HB1390	house	1487076	2025-02-11	28-60	C:failed-vote	screened:title-and-description	Screened on the bill's title and description and not selected for a batch. Not read in full, so this is a screening decision rather than a judgment on the merits.	The homestead credit and disabled veterans' credit; to provide an effective date; and to declare an emergency.
HB1391	house	1498485	2025-02-24	67-26	B:passed-chamber-died	batch-03	imported	Creating a new status related to human rights and antidiscrimination policies; and to provide an appropriation.
HB1391	senate	1530192	2025-03-28	17-29	C:failed-vote	screened:title-and-description	Screened on the bill's title and description and not selected for a batch. Not read in full, so this is a screening decision rather than a judgment on the merits.	Creating a new status related to human rights and antidiscrimination policies; and to provide an appropriation.
HB1392	house	1484139	2025-02-07	21-69	C:failed-vote	screened:title-and-description	Screened on the bill's title and description and not selected for a batch. Not read in full, so this is a screening decision rather than a judgment on the merits.	Number plates; and to provide a penalty.
HB1393	senate	1534602	2025-04-02	16-30	C:failed-vote	screened:title-and-description	Screened on the bill's title and description and not selected for a batch. Not read in full, so this is a screening decision rather than a judgment on the merits.	Earned wage access providers; and to provide a penalty.
HB1395	senate	1530080	2025-03-28	15-31	C:failed-vote	screened:title-and-description	Screened on the bill's title and description and not selected for a batch. Not read in full, so this is a screening decision rather than a judgment on the merits.	Landlords and criminal background checks.
HB1405	house	1480347	2025-02-04	20-71	C:failed-vote	screened:title-and-description	Screened on the bill's title and description and not selected for a batch. Not read in full, so this is a screening decision rather than a judgment on the merits.	Service of summons and time limitations for serving an answer to a claim.
HB1406	house	1476050	2025-01-28	32-60	C:failed-vote	screened:title-and-description	Screened on the bill's title and description and not selected for a batch. Not read in full, so this is a screening decision rather than a judgment on the merits.	The introduction of bills prepared by executive branch agencies and the judicial branch.
HB1408	house	1496567	2025-02-21	64-26	B:passed-chamber-died	screened:title-and-description	Screened on the bill's title and description and not selected for a batch. Not read in full, so this is a screening decision rather than a judgment on the merits.	Annually reconvened sessions of the legislative assembly; to provide an effective date; and to provide an expiration date.
HB1408	senate	1547655	2025-04-14	17-30	C:failed-vote	screened:title-and-description	Screened on the bill's title and description and not selected for a batch. Not read in full, so this is a screening decision rather than a judgment on the merits.	Annually reconvened sessions of the legislative assembly; to provide an effective date; and to provide an expiration date.
HB1411	house	1499664	2025-02-25	39-53	C:failed-vote	batch-04	imported	State prohibition on extreme risk protection provisions; and to provide a penalty.
HB1414	house	1490652	2025-02-14	29-55	C:failed-vote	screened:title-and-description	Screened on the bill's title and description and not selected for a batch. Not read in full, so this is a screening decision rather than a judgment on the merits.	The exercise of public domain in geological storage of carbon dioxide.
HB1416	senate	1542159	2025-04-09	10-36	C:failed-vote	screened:title-and-description	Screened on the bill's title and description and not selected for a batch. Not read in full, so this is a screening decision rather than a judgment on the merits.	Two organizations conducting charitable gaming at the same site.
HB1417	house	1555565	2025-04-23	73-20	A:enacted	dropped:study-only	Directs a study; the measure changes no law.	Parole and probation violations and court fees; to provide for a legislative management study; and to provide a penalty.
HB1419	house	1539202	2025-04-07	68-22	A:enacted	screened:title-and-description	Screened on the bill's title and description and not selected for a batch. Not read in full, so this is a screening decision rather than a judgment on the merits.	The public employees retirement system public safety retirement plan.
HB1423	house	1485246	2025-02-10	29-61	A:enacted-superseded-or-failed	screened:not-the-final-text	The measure became law, but this roll is not that chamber's vote on the text that became law. North Dakota records no conference or concurrence vote, so a bill amended after this roll has no later roll to use.	Benefits for adaptations to real estate and motor vehicles; and to provide for application.
HB1425	house	1553015	2025-04-21	65-28	A:enacted	dropped:study-only	Directs a study; the measure changes no law.	Prosecution-led diversion programs, deflection process, and supervision for presentence programs; to provide for a legislative management st
HB1428	house	1550822	2025-04-16	37-54	C:failed-vote	screened:title-and-description	Screened on the bill's title and description and not selected for a batch. Not read in full, so this is a screening decision rather than a judgment on the merits.	A sales tax exemption for sales of clothing by a thrift store of a nonprofit corporation; and to provide an effective date.
HB1428	senate	1511286	2025-03-10	31-14	B:passed-chamber-died	screened:title-and-description	Screened on the bill's title and description and not selected for a batch. Not read in full, so this is a screening decision rather than a judgment on the merits.	A sales tax exemption for sales of clothing by a thrift store of a nonprofit corporation; and to provide an effective date.
HB1430	house	1498215	2025-02-24	55-38	B:passed-chamber-died	screened:title-and-description	Screened on the bill's title and description and not selected for a batch. Not read in full, so this is a screening decision rather than a judgment on the merits.	The regulation of social workers.
HB1430	senate	1529427	2025-03-27	22-25	C:failed-vote	screened:title-and-description	Screened on the bill's title and description and not selected for a batch. Not read in full, so this is a screening decision rather than a judgment on the merits.	The regulation of social workers.
HB1431	house	1498221	2025-02-24	22-69	C:failed-vote	screened:title-and-description	Screened on the bill's title and description and not selected for a batch. Not read in full, so this is a screening decision rather than a judgment on the merits.	District parties and district committees.
HB1433	house	1485434	2025-02-10	26-64	C:failed-vote	screened:title-and-description	Screened on the bill's title and description and not selected for a batch. Not read in full, so this is a screening decision rather than a judgment on the merits.	The creation of the dementia response program; and to provide an appropriation.
HB1436	house	1474067	2025-01-23	27-64	C:failed-vote	screened:title-and-description	Screened on the bill's title and description and not selected for a batch. Not read in full, so this is a screening decision rather than a judgment on the merits.	The motor vehicle excise tax; and to provide for an effective date.
HB1437	senate	1528179	2025-03-26	28-19	done:dropped	dropped:filter-5	Read in full. Post-tenure review with removal possible. Accountability reading and academic-freedom reading both sit inside public_education_quality, so the counter-reading is not a side strand.	Academic tenure policy at institutions of higher education.
HB1441	house	1484141	2025-02-07	61-30	B:passed-chamber-died	screened:title-and-description	Screened on the bill's title and description and not selected for a batch. Not read in full, so this is a screening decision rather than a judgment on the merits.	The definition of United States central bank digital currency.
HB1441	senate	1509628	2025-03-10	18-27	C:failed-vote	screened:title-and-description	Screened on the bill's title and description and not selected for a batch. Not read in full, so this is a screening decision rather than a judgment on the merits.	The definition of United States central bank digital currency.
HB1444	senate	1525282	2025-03-24	29-15	A:enacted	dropped:filter-5	Read in full. Adds a public meeting before a county adopts a township road. Local government process, not investment in infrastructure.	The county road system.
HB1446	house	1499662	2025-02-25	32-58	C:failed-vote	screened:title-and-description	Screened on the bill's title and description and not selected for a batch. Not read in full, so this is a screening decision rather than a judgment on the merits.	Party organization endorsements, certificates of endorsement, and the minimum vote required at a primary election for nomination.
HB1450	senate	1544460	2025-04-10	18-29	C:failed-vote	screened:title-and-description	Screened on the bill's title and description and not selected for a batch. Not read in full, so this is a screening decision rather than a judgment on the merits.	Parent and guardian access to the medical examination room of a minor.
HB1453	house	1498269	2025-02-24	45-48	C:failed-vote	screened:title-and-description	Screened on the bill's title and description and not selected for a batch. Not read in full, so this is a screening decision rather than a judgment on the merits.	Prohibiting natural asset companies; and to provide a penalty.
HB1454	house	1558470	2025-04-25	59-33	done:dropped	dropped:filter-5	Read in full. Vaccine opt-out for government bodies. Escalated to the operator under the fluoride rule; operator decided 2026-09-07 to drop, because no area carries an honest direction and `general` is barred on roll-call records.	An opt-out procedure for required vaccines.
HB1454	senate	1559197	2025-04-28	30-17	done:dropped	dropped:filter-5	Read in full. Vaccine opt-out for government bodies. Escalated to the operator under the fluoride rule; operator decided 2026-09-07 to drop, because no area carries an honest direction and `general` is barred on roll-call records.	An opt-out procedure for required vaccines.
HB1455	house	1492881	2025-02-18	63-28	B:passed-chamber-died	batch-03	imported	The review of introduced legislation by the Indian affairs commission and tribal consultation.
HB1456	house	1490653	2025-02-14	35-46	C:failed-vote	batch-04	imported	School chaplains in public school districts.
HB1457	house	1495855	2025-02-20	45-42	C:failed-vote	dropped:filter-5	Screened. A further exemption from required vaccines. Same class as HB 1454, which the operator decided to drop.	An exemption to required vaccines.
HB1458	house	1499523	2025-02-25	70-20	B:passed-chamber-died	dropped:study-only	Directs a study; the measure changes no law.	A BILL for an Act to provide for a legislative management study regarding limiting the release of self-spreading viruses and bacteria.
HB1458	senate	1526699	2025-03-25	16-29	C:failed-vote	dropped:study-only	Directs a study; the measure changes no law.	A BILL for an Act to provide for a legislative management study regarding limiting the release of self-spreading viruses and bacteria.
HB1459	house	1569429	2025-05-02	63-26	A:enacted	screened:title-and-description	Screened on the bill's title and description and not selected for a batch. Not read in full, so this is a screening decision rather than a judgment on the merits.	The definitions of critical minerals and rare earth minerals and descriptions and definitions of minerals in leases and conveyances; and to
HB1459	senate	1569430	2025-05-02	27-19	A:enacted	screened:title-and-description	Screened on the bill's title and description and not selected for a batch. Not read in full, so this is a screening decision rather than a judgment on the merits.	The definitions of critical minerals and rare earth minerals and descriptions and definitions of minerals in leases and conveyances; and to
HB1464	senate	1537480	2025-04-04	19-26	C:failed-vote	dropped:study-only	Directs a study; the measure changes no law.	A BILL for an Act to provide for a legislative management study relating to maternal care services.
HB1465	house	1498345	2025-02-24	44-47	C:failed-vote	screened:title-and-description	Screened on the bill's title and description and not selected for a batch. Not read in full, so this is a screening decision rather than a judgment on the merits.	Gaming tax reductions.
HB1467	house	1498257	2025-02-24	24-69	C:failed-vote	dropped:filter-5	Screened. Publication of vaccine adverse event data. Vaccine-adjacent, so it follows the HB 1454 decision.	The publication of vaccine adverse event data and information; and to provide for a legislative management report.
HB1469	house	1492794	2025-02-18	64-26	A:enacted-superseded-or-failed	screened:not-the-final-text	The measure became law, but this roll is not that chamber's vote on the text that became law. North Dakota records no conference or concurrence vote, so a bill amended after this roll has no later roll to use.	The statement of interests filed with the secretary of state.
HB1470	house	1542354	2025-04-09	59-32	A:enacted	screened:title-and-description	Screened on the bill's title and description and not selected for a batch. Not read in full, so this is a screening decision rather than a judgment on the merits.	Hunting, fishing, and gun dog activity fees and hunting guide and outfitter licensing requirements.
HB1472	house	1499532	2025-02-25	41-49	C:failed-vote	screened:title-and-description	Screened on the bill's title and description and not selected for a batch. Not read in full, so this is a screening decision rather than a judgment on the merits.	The authorization of microschools.
HB1475	house	1498084	2025-02-24	39-54	C:failed-vote	batch-04	imported	Providing breakfast and lunch to all students of participating entities, including school districts, nonpublic schools, and tribal schools,
HB1476	senate	1536829	2025-04-03	28-19	A:enacted	screened:title-and-description	Screened on the bill's title and description and not selected for a batch. Not read in full, so this is a screening decision rather than a judgment on the merits.	The assessment of all public school buildings.
HB1477	house	1488037	2025-02-12	34-59	C:failed-vote	batch-04	imported	Fertility health care treatment rights; and to provide a penalty.
HB1478	house	1488325	2025-02-12	27-66	C:failed-vote	batch-04	imported	Contraceptive health care rights; and to provide a penalty.
HB1486	house	1492889	2025-02-18	28-60	C:failed-vote	screened:title-and-description	Screened on the bill's title and description and not selected for a batch. Not read in full, so this is a screening decision rather than a judgment on the merits.	Unauthorized metering.
HB1487	house	1495700	2025-02-20	69-18	A:enacted-superseded-or-failed	screened:not-the-final-text	The measure became law, but this roll is not that chamber's vote on the text that became law. North Dakota records no conference or concurrence vote, so a bill amended after this roll has no later roll to use.	AN ACT to authorize the department of transportation to transfer real property to the office of management and budget; to provide an appropr
HB1491	house	1494293	2025-02-19	22-71	C:failed-vote	screened:title-and-description	Screened on the bill's title and description and not selected for a batch. Not read in full, so this is a screening decision rather than a judgment on the merits.	Student eligibility for high school sports and activities.
HB1493	house	1492929	2025-02-18	22-67	C:failed-vote	screened:title-and-description	Screened on the bill's title and description and not selected for a batch. Not read in full, so this is a screening decision rather than a judgment on the merits.	The office of legal immigration.
HB1494	house	1499653	2025-02-25	23-69	C:failed-vote	screened:title-and-description	Screened on the bill's title and description and not selected for a batch. Not read in full, so this is a screening decision rather than a judgment on the merits.	The determination of weighted average daily membership; to provide an effective date; and to declare an emergency.
HB1496	house	1487194	2025-02-11	70-19	B:passed-chamber-died	batch-03	imported	Landlord obligations owed to a tenant.
HB1496	senate	1526816	2025-03-25	11-35	C:failed-vote	screened:title-and-description	Screened on the bill's title and description and not selected for a batch. Not read in full, so this is a screening decision rather than a judgment on the merits.	Landlord obligations owed to a tenant.
HB1497	senate	1518078	2025-03-14	28-19	A:enacted	batch-02	imported	Age requirements for an approved four-year old program; and eligibility for the best in class program.
HB1500	senate	1528220	2025-03-26	31-16	A:enacted	batch-02	imported	Nonconforming structures in counties, cities, and townships.
HB1502	house	1483734	2025-02-06	19-74	C:failed-vote	screened:title-and-description	Screened on the bill's title and description and not selected for a batch. Not read in full, so this is a screening decision rather than a judgment on the merits.	The growth of the state general fund budget.
HB1510	senate	1540721	2025-04-08	22-24	C:failed-vote	dropped:study-only	Directs a study; the measure changes no law.	Financial planning resources for new teachers and onsite child care; and to provide for a legislative management study.
HB1511	house	1498479	2025-02-24	74-19	A:enacted-superseded-or-failed	screened:not-the-final-text	The measure became law, but this roll is not that chamber's vote on the text that became law. North Dakota records no conference or concurrence vote, so a bill amended after this roll has no later roll to use.	Limitations on the performance of an abortion; to provide an appropriation; to provide an effective date; and to declare an emergency.
HB1512	house	1485628	2025-02-10	65-25	B:passed-chamber-died	screened:title-and-description	Screened on the bill's title and description and not selected for a batch. Not read in full, so this is a screening decision rather than a judgment on the merits.	An individual's ability to file a complaint.
HB1514	house	1498121	2025-02-24	28-63	C:failed-vote	screened:title-and-description	Screened on the bill's title and description and not selected for a batch. Not read in full, so this is a screening decision rather than a judgment on the merits.	Harmful atmospheric activity; and to provide a penalty.
HB1517	house	1487070	2025-02-11	22-67	C:failed-vote	screened:title-and-description	Screened on the bill's title and description and not selected for a batch. Not read in full, so this is a screening decision rather than a judgment on the merits.	The creation of the North Dakota student teacher scholarship program; and to provide an appropriation.
HB1519	house	1495895	2025-02-20	33-54	C:failed-vote	dropped:filter-5	Screened. Death and vaccination records. Vaccine-adjacent, so it follows the HB 1454 decision.	Death and vaccination records.
HB1521	house	1482610	2025-02-05	19-73	C:failed-vote	screened:title-and-description	Screened on the bill's title and description and not selected for a batch. Not read in full, so this is a screening decision rather than a judgment on the merits.	A motor vehicle excise tax exemption for enrolled tribal members; and to declare an emergency.
HB1523	house	1482663	2025-02-05	39-52	C:failed-vote	excluded:appropriation	Agency appropriation act, excluded by the standing campaign rule.	A BILL for an Act to provide an appropriation to the parks and recreation department for a ski resort infrastructure grant; and to declare a
HB1524	house	1559606	2025-04-28	70-20	A:enacted-superseded-or-failed	screened:not-the-final-text	The measure became law, but this roll is not that chamber's vote on the text that became law. North Dakota records no conference or concurrence vote, so a bill amended after this roll has no later roll to use.	Regional planning council grants from the department of commerce.
HB1524	senate	1546372	2025-04-11	36-10	A:enacted-superseded-or-failed	screened:not-the-final-text	The measure became law, but this roll is not that chamber's vote on the text that became law. North Dakota records no conference or concurrence vote, so a bill amended after this roll has no later roll to use.	Regional planning council grants from the department of commerce.
HB1525	senate	1536711	2025-04-03	13-34	C:failed-vote	screened:title-and-description	Screened on the bill's title and description and not selected for a batch. Not read in full, so this is a screening decision rather than a judgment on the merits.	The structure of the state gaming commission and the administration and regulation of games of chance; to provide an appropriation; and to p
HB1527	senate	1546220	2025-04-11	22-24	C:failed-vote	screened:title-and-description	Screened on the bill's title and description and not selected for a batch. Not read in full, so this is a screening decision rather than a judgment on the merits.	Required Holocaust education.
HB1532	house	1488441	2025-02-12	29-64	C:failed-vote	excluded:appropriation	Agency appropriation act, excluded by the standing campaign rule.	A BILL for an Act to provide an appropriation to the legislative assembly for hiring temporary legislative assistants; to provide for an ana
HB1536	house	1489731	2025-02-13	22-62	C:failed-vote	excluded:appropriation	Agency appropriation act, excluded by the standing campaign rule.	A BILL for an Act to provide an appropriation to the department of public instruction to implement a Native American history curriculum; and
HB1538	house	1498114	2025-02-24	38-55	C:failed-vote	screened:title-and-description	Screened on the bill's title and description and not selected for a batch. Not read in full, so this is a screening decision rather than a judgment on the merits.	The environment and rangeland protection fund; and to provide an appropriation.
HB1540	house	1558233	2025-04-25	45-48	C:failed-vote	dropped:filter-5	Screened. Education savings accounts. Same school-choice reason as SB 2241.	An education savings account program for students who are not enrolled in public school or a homeschool program; to provide an appropriation
HB1540	senate	1551513	2025-04-17	27-20	B:passed-chamber-died	dropped:filter-5	Screened. Education savings accounts. Same school-choice reason as SB 2241.	An education savings account program for students who are not enrolled in public school or a homeschool program; to provide an appropriation
HB1544	house	1491548	2025-02-17	27-63	C:failed-vote	screened:title-and-description	Screened on the bill's title and description and not selected for a batch. Not read in full, so this is a screening decision rather than a judgment on the merits.	Drainage permits.
HB1549	house	1542438	2025-04-09	62-29	A:enacted	dropped:study-only	Directs a study; the measure changes no law.	Offenders released from the department of corrections and rehabilitation; to provide for a statement of legislative intent; to provide for a
HB1552	house	1478466	2025-01-31	38-51	C:failed-vote	screened:title-and-description	Screened on the bill's title and description and not selected for a batch. Not read in full, so this is a screening decision rather than a judgment on the merits.	Limitation of the rate of home rule sales, use, or gross receipts taxes; and to provide an effective date.
HB1555	house	1492827	2025-02-18	56-35	B:passed-chamber-died	screened:title-and-description	Screened on the bill's title and description and not selected for a batch. Not read in full, so this is a screening decision rather than a judgment on the merits.	Statements of ownership filed with the secretary of state; and to provide a penalty.
HB1559	house	1487195	2025-02-11	31-58	C:failed-vote	screened:title-and-description	Screened on the bill's title and description and not selected for a batch. Not read in full, so this is a screening decision rather than a judgment on the merits.	Limitations on taxable valuation of residential property; and to provide an effective date.
HB1560	house	1487071	2025-02-11	29-60	C:failed-vote	screened:title-and-description	Screened on the bill's title and description and not selected for a batch. Not read in full, so this is a screening decision rather than a judgment on the merits.	A primary residence long-term homeowner property valuation reduction; and to provide an effective date.
HB1566	senate	1548845	2025-04-15	31-15	A:enacted	dropped:study-only	Directs a study; the measure changes no law.	AN ACT to provide for a legislative management study relating to the potential uses of kratom and the implementation of regulations of krato
HB1568	senate	1525012	2025-03-24	18-26	C:failed-vote	screened:title-and-description	Screened on the bill's title and description and not selected for a batch. Not read in full, so this is a screening decision rather than a judgment on the merits.	The creation of the North Dakota Ireland trade commission; to provide for a legislative management report; and to provide an expiration date
HB1569	house	1496936	2025-02-21	25-65	C:failed-vote	screened:title-and-description	Screened on the bill's title and description and not selected for a batch. Not read in full, so this is a screening decision rather than a judgment on the merits.	Human trafficking awareness and prevention curriculum.
HB1570	house	1489785	2025-02-13	32-53	C:failed-vote	screened:title-and-description	Screened on the bill's title and description and not selected for a batch. Not read in full, so this is a screening decision rather than a judgment on the merits.	The tax imposed on cigarettes and other tobacco products; to provide a penalty; and to provide an effective date.
HB1571	house	1478367	2025-01-31	30-58	C:failed-vote	screened:title-and-description	Screened on the bill's title and description and not selected for a batch. Not read in full, so this is a screening decision rather than a judgment on the merits.	The sales tax exemption for raw materials, single-use product contact systems, and reagents used for biologic manufacturing; and to provide
HB1573	house	1490654	2025-02-14	23-61	C:failed-vote	screened:title-and-description	Screened on the bill's title and description and not selected for a batch. Not read in full, so this is a screening decision rather than a judgment on the merits.	The imposition of a pore space utilization tax and creation of a North Dakota disaster fund; and to provide an effective date.
HB1574	house	1490655	2025-02-14	20-64	C:failed-vote	screened:title-and-description	Screened on the bill's title and description and not selected for a batch. Not read in full, so this is a screening decision rather than a judgment on the merits.	The authority of the industrial commission; to provide for application; and to provide an expiration date.
HB1576	house	1491632	2025-02-17	39-51	C:failed-vote	dropped:study-only	Directs a study; the measure changes no law.	A BILL for an Act to provide for a legislative management study of the oil and gas tax revenue allocation formulas.
HB1580	house	1487061	2025-02-11	72-18	A:enacted-superseded-or-failed	screened:not-the-final-text	The measure became law, but this roll is not that chamber's vote on the text that became law. North Dakota records no conference or concurrence vote, so a bill amended after this roll has no later roll to use.	AN ACT to provide for a legislative management study relating to state employee compensation levels.
HB1583	house	1492873	2025-02-18	55-34	B:passed-chamber-died	batch-03	imported	False political advertisements; and to provide a penalty.
HB1583	senate	1534534	2025-04-02	11-36	C:failed-vote	screened:title-and-description	Screened on the bill's title and description and not selected for a batch. Not read in full, so this is a screening decision rather than a judgment on the merits.	False political advertisements; and to provide a penalty.
HB1585	house	1484084	2025-02-07	41-50	C:failed-vote	batch-04	imported	A requirement for peace officers to report undocumented immigrants to United States immigration and customs.
HB1586	house	1488287	2025-02-12	22-71	C:failed-vote	screened:title-and-description	Screened on the bill's title and description and not selected for a batch. Not read in full, so this is a screening decision rather than a judgment on the merits.	The primary residence credit, setoff of income tax refunds for payment of delinquent real property and special assessment taxes, and elimina
HB1588	house	1499679	2025-02-25	49-43	A:enacted-superseded-or-failed	screened:not-the-final-text	The measure became law, but this roll is not that chamber's vote on the text that became law. North Dakota records no conference or concurrence vote, so a bill amended after this roll has no later roll to use.	Dangerous weapons, the possession of a firearm or dangerous weapon at a public gathering, testing for a license to carry a firearm or danger
HB1590	house	1489833	2025-02-13	47-40	C:failed-vote	screened:title-and-description	Screened on the bill's title and description and not selected for a batch. Not read in full, so this is a screening decision rather than a judgment on the merits.	A student education services account pilot program; and to provide an appropriation.
HB1593	house	1491602	2025-02-17	36-53	C:failed-vote	screened:title-and-description	Screened on the bill's title and description and not selected for a batch. Not read in full, so this is a screening decision rather than a judgment on the merits.	A covered platform's liability for publishing or distributing sexual material harmful to a minor; and to provide a penalty.
HB1594	senate	1530509	2025-03-28	23-22	C:failed-vote	screened:title-and-description	Screened on the bill's title and description and not selected for a batch. Not read in full, so this is a screening decision rather than a judgment on the merits.	Health care facility and preferred provider compliance with medical cost transparency requirements; and to provide a penalty.
HB1596	senate	1542439	2025-04-09	13-33	C:failed-vote	screened:title-and-description	Screened on the bill's title and description and not selected for a batch. Not read in full, so this is a screening decision rather than a judgment on the merits.	Penalties for the ingestion and possession of marijuana, tetrahydrocannabinol, or paraphernalia; and to provide a penalty.
HB1600	house	1553037	2025-04-21	64-29	done:batch-01	batch-01	imported	The establishment of the immigration law clinic at the university of North Dakota school of law; to provide for a report; and to provide an
HB1600	senate	1545164	2025-04-10	34-13	done:batch-01	batch-01	imported	The establishment of the immigration law clinic at the university of North Dakota school of law; to provide for a report; and to provide an
HB1602	house	1494465	2025-02-19	72-18	A:enacted	screened:title-and-description	Screened on the bill's title and description and not selected for a batch. Not read in full, so this is a screening decision rather than a judgment on the merits.	Political subdivision participation in the public employees retirement system defined contribution retirement plan.
HB1604	house	1499660	2025-02-25	19-71	C:failed-vote	screened:title-and-description	Screened on the bill's title and description and not selected for a batch. Not read in full, so this is a screening decision rather than a judgment on the merits.	The funding of kindergarten through grade twelve school construction; to provide an appropriation; and to provide an expiration date.
HB1605	house	1494351	2025-02-19	40-53	C:failed-vote	dropped:filter-5	Screened. Would prohibit water fluoridation. The operator does not accept the mainstream-consensus tiebreak on fluoride, so no direction can be assumed.	The prohibition on water fluoridation; to provide a penalty; and to provide an effective date.
HB1609	house	1499557	2025-02-25	20-70	C:failed-vote	screened:title-and-description	Screened on the bill's title and description and not selected for a batch. Not read in full, so this is a screening decision rather than a judgment on the merits.	Admission to the bar examination through an apprenticeship program developed, established, and implemented by the supreme court.
HB1611	house	1495890	2025-02-20	24-62	C:failed-vote	dropped:study-only	Directs a study; the measure changes no law.	A BILL for an Act to provide for a legislative management study regarding oil and chemical spills on state highways within the Fort Berthold
HB1615	house	1478334	2025-01-31	52-37	A:enacted-superseded-or-failed	screened:not-the-final-text	The measure became law, but this roll is not that chamber's vote on the text that became law. North Dakota records no conference or concurrence vote, so a bill amended after this roll has no later roll to use.	Securing approval for a gaming site authorization.
HCR3002	house	1473266	2025-01-22	24-70	C:failed-vote	screened:title-and-description	Screened on the bill's title and description and not selected for a batch. Not read in full, so this is a screening decision rather than a judgment on the merits.	Authorizing sports betting.
HCR3003	house	1476576	2025-01-29	65-28	A:enacted	dropped:filter-5	Read in full. Would raise the threshold for approving a constitutional amendment to sixty percent, and goes to the voters. Under the Arkansas ballot-initiative rule a measure limiting who may take part, or how hard it is to legislate, carries no honest direction.	The threshold for approving a constitutional amendment.
HCR3003	senate	1542620	2025-04-09	33-13	A:enacted	dropped:filter-5	Read in full. Would raise the threshold for approving a constitutional amendment to sixty percent, and goes to the voters. Under the Arkansas ballot-initiative rule a measure limiting who may take part, or how hard it is to legislate, carries no honest direction.	The threshold for approving a constitutional amendment.
HCR3012	house	1489669	2025-02-13	43-42	C:failed-vote	screened:title-and-description	Screened on the bill's title and description and not selected for a batch. Not read in full, so this is a screening decision rather than a judgment on the merits.	The statewide property tax levy of one mill for support of the state medical center at the University of North Dakota; and to provide an eff
HCR3034	house	1519078	2025-03-17	20-72	C:failed-vote	screened:title-and-description	Screened on the bill's title and description and not selected for a batch. Not read in full, so this is a screening decision rather than a judgment on the merits.	Prohibiting the legislative assembly from proposing certain amendments to article XV of the Constitution of North Dakota; and to provide for
HCR3036	house	1519161	2025-03-17	43-49	C:failed-vote	screened:title-and-description	Screened on the bill's title and description and not selected for a batch. Not read in full, so this is a screening decision rather than a judgment on the merits.	Sessions of the legislative assembly; and to provide an effective date.
SB2001	house	1549150	2025-04-15	62-29	A:enacted-superseded-or-failed	screened:not-the-final-text	The measure became law, but this roll is not that chamber's vote on the text that became law. North Dakota records no conference or concurrence vote, so a bill amended after this roll has no later roll to use.	Use of legislative rooms and halls and legislative compensation; to provide a statement of legislative intent; to provide for a report; to p
SB2002	house	1552594	2025-04-21	73-19	A:enacted-superseded-or-failed	screened:not-the-final-text	The measure became law, but this roll is not that chamber's vote on the text that became law. North Dakota records no conference or concurrence vote, so a bill amended after this roll has no later roll to use.	The salaries of justices of the supreme court and salaries of district court judges; to provide for transfers; to provide for a report; and
SB2003	house	1569378	2025-05-02	69-18	A:enacted	dropped:study-only	Directs a study; the measure changes no law.	The naming of the Bismarck state college polytechnic center; to authorize the state board of higher education to issue and sell bonds for ca
SB2004	house	1569844	2025-05-02	71-19	A:enacted	screened:title-and-description	Screened on the bill's title and description and not selected for a batch. Not read in full, so this is a screening decision rather than a judgment on the merits.	Immunity from criminal prosecution, definitions, ethics commission meetings, complaints, an informal resolution process, law enforcement ref
SB2004	senate	1487083	2025-02-11	25-21	A:enacted-superseded-or-failed	screened:not-the-final-text	The measure became law, but this roll is not that chamber's vote on the text that became law. North Dakota records no conference or concurrence vote, so a bill amended after this roll has no later roll to use.	Immunity from criminal prosecution, definitions, ethics commission meetings, complaints, an informal resolution process, law enforcement ref
SB2010	house	1561452	2025-04-29	61-30	A:enacted	excluded:appropriation	Agency appropriation act, excluded by the standing campaign rule.	AN ACT to provide an appropriation for defraying the expenses of the council on the arts; to provide for a transfer; to provide for a report
SB2010	senate	1559602	2025-04-28	34-13	A:enacted-superseded-or-failed	screened:not-the-final-text	The measure became law, but this roll is not that chamber's vote on the text that became law. North Dakota records no conference or concurrence vote, so a bill amended after this roll has no later roll to use.	AN ACT to provide an appropriation for defraying the expenses of the council on the arts; to provide for a transfer; to provide for a report
SB2012	house	1558301	2025-04-25	61-31	A:enacted-superseded-or-failed	screened:not-the-final-text	The measure became law, but this roll is not that chamber's vote on the text that became law. North Dakota records no conference or concurrence vote, so a bill amended after this roll has no later roll to use.	Legacy fund definitions, a legacy earnings fund, the legacy earnings highway distribution fund, and legacy earnings township highway aid fun
SB2013	house	1543165	2025-04-09	67-22	A:enacted-superseded-or-failed	screened:not-the-final-text	The measure became law, but this roll is not that chamber's vote on the text that became law. North Dakota records no conference or concurrence vote, so a bill amended after this roll has no later roll to use.	AN ACT to provide an appropriation for defraying the expenses of the commissioner of university and school lands; to provide for distributio
SB2014	house	1557864	2025-04-24	71-19	A:enacted-superseded-or-failed	screened:not-the-final-text	The measure became law, but this roll is not that chamber's vote on the text that became law. North Dakota records no conference or concurrence vote, so a bill amended after this roll has no later roll to use.	A transfer from the strategic investment and improvements fund to the clean sustainable energy fund; to provide a deficiency appropriation;
SB2015	house	1564391	2025-05-01	70-20	A:enacted	excluded:appropriation	Agency appropriation act, excluded by the standing campaign rule.	AN ACT to provide an appropriation for defraying the expenses of the department of corrections and rehabilitation; to authorize a line of cr
SB2018	house	1569484	2025-05-02	66-22	A:enacted	screened:title-and-description	Screened on the bill's title and description and not selected for a batch. Not read in full, so this is a screening decision rather than a judgment on the merits.	The purpose of the North Dakota development fund, duties and talent strategy of the division of workforce development, the uncrewed aircraft
SB2018	senate	1564335	2025-05-01	27-17	A:enacted-superseded-or-failed	screened:not-the-final-text	The measure became law, but this roll is not that chamber's vote on the text that became law. North Dakota records no conference or concurrence vote, so a bill amended after this roll has no later roll to use.	The purpose of the North Dakota development fund, duties and talent strategy of the division of workforce development, the uncrewed aircraft
SB2020	house	1559046	2025-04-28	70-18	A:enacted	excluded:appropriation	Agency appropriation act, excluded by the standing campaign rule.	AN ACT to provide an appropriation for defraying the expenses of the North Dakota state university extension service, northern crops institu
SB2023	house	1543161	2025-04-09	65-25	A:enacted	excluded:appropriation	Agency appropriation act, excluded by the standing campaign rule.	AN ACT to provide an appropriation for defraying the expenses of the North Dakota racing commission.
SB2025	house	1548905	2025-04-15	69-22	A:enacted	screened:title-and-description	Screened on the bill's title and description and not selected for a batch. Not read in full, so this is a screening decision rather than a judgment on the merits.	The administrative committee on veterans' affairs; to provide for a transfer; to provide an exemption; and to declare an emergency.
SB2026	senate	1472476	2025-01-20	23-24	C:failed-vote	screened:title-and-description	Screened on the bill's title and description and not selected for a batch. Not read in full, so this is a screening decision rather than a judgment on the merits.	Required filings for foreign persons investing in agricultural lands; to provide a penalty; and to provide a contingent effective date.
SB2028	house	1483803	2025-02-06	59-34	A:enacted	screened:title-and-description	Screened on the bill's title and description and not selected for a batch. Not read in full, so this is a screening decision rather than a judgment on the merits.	The budget approval process and reports of the department of financial institutions; to provide a continuing appropriation; to provide for a
SB2029	senate	1496745	2025-02-21	24-23	A:enacted-superseded-or-failed	screened:not-the-final-text	The measure became law, but this roll is not that chamber's vote on the text that became law. North Dakota records no conference or concurrence vote, so a bill amended after this roll has no later roll to use.	The task force on guardianship monitoring and transition requirements; to provide a penalty; to provide for a report; to provide an appropri
SB2035	senate	1471952	2025-01-16	27-20	B:passed-chamber-died	screened:title-and-description	Screened on the bill's title and description and not selected for a batch. Not read in full, so this is a screening decision rather than a judgment on the merits.	The definitions of an educational organization and public-spirited organization, and raffles; and to provide for application.
SB2037	house	1545160	2025-04-10	66-26	A:enacted	screened:title-and-description	Screened on the bill's title and description and not selected for a batch. Not read in full, so this is a screening decision rather than a judgment on the merits.	Delinquency; to provide an appropriation; and to provide a penalty.
SB2039	senate	1473997	2025-01-23	33-14	A:enacted-superseded-or-failed	screened:not-the-final-text	The measure became law, but this roll is not that chamber's vote on the text that became law. North Dakota records no conference or concurrence vote, so a bill amended after this roll has no later roll to use.	The definition of agricultural property and the farm structure and improvements property tax exemption; and to provide an effective date.
SB2054	house	1511962	2025-03-10	25-67	C:failed-vote	screened:title-and-description	Screened on the bill's title and description and not selected for a batch. Not read in full, so this is a screening decision rather than a judgment on the merits.	The master jury list; and to provide a contingent effective date.
SB2057	house	1526789	2025-03-25	64-24	A:enacted	screened:title-and-description	Screened on the bill's title and description and not selected for a batch. Not read in full, so this is a screening decision rather than a judgment on the merits.	Court fees.
SB2062	senate	1472170	2025-01-17	36-11	B:passed-chamber-died	screened:title-and-description	Screened on the bill's title and description and not selected for a batch. Not read in full, so this is a screening decision rather than a judgment on the merits.	Bidding requirements for construction contracts.
SB2069	senate	1550374	2025-04-16	32-15	A:enacted	batch-02	imported	Publication requirements for legal notices.
SB2084	house	1519998	2025-03-18	72-21	A:enacted	screened:title-and-description	Screened on the bill's title and description and not selected for a batch. Not read in full, so this is a screening decision rather than a judgment on the merits.	Authorized travel expense and lodging reimbursement rates.
SB2086	house	1521430	2025-03-19	68-25	A:enacted	dropped:filter-5	Read in full. Almost entirely definitional modernizing of the pesticide chapter, plus certification standards. Technical, with no direction to score.	Pesticide control.
SB2093	senate	1564365	2025-05-01	11-35	C:failed-vote	screened:title-and-description	Screened on the bill's title and description and not selected for a batch. Not read in full, so this is a screening decision rather than a judgment on the merits.	An income tax deduction for retired law enforcement personnel benefits; and to provide for retroactive application.
SB2095	senate	1472065	2025-01-16	14-33	C:failed-vote	screened:title-and-description	Screened on the bill's title and description and not selected for a batch. Not read in full, so this is a screening decision rather than a judgment on the merits.	Excusing law enforcement officers from jury duty; and to provide for application.
SB2097	house	1549449	2025-04-15	20-72	C:failed-vote	screened:title-and-description	Screened on the bill's title and description and not selected for a batch. Not read in full, so this is a screening decision rather than a judgment on the merits.	The creation of a rural community endowment fund and a rural community endowment fund committee; to provide an appropriation for the rural c
SB2097	senate	1494441	2025-02-19	31-16	B:passed-chamber-died	screened:title-and-description	Screened on the bill's title and description and not selected for a batch. Not read in full, so this is a screening decision rather than a judgment on the merits.	The creation of a rural community endowment fund and a rural community endowment fund committee; to provide an appropriation for the rural c
SB2099	senate	1473417	2025-01-22	14-33	C:failed-vote	screened:title-and-description	Screened on the bill's title and description and not selected for a batch. Not read in full, so this is a screening decision rather than a judgment on the merits.	Cardiac arrest prevention and education for student athletes and coaches.
SB2104	house	1537345	2025-04-04	44-47	C:failed-vote	screened:title-and-description	Screened on the bill's title and description and not selected for a batch. Not read in full, so this is a screening decision rather than a judgment on the merits.	School district compliance with education-related law and rule.
SB2105	house	1524347	2025-03-21	40-44	C:failed-vote	screened:title-and-description	Screened on the bill's title and description and not selected for a batch. Not read in full, so this is a screening decision rather than a judgment on the merits.	The administration of surveys to students in kindergarten through grade twelve schools.
SB2105	senate	1496031	2025-02-20	25-22	B:passed-chamber-died	screened:title-and-description	Screened on the bill's title and description and not selected for a batch. Not read in full, so this is a screening decision rather than a judgment on the merits.	The administration of surveys to students in kindergarten through grade twelve schools.
SB2106	senate	1484132	2025-02-07	18-29	C:failed-vote	screened:title-and-description	Screened on the bill's title and description and not selected for a batch. Not read in full, so this is a screening decision rather than a judgment on the merits.	Weather modification; and to provide a penalty.
SB2109	house	1530520	2025-03-28	70-20	A:enacted	screened:title-and-description	Screened on the bill's title and description and not selected for a batch. Not read in full, so this is a screening decision rather than a judgment on the merits.	The definition of disability, the definition of electronic means, forms and decisions issued by electronic means, requests for rehearing of
SB2112	house	1538465	2025-04-07	65-25	A:enacted-superseded-or-failed	screened:not-the-final-text	The measure became law, but this roll is not that chamber's vote on the text that became law. North Dakota records no conference or concurrence vote, so a bill amended after this roll has no later roll to use.	The life skills and transition center; to provide for a legislative management report; to provide for a department of health and human servi
SB2112	senate	1552577	2025-04-21	36-11	A:enacted-superseded-or-failed	screened:not-the-final-text	The measure became law, but this roll is not that chamber's vote on the text that became law. North Dakota records no conference or concurrence vote, so a bill amended after this roll has no later roll to use.	The life skills and transition center; to provide for a legislative management report; to provide for a department of health and human servi
SB2115	senate	1472165	2025-01-17	18-29	C:failed-vote	screened:title-and-description	Screened on the bill's title and description and not selected for a batch. Not read in full, so this is a screening decision rather than a judgment on the merits.	Limitation of liability for children residing at the Heart River correctional center.
SB2128	house	1536225	2025-04-03	41-52	C:failed-vote	screened:title-and-description	Screened on the bill's title and description and not selected for a batch. Not read in full, so this is a screening decision rather than a judgment on the merits.	Transparent sentencing of criminal offenders, transfer of persons between correctional facilities, work release eligibility and conditions f
SB2128	senate	1499571	2025-02-25	28-18	B:passed-chamber-died	screened:title-and-description	Screened on the bill's title and description and not selected for a batch. Not read in full, so this is a screening decision rather than a judgment on the merits.	Transparent sentencing of criminal offenders, transfer of persons between correctional facilities, work release eligibility and conditions f
SB2131	senate	1491609	2025-02-17	16-29	C:failed-vote	screened:title-and-description	Screened on the bill's title and description and not selected for a batch. Not read in full, so this is a screening decision rather than a judgment on the merits.	Workforce training center funding distribution.
SB2137	house	1546194	2025-04-11	56-34	A:enacted	screened:title-and-description	Screened on the bill's title and description and not selected for a batch. Not read in full, so this is a screening decision rather than a judgment on the merits.	The use of supplemental feed for hunting; and to provide an expiration date.
SB2137	senate	1476682	2025-01-29	31-15	A:enacted-superseded-or-failed	screened:not-the-final-text	The measure became law, but this roll is not that chamber's vote on the text that became law. North Dakota records no conference or concurrence vote, so a bill amended after this roll has no later roll to use.	The use of supplemental feed for hunting; and to provide an expiration date.
SB2147	house	1559530	2025-04-28	63-26	A:enacted	screened:title-and-description	Screened on the bill's title and description and not selected for a batch. Not read in full, so this is a screening decision rather than a judgment on the merits.	The skilled workforce student loan repayment and scholarship programs, Native American scholarships, and the North Dakota scholarship; and t
SB2155	senate	1549161	2025-04-15	30-16	A:enacted	screened:title-and-description	Screened on the bill's title and description and not selected for a batch. Not read in full, so this is a screening decision rather than a judgment on the merits.	Gratis antelope licenses.
SB2158	house	1537254	2025-04-04	59-31	A:enacted	screened:title-and-description	Screened on the bill's title and description and not selected for a batch. Not read in full, so this is a screening decision rather than a judgment on the merits.	The distribution of the unobligated cash balance of a dissolved school district.
SB2159	house	1543022	2025-04-09	57-32	A:enacted	batch-02	imported	Projects the state energy research center is permitted to pursue.
SB2160	house	1550013	2025-04-16	55-37	B:passed-chamber-died	screened:title-and-description	Screened on the bill's title and description and not selected for a batch. Not read in full, so this is a screening decision rather than a judgment on the merits.	Health insurance benefits coverage provided by the uniform group insurance program; to provide an appropriation; to provide for a statement
SB2160	senate	1564387	2025-05-01	31-15	C:failed-vote	screened:title-and-description	Screened on the bill's title and description and not selected for a batch. Not read in full, so this is a screening decision rather than a judgment on the merits.	Health insurance benefits coverage provided by the uniform group insurance program; to provide an appropriation; to provide for a statement
SB2166	senate	1477661	2025-01-30	13-32	C:failed-vote	screened:title-and-description	Screened on the bill's title and description and not selected for a batch. Not read in full, so this is a screening decision rather than a judgment on the merits.	A property tax information portal; to provide a report; and to provide an appropriation.
SB2174	house	1526600	2025-03-25	66-25	A:enacted	batch-02	imported	The regulation of odors in an animal feeding operation and zoning authority over animal feeding operations in counties and townships; and to
SB2177	house	1518882	2025-03-17	71-21	A:enacted	screened:title-and-description	Screened on the bill's title and description and not selected for a batch. Not read in full, so this is a screening decision rather than a judgment on the merits.	County budget limits and the allocation of sales tax revenue; to provide a continuing appropriation; and to provide an expiration date.
SB2181	senate	1477642	2025-01-30	16-29	C:failed-vote	screened:title-and-description	Screened on the bill's title and description and not selected for a batch. Not read in full, so this is a screening decision rather than a judgment on the merits.	Workers' compensation coverage for posttraumatic stress disorder; to provide for application; and to provide an expiration date.
SB2184	senate	1478405	2025-01-31	18-26	C:failed-vote	screened:title-and-description	Screened on the bill's title and description and not selected for a batch. Not read in full, so this is a screening decision rather than a judgment on the merits.	Additional parenting time after a false allegation of harm to a child.
SB2186	senate	1550230	2025-04-16	27-20	A:enacted	screened:title-and-description	Screened on the bill's title and description and not selected for a batch. Not read in full, so this is a screening decision rather than a judgment on the merits.	Interference with court-ordered parenting time; to create a child custody review task force; to provide for a legislative management report;
SB2188	house	1561427	2025-04-29	65-26	A:enacted	screened:title-and-description	Screened on the bill's title and description and not selected for a batch. Not read in full, so this is a screening decision rather than a judgment on the merits.	The membership of the clean sustainable energy authority and the clean sustainable energy fund line of credit; and to provide for a transfer
SB2192	senate	1490666	2025-02-14	13-31	C:failed-vote	excluded:appropriation	Agency appropriation act, excluded by the standing campaign rule.	A BILL for an Act to provide an appropriation to the department of health and human services for accreditation grants for community provider
SB2197	senate	1475071	2025-01-27	15-32	C:failed-vote	screened:title-and-description	Screened on the bill's title and description and not selected for a batch. Not read in full, so this is a screening decision rather than a judgment on the merits.	Deer hunting with a crossbow.
SB2205	house	1518675	2025-03-17	67-25	A:enacted	screened:title-and-description	Screened on the bill's title and description and not selected for a batch. Not read in full, so this is a screening decision rather than a judgment on the merits.	The charitable gaming operating fund.
SB2206	senate	1482284	2025-02-05	9-36	C:failed-vote	screened:title-and-description	Screened on the bill's title and description and not selected for a batch. Not read in full, so this is a screening decision rather than a judgment on the merits.	Civil actions having three-year limitations.
SB2208	senate	1496851	2025-02-21	19-27	C:failed-vote	screened:title-and-description	Screened on the bill's title and description and not selected for a batch. Not read in full, so this is a screening decision rather than a judgment on the merits.	The state share of oil and gas tax revenue allocations, the municipal infrastructure fund, and the county and township infrastructure fund.
SB2213	house	1557560	2025-04-24	63-30	A:enacted	batch-02	imported	Mathematics curriculum, professional development, screening and intervention, related administrative rules and reporting requirements, and m
SB2213	senate	1555429	2025-04-23	31-16	A:enacted-superseded-or-failed	screened:not-the-final-text	The measure became law, but this roll is not that chamber's vote on the text that became law. North Dakota records no conference or concurrence vote, so a bill amended after this roll has no later roll to use.	Mathematics curriculum, professional development, screening and intervention, related administrative rules and reporting requirements, and m
SB2214	senate	1498520	2025-02-24	29-18	A:enacted-superseded-or-failed	screened:not-the-final-text	The measure became law, but this roll is not that chamber's vote on the text that became law. North Dakota records no conference or concurrence vote, so a bill amended after this roll has no later roll to use.	The insurance commissioner assuming the duties of the securities commissioner; to provide for a transfer; to provide an effective date; and
SB2215	senate	1498456	2025-02-24	19-28	C:failed-vote	screened:title-and-description	Screened on the bill's title and description and not selected for a batch. Not read in full, so this is a screening decision rather than a judgment on the merits.	Limitations on the introduction of legislative bills prepared by executive branch agencies and the judicial branch.
SB2216	house	1541093	2025-04-08	67-26	A:enacted	screened:title-and-description	Screened on the bill's title and description and not selected for a batch. Not read in full, so this is a screening decision rather than a judgment on the merits.	Waterfowl habitat restoration stamp fees and the waterfowl habitat improvement fund.
SB2218	house	1537292	2025-04-04	68-22	A:enacted	excluded:appropriation	Agency appropriation act, excluded by the standing campaign rule.	AN ACT to provide an appropriation to the insurance commissioner for a North Dakota firefighter's association grant; and to declare an emerg
SB2220	senate	1476641	2025-01-29	10-36	C:failed-vote	screened:title-and-description	Screened on the bill's title and description and not selected for a batch. Not read in full, so this is a screening decision rather than a judgment on the merits.	The implementation of operational guidelines and training for law enforcement officers and state's attorneys addressing the crimes of human
SB2224	senate	1476832	2025-01-29	25-21	B:passed-chamber-died	screened:title-and-description	Screened on the bill's title and description and not selected for a batch. Not read in full, so this is a screening decision rather than a judgment on the merits.	The gaming commission, gaming stamp requirements, and the attorney general's regulation of gaming; to provide a penalty; and to provide an a
SB2225	house	1553177	2025-04-21	65-28	B:passed-chamber-died	excluded:appropriation	Agency appropriation act, excluded by the standing campaign rule.	A BILL for an Act to provide an appropriation to the department of commerce for a housing for opportunity, mobility, and empowerment program
SB2225	senate	1570050	2025-05-02	20-26	C:failed-vote	excluded:appropriation	Agency appropriation act, excluded by the standing campaign rule.	A BILL for an Act to provide an appropriation to the department of commerce for a housing for opportunity, mobility, and empowerment program
SB2231	house	1529283	2025-03-27	33-59	C:failed-vote	screened:title-and-description	Screened on the bill's title and description and not selected for a batch. Not read in full, so this is a screening decision rather than a judgment on the merits.	Covered services for medical assistance.
SB2232	house	1541082	2025-04-08	57-36	A:enacted	screened:title-and-description	Screened on the bill's title and description and not selected for a batch. Not read in full, so this is a screening decision rather than a judgment on the merits.	Reporting requirements for prenatal exposure to alcohol misuse.
SB2238	senate	1485325	2025-02-10	35-12	A:enacted	dropped:filter-5	Screened. Sealing eviction records is eviction procedure, which the Maryland HB 767 retraction put outside housing_affordability.	Sealing of eviction records.
SB2241	house	1540074	2025-04-08	64-29	A:enacted	dropped:filter-5	Screened. Public charter schools. School choice financing has no honest direction under the standing campaign rule, and `general` is barred.	The authorization and administration of public charter schools; and to provide for a legislative management report.
SB2243	senate	1496920	2025-02-21	34-12	B:passed-chamber-died	screened:title-and-description	Screened on the bill's title and description and not selected for a batch. Not read in full, so this is a screening decision rather than a judgment on the merits.	The amount of statutory fees, entries against a driving record, points assigned to driving records, limitations on city fines and penalties,
SB2244	house	1531625	2025-03-31	41-49	C:failed-vote	screened:title-and-description	Screened on the bill's title and description and not selected for a batch. Not read in full, so this is a screening decision rather than a judgment on the merits.	A parent's interest in a child's upbringing.
SB2244	senate	1482459	2025-02-05	36-9	B:passed-chamber-died	screened:title-and-description	Screened on the bill's title and description and not selected for a batch. Not read in full, so this is a screening decision rather than a judgment on the merits.	A parent's interest in a child's upbringing.
SB2253	house	1523375	2025-03-20	54-40	A:enacted	dropped:filter-5	Read in full. Its substance is a noise rule on engine compression brakes in posted zones. No research area fits a local noise ordinance.	The definition of a moving violation; and to provide a penalty.
SB2253	senate	1527915	2025-03-26	36-11	A:enacted	dropped:filter-5	Read in full. Its substance is a noise rule on engine compression brakes in posted zones. No research area fits a local noise ordinance.	The definition of a moving violation; and to provide a penalty.
SB2256	house	1551808	2025-04-17	61-30	A:enacted-superseded-or-failed	screened:not-the-final-text	The measure became law, but this roll is not that chamber's vote on the text that became law. North Dakota records no conference or concurrence vote, so a bill amended after this roll has no later roll to use.	A research technology park grant program; to provide an appropriation; and to provide for a report.
SB2256	senate	1564364	2025-05-01	31-15	A:enacted-superseded-or-failed	screened:not-the-final-text	The measure became law, but this roll is not that chamber's vote on the text that became law. North Dakota records no conference or concurrence vote, so a bill amended after this roll has no later roll to use.	A research technology park grant program; to provide an appropriation; and to provide for a report.
SB2258	senate	1498077	2025-02-24	30-17	done:batch-01	batch-01	imported	The enforcement of agency rules.
SB2261	house	1517336	2025-03-13	56-33	B:passed-chamber-died	dropped:study-only	Directs a study; the measure changes no law.	A prison industries workforce development income tax credit; to provide for a legislative management study; and to provide an effective date
SB2269	house	1533439	2025-04-01	56-32	A:enacted	screened:title-and-description	Screened on the bill's title and description and not selected for a batch. Not read in full, so this is a screening decision rather than a judgment on the merits.	Recall petitions and recall elections for political subdivision officials.
SB2275	house	1516547	2025-03-12	68-24	A:enacted	screened:title-and-description	Screened on the bill's title and description and not selected for a batch. Not read in full, so this is a screening decision rather than a judgment on the merits.	A pilot program to provide grants to schools that provide instruction in a foreign language to students in kindergarten through grade three;
SB2281	house	1516189	2025-03-12	21-70	C:failed-vote	screened:title-and-description	Screened on the bill's title and description and not selected for a batch. Not read in full, so this is a screening decision rather than a judgment on the merits.	The definition of alternative tobacco products, transfer and allocation of tobacco products tax revenue and tax on cigarettes; to provide a
SB2281	senate	1498449	2025-02-24	26-21	B:passed-chamber-died	screened:title-and-description	Screened on the bill's title and description and not selected for a batch. Not read in full, so this is a screening decision rather than a judgment on the merits.	The definition of alternative tobacco products, transfer and allocation of tobacco products tax revenue and tax on cigarettes; to provide a
SB2285	house	1518112	2025-03-14	31-57	C:failed-vote	screened:title-and-description	Screened on the bill's title and description and not selected for a batch. Not read in full, so this is a screening decision rather than a judgment on the merits.	Judicial deference.
SB2293	house	1524083	2025-03-21	62-22	A:enacted	dropped:filter-5	Screened. Medical marijuana container sizes and records. Same reason as HB 1203.	Medical marijuana container sizes, caregivers, and documentation.
SB2294	house	1554368	2025-04-22	72-21	A:enacted	dropped:filter-5	Screened. Medical marijuana amounts and records. Same reason as HB 1203.	Allowable amounts of usable medical marijuana, medical marijuana recordkeeping, cannabinoid edible products, patient qualifications, and dis
SB2294	senate	1550040	2025-04-16	34-13	A:enacted-superseded-or-failed	dropped:filter-5	Screened. Medical marijuana amounts and records. Same reason as HB 1203.	Allowable amounts of usable medical marijuana, medical marijuana recordkeeping, cannabinoid edible products, patient qualifications, and dis
SB2303	senate	1490670	2025-02-14	20-24	C:failed-vote	screened:title-and-description	Screened on the bill's title and description and not selected for a batch. Not read in full, so this is a screening decision rather than a judgment on the merits.	An education savings account program.
SB2306	senate	1485568	2025-02-10	11-36	C:failed-vote	screened:title-and-description	Screened on the bill's title and description and not selected for a batch. Not read in full, so this is a screening decision rather than a judgment on the merits.	The establishment of a child care workforce recruitment and retention program.
SB2307	house	1547459	2025-04-14	49-45	B:passed-chamber-died	batch-03	imported	Obscenity control; to provide for a report to the legislative management; and to provide a penalty.
SB2307	senate	1558253	2025-04-25	25-20	C:failed-vote	screened:title-and-description	Screened on the bill's title and description and not selected for a batch. Not read in full, so this is a screening decision rather than a judgment on the merits.	Obscenity control; to provide for a report to the legislative management; and to provide a penalty.
SB2308	senate	1557814	2025-04-24	27-19	A:enacted-superseded-or-failed	screened:not-the-final-text	The measure became law, but this roll is not that chamber's vote on the text that became law. North Dakota records no conference or concurrence vote, so a bill amended after this roll has no later roll to use.	Occupational and professional boards, the midwest interstate passenger rail compact, prison industry advisory committee, energy policy commi
SB2317	house	1526651	2025-03-25	42-49	C:failed-vote	screened:title-and-description	Screened on the bill's title and description and not selected for a batch. Not read in full, so this is a screening decision rather than a judgment on the merits.	The revocation of a transfer of township zoning authority.
SB2317	senate	1495812	2025-02-20	27-20	B:passed-chamber-died	screened:title-and-description	Screened on the bill's title and description and not selected for a batch. Not read in full, so this is a screening decision rather than a judgment on the merits.	The revocation of a transfer of township zoning authority.
SB2319	senate	1487963	2025-02-12	21-26	C:failed-vote	dropped:study-only	Directs a study; the measure changes no law.	A BILL for an Act to provide for a legislative management study relating to periodically reconvened sessions of the legislative assembly.
SB2320	senate	1483385	2025-02-06	10-36	C:failed-vote	screened:title-and-description	Screened on the bill's title and description and not selected for a batch. Not read in full, so this is a screening decision rather than a judgment on the merits.	The carbon dioxide pipeline tax exemption; and to provide an effective date.
SB2321	house	1531464	2025-03-31	39-51	C:failed-vote	screened:title-and-description	Screened on the bill's title and description and not selected for a batch. Not read in full, so this is a screening decision rather than a judgment on the merits.	Awarding costs and fees in eminent domain proceedings.
SB2322	senate	1485314	2025-02-10	21-26	C:failed-vote	screened:title-and-description	Screened on the bill's title and description and not selected for a batch. Not read in full, so this is a screening decision rather than a judgment on the merits.	The exercise of public domain in geological storage of carbon dioxide.
SB2328	senate	1492832	2025-02-18	21-24	C:failed-vote	screened:title-and-description	Screened on the bill's title and description and not selected for a batch. Not read in full, so this is a screening decision rather than a judgment on the merits.	The bioscience innovation grant program; to provide a report; to provide a continuing appropriation; to provide an appropriation; to provide
SB2331	senate	1488380	2025-02-12	14-33	C:failed-vote	screened:title-and-description	Screened on the bill's title and description and not selected for a batch. Not read in full, so this is a screening decision rather than a judgment on the merits.	The Theodore Roosevelt national park working group; to provide a report; and to provide an appropriation.
SB2333	house	1537253	2025-04-04	65-25	A:enacted	screened:title-and-description	Screened on the bill's title and description and not selected for a batch. Not read in full, so this is a screening decision rather than a judgment on the merits.	Ethanol production incentives; to provide a continuing appropriation; to provide for a transfer; and to provide for a report.
SB2334	senate	1477670	2025-01-30	34-11	A:enacted-superseded-or-failed	screened:not-the-final-text	The measure became law, but this roll is not that chamber's vote on the text that became law. North Dakota records no conference or concurrence vote, so a bill amended after this roll has no later roll to use.	The definition of alcoholic beverage establishment for purposes of conducting gaming; and to provide for a legislative management study.
SB2339	house	1552324	2025-04-18	62-28	done:batch-01	batch-01	imported	Strict liability and a wildfire mitigation plan of a qualified utility; and to provide for a report.
SB2347	senate	1489509	2025-02-13	16-31	C:failed-vote	screened:title-and-description	Screened on the bill's title and description and not selected for a batch. Not read in full, so this is a screening decision rather than a judgment on the merits.	The authorization of historic horse race wagering and the elimination of simulcast dog racing under the certificate system; and to provide a
SB2348	house	1530325	2025-03-28	72-19	A:enacted	dropped:filter-5	Read in full. Lets a health care sharing ministry satisfy a college coverage requirement. Cheaper for students but a sharing ministry is not insurance and need not pay, and the area's own words include quality of care.	The acceptance of health care sharing ministries by an institution of higher education and health care sharing ministries' exemptions from i
SB2349	senate	1498539	2025-02-24	17-30	C:failed-vote	screened:title-and-description	Screened on the bill's title and description and not selected for a batch. Not read in full, so this is a screening decision rather than a judgment on the merits.	Limitations on the introduction of legislative bills prepared by executive branch agencies and the judicial branch.
SB2350	senate	1498474	2025-02-24	22-25	C:failed-vote	batch-04	imported	An exemption from open records for employee performance and discipline records contained in personnel records.
SB2352	house	1528344	2025-03-26	48-42	done:batch-01	batch-01	imported	Authorization for children of inmates to reside at the Heart River correctional center.
SB2352	senate	1496125	2025-02-20	28-18	done:batch-01	batch-01	imported	Authorization for children of inmates to reside at the Heart River correctional center.
SB2354	house	1538822	2025-04-07	61-29	A:enacted-superseded-or-failed	screened:not-the-final-text	The measure became law, but this roll is not that chamber's vote on the text that became law. North Dakota records no conference or concurrence vote, so a bill amended after this roll has no later roll to use.	The use of personal electronic devices in schools providing prekindergarten, elementary, or secondary education.
SB2355	senate	1498482	2025-02-24	22-25	C:failed-vote	batch-04	imported	Intelligent design in science content standards for elementary and secondary students.
SB2363	senate	1499602	2025-02-25	23-23	C:failed-vote	screened:title-and-description	Screened on the bill's title and description and not selected for a batch. Not read in full, so this is a screening decision rather than a judgment on the merits.	The determination of state aid payments, state aid minimum local effort, the protection of taxpayers and taxing districts, voter approval of
SB2364	senate	1498542	2025-02-24	20-27	C:failed-vote	dropped:study-only	Directs a study; the measure changes no law.	A BILL for an Act to provide for a legislative management study relating to the property rights of entitlement holders in Uniform Commercial
SB2365	house	1516433	2025-03-12	42-49	C:failed-vote	screened:title-and-description	Screened on the bill's title and description and not selected for a batch. Not read in full, so this is a screening decision rather than a judgment on the merits.	Twenty-four seven sobriety program fees.
SB2369	house	1521697	2025-03-19	67-26	A:enacted	screened:title-and-description	Screened on the bill's title and description and not selected for a batch. Not read in full, so this is a screening decision rather than a judgment on the merits.	Exempt sales from educational, religious, or charitable activities conducted by a nonprofit organization in a publicly or privately owned fa
SB2370	house	1551690	2025-04-17	65-27	A:enacted-superseded-or-failed	screened:not-the-final-text	The measure became law, but this roll is not that chamber's vote on the text that became law. North Dakota records no conference or concurrence vote, so a bill amended after this roll has no later roll to use.	AN ACT to provide for a legislative management study regarding prescription drug transparency reporting under the federal drug discount prog
SB2376	senate	1490675	2025-02-14	15-29	C:failed-vote	screened:title-and-description	Screened on the bill's title and description and not selected for a batch. Not read in full, so this is a screening decision rather than a judgment on the merits.	A tribal-state gaming compact that permits gaming in Grand Forks County.
SB2378	senate	1498467	2025-02-24	16-31	C:failed-vote	screened:title-and-description	Screened on the bill's title and description and not selected for a batch. Not read in full, so this is a screening decision rather than a judgment on the merits.	Limitations on taxing district budgets without voter approval; and to provide an effective date.
SB2379	house	1529425	2025-03-27	69-23	A:enacted	screened:title-and-description	Screened on the bill's title and description and not selected for a batch. Not read in full, so this is a screening decision rather than a judgment on the merits.	The surveying process during eminent domain proceedings.
SB2379	senate	1496901	2025-02-21	25-22	A:enacted-superseded-or-failed	screened:not-the-final-text	The measure became law, but this roll is not that chamber's vote on the text that became law. North Dakota records no conference or concurrence vote, so a bill amended after this roll has no later roll to use.	The surveying process during eminent domain proceedings.
SB2381	house	1519197	2025-03-17	24-68	C:failed-vote	screened:title-and-description	Screened on the bill's title and description and not selected for a batch. Not read in full, so this is a screening decision rather than a judgment on the merits.	Driver's license fees.
SB2382	house	1523881	2025-03-20	72-21	A:enacted	screened:title-and-description	Screened on the bill's title and description and not selected for a batch. Not read in full, so this is a screening decision rather than a judgment on the merits.	Vexatious litigation; and to declare an emergency.
SB2383	senate	1494363	2025-02-19	12-35	C:failed-vote	screened:title-and-description	Screened on the bill's title and description and not selected for a batch. Not read in full, so this is a screening decision rather than a judgment on the merits.	The definition of equal decisionmaking responsibility and equal parenting time, the best interests of the child factors, and the residence o
SB2384	senate	1495874	2025-02-20	24-23	B:passed-chamber-died	screened:title-and-description	Screened on the bill's title and description and not selected for a batch. Not read in full, so this is a screening decision rather than a judgment on the merits.	The maintenance of electronic pull tab devices and the elimination of dog racing; and to provide an effective date.
SB2390	house	1560277	2025-04-29	72-18	A:enacted	screened:title-and-description	Screened on the bill's title and description and not selected for a batch. Not read in full, so this is a screening decision rather than a judgment on the merits.	Definitions for regional planning councils; to provide an appropriation; and to provide for a transfer.
SB2398	house	1527784	2025-03-26	73-19	A:enacted	screened:title-and-description	Screened on the bill's title and description and not selected for a batch. Not read in full, so this is a screening decision rather than a judgment on the merits.	The establishment of military impact zones and military compatibility committees.
SB2400	senate	1496837	2025-02-21	25-22	B:passed-chamber-died	screened:title-and-description	Screened on the bill's title and description and not selected for a batch. Not read in full, so this is a screening decision rather than a judgment on the merits.	Exceptions to compulsory school attendance; to provide a penalty; to provide an appropriation; and to provide a continuing appropriation.
SCR4007	house	1557671	2025-04-24	57-36	A:enacted	dropped:filter-5	Read in full. Would require a constitutional amendment to cover a single subject, and went to the June 2026 primary ballot. Same Arkansas rule as HCR 3003; also a ballot claim whose outcome this pass could not verify.	Requiring each resolution adopted by the legislative assembly proposing a constitutional amendment and each initiative petition and measure
SCR4008	house	1534525	2025-04-02	53-39	A:enacted	dropped:filter-5	Read in full. Would set legislative term limits and goes to the voters. No research area covers term limits.	Prohibiting the legislative assembly from proposing certain amendments to article XV of the Constitution of North Dakota, and to provide for
SCR4008	senate	1518669	2025-03-17	24-23	A:enacted	dropped:filter-5	Read in full. Would set legislative term limits and goes to the voters. No research area covers term limits.	Prohibiting the legislative assembly from proposing certain amendments to article XV of the Constitution of North Dakota, and to provide for
SCR4023	senate	1498137	2025-02-24	21-26	C:failed-vote	screened:title-and-description	Screened on the bill's title and description and not selected for a batch. Not read in full, so this is a screening decision rather than a judgment on the merits.	The statewide property tax levy of one mill for support of the state medical center at the University of North Dakota; and to provide an eff
SCR4028	senate	1519108	2025-03-17	19-28	C:failed-vote	screened:title-and-description	Screened on the bill's title and description and not selected for a batch. Not read in full, so this is a screening decision rather than a judgment on the merits.	Cumulative term limits for members of the legislative assembly and the office of governor, and legislative authority, and initiative petitio
