bill	bill_id	chamber	roll_call_id	date	tally	rolls_in_chamber	engrossed_texts	status	chapter	question_from_history	title	description	disposition	reason
H0491	2084507	house	1616971	2026-01-26	67-0	1	0	4	162	Read Third Time in Full -- PASSED 67-0-3	Amends existing law to revise provisions regarding immunity of persons giving first aid from damage claims.	EMERGENCY FIRST AID -- Amends existing law to revise provisions regarding immunity of persons giving first aid from damage claims.	out-of-gate:not-divided	
H0491	2084507	senate	1668004	2026-03-23	33-0	1	0	4	162	Read third time in full -- PASSED 33-0-2	Amends existing law to revise provisions regarding immunity of persons giving first aid from damage claims.	EMERGENCY FIRST AID -- Amends existing law to revise provisions regarding immunity of persons giving first aid from damage claims.	out-of-gate:not-divided	
H0492	2084252	house	1616970	2026-01-26	67-0	1	0	4	157	Read Third Time in Full -- PASSED 67-0-3	Amends existing law to provide that a certain person from the Idaho Association of Counties shall be a member of the Peace Officer Standards and Training Counci	PEACE OFFICER STANDARDS AND TRAINING COUNCIL -- Amends existing law to provide that a certain person from the Idaho Association of Counties shall be a member of the Peace Officer Standards and Training Council.	out-of-gate:not-divided	
H0492	2084252	senate	1667992	2026-03-23	33-0	1	0	4	157	Read third time in full -- PASSED 33-0-2	Amends existing law to provide that a certain person from the Idaho Association of Counties shall be a member of the Peace Officer Standards and Training Counci	PEACE OFFICER STANDARDS AND TRAINING COUNCIL -- Amends existing law to provide that a certain person from the Idaho Association of Counties shall be a member of the Peace Officer Standards and Training Council.	out-of-gate:not-divided	
H0493	2084128	house	1621043	2026-02-02	50-19	1	0	2		Read Third Time in Full -- PASSED 50-19-1	Amends existing law to revise the penalty for soliciting commercial sexual activity.	COMMERCIAL SEXUAL ACTIVITY -- Amends existing law to revise the penalty for soliciting commercial sexual activity.	out-of-gate:not-enacted	
H0494	2085726	house	1671450	2026-03-26	41-29	2	1	4	220		Amends, repeals, and adds to existing law to establish provisions regarding background checks conducted by the Department of Health and Welfare.	HEALTH AND WELFARE -- Amends, repeals, and adds to existing law to establish provisions regarding background checks conducted by the Department of Health and Welfare.	dropped:selection	consolidates department background checks and replaces the fingerprint check for temporary caregivers; whether the check tightens or loosens cannot be settled from the act
H0494	2085726	senate	1667637	2026-03-23	20-13	1	1	4	220	Read third time as amended in the Senate -- PASSED 20-13-2	Amends, repeals, and adds to existing law to establish provisions regarding background checks conducted by the Department of Health and Welfare.	HEALTH AND WELFARE -- Amends, repeals, and adds to existing law to establish provisions regarding background checks conducted by the Department of Health and Welfare.	dropped:selection	consolidates department background checks and replaces the fingerprint check for temporary caregivers; whether the check tightens or loosens cannot be settled from the act
H0498	2085882	house	1635408	2026-02-17	61-8	1	0	2		Read Third Time in Full -- PASSED 61-8-1	Adds to existing law to authorize the Legislature to employ counsel in addition to the Attorney General in actions against the federal government.	LEGISLATURE -- Adds to existing law to authorize the Legislature to employ counsel in addition to the Attorney General in actions against the federal government.	out-of-gate:not-enacted	
H0500	2087003	house	1626538	2026-02-09	68-0	1	0	4	24	Read Third Time in Full -- PASSED 68-0-2	Amends existing law to provide for human-powered vehicles, bicycles, and electric-assisted bicycles.	MOTOR VEHICLES -- Amends existing law to provide for human-powered vehicles, bicycles, and electric-assisted bicycles.	out-of-gate:not-divided	
H0500	2087003	senate	1659201	2026-03-10	34-0	1	0	4	24	Read third time in full -- PASSED 34-0-1	Amends existing law to provide for human-powered vehicles, bicycles, and electric-assisted bicycles.	MOTOR VEHICLES -- Amends existing law to provide for human-powered vehicles, bicycles, and electric-assisted bicycles.	out-of-gate:not-divided	
H0501	2086963	house	1636995	2026-02-18	65-0	1	0	2		Read Third Time in Full -- PASSED 65-0-5	Amends existing law to require signature gatherers to be qualified electors and to require paid signature gatherers to provide the name of the persons or entiti	BALLOT MEASURES -- Amends existing law to require signature gatherers to be qualified electors and to require paid signature gatherers to provide the name of the persons or entities that are paying them on their badge.	out-of-gate:not-enacted	
H0502	2086923	house	1626662	2026-02-09	66-1	1	0	4	8	Read Third Time in Full -- PASSED 66-1-3	Amends existing law to revise provisions regarding the Idaho Forest Products Commission.	IDAHO FOREST PRODUCTS COMMISSION -- Amends existing law to revise provisions regarding the Idaho Forest Products Commission.	out-of-gate:not-divided	
H0502	2086923	senate	1643342	2026-02-24	35-0	1	0	4	8	Read third time in full -- PASSED 35-0-0	Amends existing law to revise provisions regarding the Idaho Forest Products Commission.	IDAHO FOREST PRODUCTS COMMISSION -- Amends existing law to revise provisions regarding the Idaho Forest Products Commission.	out-of-gate:not-divided	
H0503	2086608	house	1639968	2026-02-20	67-0	1	0	4	58	Read Third Time in Full -- PASSED 67-0-3	Amends existing law to provide that the commission be established in the Idaho Department of Water Resources.	SOIL AND WATER CONSERVATION COMMISSION -- Amends existing law to provide that the commission be established in the Idaho Department of Water Resources.	out-of-gate:not-divided	
H0503	2086608	senate	1663447	2026-03-16	35-0	1	0	4	58	Read third time in full -- PASSED 35-0-0	Amends existing law to provide that the commission be established in the Idaho Department of Water Resources.	SOIL AND WATER CONSERVATION COMMISSION -- Amends existing law to provide that the commission be established in the Idaho Department of Water Resources.	out-of-gate:not-divided	
H0504	2086724	house	1624272	2026-02-04	62-6	1	0	4	6	Read Third Time in Full -- PASSED 62-6-2	Amends and adds to existing law to prohibit bulk lottery ticket purchases.	IDAHO STATE LOTTERY -- Amends and adds to existing law to prohibit bulk lottery ticket purchases.	out-of-gate:not-divided	
H0504	2086724	senate	1640946	2026-02-23	30-4	1	0	4	6	Read third time in full -- PASSED 30-4-1	Amends and adds to existing law to prohibit bulk lottery ticket purchases.	IDAHO STATE LOTTERY -- Amends and adds to existing law to prohibit bulk lottery ticket purchases.	out-of-gate:not-divided	
H0507	2088749	house	1655614	2026-03-05	67-0	1	0	4	166	Read Third Time in Full -- PASSED 67-0-3	Amends existing law to revise terminology and to revise provisions regarding restraint and nonjudicial punishment in the Model State Code of Military Justice.	MILITIA AND MILITARY AFFAIRS -- Amends existing law to revise terminology and to revise provisions regarding restraint and nonjudicial punishment in the Model State Code of Military Justice.	out-of-gate:not-divided	
H0507	2088749	senate	1667593	2026-03-23	32-0	1	0	4	166	Read third time in full -- PASSED 32-0-3	Amends existing law to revise terminology and to revise provisions regarding restraint and nonjudicial punishment in the Model State Code of Military Justice.	MILITIA AND MILITARY AFFAIRS -- Amends existing law to revise terminology and to revise provisions regarding restraint and nonjudicial punishment in the Model State Code of Military Justice.	out-of-gate:not-divided	
H0508	2088568	house	1664924	2026-03-17	39-29	1	0	4	299		Amends and adds to existing law to revise provisions regarding bicycle and pedestrian projects.	TRANSPORTATION -- Amends and adds to existing law to revise provisions regarding bicycle and pedestrian projects.	batched:batch-05	imported in batch-05
H0508	2088568	senate	1674240	2026-03-31	19-16	1	0	4	299	Read third time in full -- PASSED 19-16-0	Amends and adds to existing law to revise provisions regarding bicycle and pedestrian projects.	TRANSPORTATION -- Amends and adds to existing law to revise provisions regarding bicycle and pedestrian projects.	batched:batch-05	imported in batch-05
H0511	2090526	house	1624305	2026-02-04	46-22	1	0	4	27	Read Third Time in Full -- PASSED 46-22-2	Amends existing law to revise the surcharge associated with improved forest land.	PRIVATE FOREST LAND -- Amends existing law to revise the surcharge associated with improved forest land.	dropped:selection	improved forest land surcharge, not a subject a voter would recognize
H0511	2090526	senate	1658884	2026-03-10	26-9	1	0	4	27	Read third time in full -- PASSED 26-9-0	Amends existing law to revise the surcharge associated with improved forest land.	PRIVATE FOREST LAND -- Amends existing law to revise the surcharge associated with improved forest land.	dropped:selection	improved forest land surcharge, not a subject a voter would recognize
H0512	2090424	house	1626305	2026-02-09	67-0	1	0	4	18	Read Third Time in Full -- PASSED 67-0-3	Amends existing law to provide for the Idaho Board of Licensure of Professional Engineers and Professional Land Surveyors to determine and administer an appropr	ENGINEERS AND SURVEYORS -- Amends existing law to provide for the Idaho Board of Licensure of Professional Engineers and Professional Land Surveyors to determine and administer an appropriate open book jurisprudence exam	out-of-gate:not-divided	
H0512	2090424	senate	1656401	2026-03-06	31-0	1	0	4	18	Read third time in full -- PASSED 31-0-4	Amends existing law to provide for the Idaho Board of Licensure of Professional Engineers and Professional Land Surveyors to determine and administer an appropr	ENGINEERS AND SURVEYORS -- Amends existing law to provide for the Idaho Board of Licensure of Professional Engineers and Professional Land Surveyors to determine and administer an appropriate open book jurisprudence exam	out-of-gate:not-divided	
H0514	2090370	house	1621038	2026-02-02	69-0	1	0	4	5	Read Third Time in Full -- PASSED 69-0-1	Amends existing law to provide for the taking of examinations upon completion of eighty percent of education hours.	BARBER AND COSMETOLOGY SERVICES -- Amends existing law to provide for the taking of examinations upon completion of eighty percent of education hours.	out-of-gate:not-divided	
H0514	2090370	senate	1637806	2026-02-18	35-0	1	0	4	5	Read third time in full -- PASSED 35-0-0	Amends existing law to provide for the taking of examinations upon completion of eighty percent of education hours.	BARBER AND COSMETOLOGY SERVICES -- Amends existing law to provide for the taking of examinations upon completion of eighty percent of education hours.	out-of-gate:not-divided	
H0515	2090626	house	1624325	2026-02-04	68-0	1	0	4	4	Read Third Time in Full -- PASSED 68-0-2	Amends existing law to revise provisions regarding requirements for harassment, intimidation, or bullying information and professional development.	EDUCATION -- Amends existing law to revise provisions regarding requirements for harassment, intimidation, or bullying information and professional development.	out-of-gate:not-divided	
H0515	2090626	senate	1637361	2026-02-18	35-0	1	0	4	4	Read third time in full -- PASSED 35-0-0	Amends existing law to revise provisions regarding requirements for harassment, intimidation, or bullying information and professional development.	EDUCATION -- Amends existing law to revise provisions regarding requirements for harassment, intimidation, or bullying information and professional development.	out-of-gate:not-divided	
H0516	2090576	house	1676245	2026-04-02	43-24	2	1	4	342	PASSED 43-24-3	Amends and adds to existing law to establish provisions regarding the prohibition of taxpayer funding of teachers unions.	EDUCATION -- Amends and adds to existing law to establish provisions regarding the prohibition of taxpayer funding of teachers unions.	dropped:selection	bans taxpayer funding of teachers unions; no research area covers labour or union questions
H0516	2090576	senate	1675366	2026-04-01	20-14	1	1	4	342	Read third time as amended in the Senate -- PASSED 20-14-1	Amends and adds to existing law to establish provisions regarding the prohibition of taxpayer funding of teachers unions.	EDUCATION -- Amends and adds to existing law to establish provisions regarding the prohibition of taxpayer funding of teachers unions.	dropped:selection	bans taxpayer funding of teachers unions; no research area covers labour or union questions
H0518	2091627	house	1624346	2026-02-04	68-0	1	0	4	15	Read Third Time in Full -- PASSED 68-0-2	Amends existing law to provide that the Attorney General shall have certain authority.	HUMAN TRAFFICKING -- Amends existing law to provide that the Attorney General shall have certain authority.	out-of-gate:not-divided	
H0518	2091627	senate	1656440	2026-03-06	31-0	1	0	4	15	Read third time in full -- PASSED 31-0-4	Amends existing law to provide that the Attorney General shall have certain authority.	HUMAN TRAFFICKING -- Amends existing law to provide that the Attorney General shall have certain authority.	out-of-gate:not-divided	
H0520	2093552	house	1631904	2026-02-12	66-2	1	0	4	54	Read Third Time in Full -- PASSED 66-2-2	Amends existing law to establish provisions regarding hearing notices and to revise a provision regarding procedure at a hearing.	IDAHO ADMINISTRATIVE PROCEDURE ACT -- Amends existing law to establish provisions regarding hearing notices and to revise a provision regarding procedure at a hearing.	out-of-gate:not-divided	
H0520	2093552	senate	1663810	2026-03-16	35-0	1	0	4	54	Read third time in full -- PASSED 35-0-0	Amends existing law to establish provisions regarding hearing notices and to revise a provision regarding procedure at a hearing.	IDAHO ADMINISTRATIVE PROCEDURE ACT -- Amends existing law to establish provisions regarding hearing notices and to revise a provision regarding procedure at a hearing.	out-of-gate:not-divided	
H0521	2093587	house	1635654	2026-02-17	69-0	1	0	4	77	Read Third Time in Full -- PASSED 69-0-1	Amends and adds to existing law to establish provisions regarding submission by a covered entity for fingerprint screening.	CRIMINAL HISTORY RECORDS AND CRIME INFORMATION -- Amends and adds to existing law to establish provisions regarding submission by a covered entity for fingerprint screening.	out-of-gate:not-divided	
H0521	2093587	senate	1664932	2026-03-17	34-0	1	0	4	77	Read third time in full -- PASSED 34-0-1	Amends and adds to existing law to establish provisions regarding submission by a covered entity for fingerprint screening.	CRIMINAL HISTORY RECORDS AND CRIME INFORMATION -- Amends and adds to existing law to establish provisions regarding submission by a covered entity for fingerprint screening.	out-of-gate:not-divided	
H0522	2093605	house	1671533	2026-03-26	60-6	2	1	4	233		Adds to existing law to establish provisions regarding unmanned aircraft systems near Department of Correction facilities.	UNMANNED AIRCRAFT SYSTEMS -- Adds to existing law to establish provisions regarding unmanned aircraft systems near Department of Correction facilities.	out-of-gate:not-divided	
H0522	2093605	senate	1668997	2026-03-24	30-4	1	1	4	233	Read third time as amended in the Senate -- PASSED 30-4-1	Adds to existing law to establish provisions regarding unmanned aircraft systems near Department of Correction facilities.	UNMANNED AIRCRAFT SYSTEMS -- Adds to existing law to establish provisions regarding unmanned aircraft systems near Department of Correction facilities.	out-of-gate:not-divided	
H0526	2093506	house	1628936	2026-02-10	67-2	1	0	2		Read Third Time in Full -- PASSED 67-2-1	Adds to existing law to provide that certain cottage food operations may sell TCS foods.	COTTAGE FOOD OPERATIONS -- Adds to existing law to provide that certain cottage food operations may sell TCS foods.	out-of-gate:not-enacted	
H0528	2093598	house	1636011	2026-02-17	52-17	1	0	4	26	Read Third Time in Full -- PASSED 52-17-1	Adds to existing law to establish provisions regarding directed blood product transfusion.	DIRECTED BLOOD PRODUCT TRANSFUSION -- Adds to existing law to establish provisions regarding directed blood product transfusion.	dropped:selection	directed blood product transfusion; patient choice and blood supply standards pull opposite ways with no settled direction
H0528	2093598	senate	1657561	2026-03-09	25-8	1	0	4	26	Read third time in full -- PASSED 25-8-2	Adds to existing law to establish provisions regarding directed blood product transfusion.	DIRECTED BLOOD PRODUCT TRANSFUSION -- Adds to existing law to establish provisions regarding directed blood product transfusion.	dropped:selection	directed blood product transfusion; patient choice and blood supply standards pull opposite ways with no settled direction
H0531	2093565	house	1626645	2026-02-09	69-0	1	0	4	23	Read Third Time in Full -- PASSED 69-0-1	Amends existing law to revise provisions regarding the use of epinephrine in schools.	EPINEPHRINE DELIVERY SYSTEMS -- Amends existing law to revise provisions regarding the use of epinephrine in schools.	out-of-gate:not-divided	
H0531	2093565	senate	1656338	2026-03-06	31-0	1	0	4	23	Read third time in full -- PASSED 31-0-4	Amends existing law to revise provisions regarding the use of epinephrine in schools.	EPINEPHRINE DELIVERY SYSTEMS -- Amends existing law to revise provisions regarding the use of epinephrine in schools.	out-of-gate:not-divided	
H0532	2094590	house	1640010	2026-02-20	66-1	1	0	4	52	Read Third Time in Full -- PASSED 66-1-3	Amends existing law to provide for a certain manner of proving identity.	TRANSPORTATION -- Amends existing law to provide for a certain manner of proving identity.	out-of-gate:not-divided	
H0532	2094590	senate	1663527	2026-03-16	35-0	1	0	4	52	Read third time in full -- PASSED 35-0-0	Amends existing law to provide for a certain manner of proving identity.	TRANSPORTATION -- Amends existing law to provide for a certain manner of proving identity.	out-of-gate:not-divided	
H0533	2094507	house	1626215	2026-02-09	67-2	1	0	4	9	Read Third Time in Full -- PASSED 67-2-1	Amends and adds to existing law to provide for the elimination of vehicle registration stickers.	TRANSPORTATION -- Amends and adds to existing law to provide for the elimination of vehicle registration stickers.	out-of-gate:not-divided	
H0533	2094507	senate	1642715	2026-02-24	31-4	1	0	4	9	Read third time in full -- PASSED 31-4-0	Amends and adds to existing law to provide for the elimination of vehicle registration stickers.	TRANSPORTATION -- Amends and adds to existing law to provide for the elimination of vehicle registration stickers.	out-of-gate:not-divided	
H0539	2094531	house	1635645	2026-02-17	67-2	1	0	4	41	Read Third Time in Full -- PASSED 67-2-1	Amends existing law to establish provisions regarding temporary rules and to revise provisions regarding temporary rules.	IDAHO ADMINISTRATIVE PROCEDURE ACT -- Amends existing law to establish provisions regarding temporary rules and to revise provisions regarding temporary rules.	out-of-gate:not-divided	
H0539	2094531	senate	1658956	2026-03-10	33-1	1	0	4	41	Read third time in full -- PASSED 33-1-1	Amends existing law to establish provisions regarding temporary rules and to revise provisions regarding temporary rules.	IDAHO ADMINISTRATIVE PROCEDURE ACT -- Amends existing law to establish provisions regarding temporary rules and to revise provisions regarding temporary rules.	out-of-gate:not-divided	
H0540	2095985	house	1630352	2026-02-11	69-0	1	0	4	61	Read Third Time in Full -- PASSED 69-0-1	Amends existing law to provide that certain records of the Department of Juvenile Corrections shall be exempt from disclosure.	PUBLIC RECORDS ACT -- Amends existing law to provide that certain records of the Department of Juvenile Corrections shall be exempt from disclosure.	out-of-gate:not-divided	
H0540	2095985	senate	1663535	2026-03-16	35-0	1	0	4	61	Read third time in full -- PASSED 35-0-0	Amends existing law to provide that certain records of the Department of Juvenile Corrections shall be exempt from disclosure.	PUBLIC RECORDS ACT -- Amends existing law to provide that certain records of the Department of Juvenile Corrections shall be exempt from disclosure.	out-of-gate:not-divided	
H0541	2097580	house	1631080	2026-02-11	69-0	1	0	4	51	Read Third Time in Full -- PASSED 69-0-1	Amends existing law to revise a provision regarding enticing a child through use of the internet or other communication device.	ENTICING A CHILD -- Amends existing law to revise a provision regarding enticing a child through use of the internet or other communication device.	out-of-gate:not-divided	
H0541	2097580	senate	1663456	2026-03-16	35-0	1	0	4	51	Read third time in full -- PASSED 35-0-0	Amends existing law to revise a provision regarding enticing a child through use of the internet or other communication device.	ENTICING A CHILD -- Amends existing law to revise a provision regarding enticing a child through use of the internet or other communication device.	out-of-gate:not-divided	
H0542	2095725	house	1669967	2026-03-25	62-5	2	1	4	268		Adds to existing law to establish the Stop Harms from Addictive Social Media Act.	SOCIAL MEDIA -- Adds to existing law to establish the Stop Harms from Addictive Social Media Act.	out-of-gate:not-divided	
H0542	2095725	senate	1667122	2026-03-20	21-14	1	1	4	268	Read third time as amended in the Senate -- PASSED 21-14-0	Adds to existing law to establish the Stop Harms from Addictive Social Media Act.	SOCIAL MEDIA -- Adds to existing law to establish the Stop Harms from Addictive Social Media Act.	candidate:unbatched	
H0543	2097048	house	1640165	2026-02-20	67-0	1	0	4	49	Read Third Time in Full -- PASSED 67-0-3	Amends existing law to revise provisions regarding qualified pre-tax contributions and investment earnings and certain qualified Roth contributions and investme	PERSI -- Amends existing law to revise provisions regarding qualified pre-tax contributions and investment earnings and certain qualified Roth contributions and investment earnings.	out-of-gate:not-divided	
H0543	2097048	senate	1661958	2026-03-12	35-0	1	0	4	49	Read third time in full -- PASSED 35-0-0	Amends existing law to revise provisions regarding qualified pre-tax contributions and investment earnings and certain qualified Roth contributions and investme	PERSI -- Amends existing law to revise provisions regarding qualified pre-tax contributions and investment earnings and certain qualified Roth contributions and investment earnings.	out-of-gate:not-divided	
H0544	2096519	house	1628679	2026-02-10	68-0	1	0	4	57	Read Third Time in Full -- PASSED 68-0-2	Amends existing law to revise provisions regarding leaves of absence from regular duties for military duty.	MILITARY -- Amends existing law to revise provisions regarding leaves of absence from regular duties for military duty.	out-of-gate:not-divided	
H0544	2096519	senate	1663849	2026-03-16	35-0	1	0	4	57	Read third time in full -- PASSED 35-0-0	Amends existing law to revise provisions regarding leaves of absence from regular duties for military duty.	MILITARY -- Amends existing law to revise provisions regarding leaves of absence from regular duties for military duty.	out-of-gate:not-divided	
H0545	2099964	house	1657860	2026-03-09	52-17	1	0	2		Read Third Time in Full -- PASSED 52-17-1	Amends existing law to provide for the licensure of certain persons who have served as a chaplain in any branch of the United States military.	COUNSELORS AND THERAPISTS -- Amends existing law to provide for the licensure of certain persons who have served as a chaplain in any branch of the United States military.	out-of-gate:not-enacted	
H0548	2097317	house	1642390	2026-02-24	68-0	1	0	4	164	Read Third Time in Full -- PASSED 68-0-2	Amends existing law to revise a provision regarding enforcement.	IDAHO SAFE BOATING ACT -- Amends existing law to revise a provision regarding enforcement.	out-of-gate:not-divided	
H0548	2097317	senate	1667980	2026-03-23	33-0	1	0	4	164	Read third time in full -- PASSED 33-0-2	Amends existing law to revise a provision regarding enforcement.	IDAHO SAFE BOATING ACT -- Amends existing law to revise a provision regarding enforcement.	out-of-gate:not-divided	
H0549	2098111	house	1640925	2026-02-23	68-0	1	0	2		Read Third Time in Full -- PASSED 68-0-2	Amends existing law to revise provisions regarding the dissolution of hospital districts.	HOSPITAL DISTRICTS -- Amends existing law to revise provisions regarding the dissolution of hospital districts.	out-of-gate:not-enacted	
H0551	2098906	house	1629001	2026-02-10	68-0	1	0	4	19	Read Third Time in Full -- PASSED 68-0-2	Amends existing law to revise a provision regarding the assessment of certain property.	TAXATION -- Amends existing law to revise a provision regarding the assessment of certain property.	out-of-gate:not-divided	
H0551	2098906	senate	1656391	2026-03-06	31-0	1	0	4	19	Read third time in full -- PASSED 31-0-4	Amends existing law to revise a provision regarding the assessment of certain property.	TAXATION -- Amends existing law to revise a provision regarding the assessment of certain property.	out-of-gate:not-divided	
H0555	2101792	house	1626711	2026-02-09	69-0	1	0	4	7	Read Third Time in Full -- PASSED 69-0-1	Amends, repeals, and adds to existing law to revise provisions regarding the Idaho Solid Waste Facilities Act.	SOLID WASTE FACILITIES -- Amends, repeals, and adds to existing law to revise provisions regarding the Idaho Solid Waste Facilities Act.	out-of-gate:not-divided	
H0555	2101792	senate	1642748	2026-02-24	34-0	1	0	4	7	Read third time in full -- PASSED 34-0-1	Amends, repeals, and adds to existing law to revise provisions regarding the Idaho Solid Waste Facilities Act.	SOLID WASTE FACILITIES -- Amends, repeals, and adds to existing law to revise provisions regarding the Idaho Solid Waste Facilities Act.	out-of-gate:not-divided	
H0556	2101864	house	1640933	2026-02-23	59-10	1	0	4	119	Read Third Time in Full -- PASSED 59-10-1	Amends existing law to revise a provision regarding per diem costs of state prisoners housed in county jails.	STATE PRISONERS HOUSED IN COUNTY JAILS -- Amends existing law to revise a provision regarding per diem costs of state prisoners housed in county jails.	out-of-gate:not-divided	
H0556	2101864	senate	1663842	2026-03-16	30-3	1	0	4	119	Read third time in full -- PASSED 30-3-2	Amends existing law to revise a provision regarding per diem costs of state prisoners housed in county jails.	STATE PRISONERS HOUSED IN COUNTY JAILS -- Amends existing law to revise a provision regarding per diem costs of state prisoners housed in county jails.	out-of-gate:not-divided	
H0557	2101750	house	1624632	2026-02-05	53-16	1	0	2		Read Third Time in Full -- PASSED 53-16-1	Adds to existing law to provide for uniformity in local government antidiscrimination ordinances.	COMMISSION ON HUMAN RIGHTS -- Adds to existing law to provide for uniformity in local government antidiscrimination ordinances.	out-of-gate:not-enacted	
H0558	2101680	house	1637446	2026-02-18	53-13	1	0	4	31	Read Third Time in Full -- PASSED 53-13-4	Adds to existing law to provide requirements for the Department of Health and Welfare to apply and reserve federal benefits for children in the department's leg	JUVENILE PROCEEDINGS -- Adds to existing law to provide requirements for the Department of Health and Welfare to apply and reserve federal benefits for children in the department's legal custody.	out-of-gate:not-divided	
H0558	2101680	senate	1659093	2026-03-10	31-3	1	0	4	31	Read third time in full -- PASSED 31-3-1	Adds to existing law to provide requirements for the Department of Health and Welfare to apply and reserve federal benefits for children in the department's leg	JUVENILE PROCEEDINGS -- Adds to existing law to provide requirements for the Department of Health and Welfare to apply and reserve federal benefits for children in the department's legal custody.	out-of-gate:not-divided	
H0559	2101764	house	1622385	2026-02-03	59-9	1	0	4	1		Amends existing law to update references to the current Internal Revenue Code and to revise certain tax credits and adjustments.	TAXATION -- Amends existing law to update references to the current Internal Revenue Code and to revise certain tax credits and adjustments.	out-of-gate:not-divided	
H0559	2101764	senate	1625821	2026-02-06	28-7	1	0	4	1	Read in full as required) -- PASSED 28-7-0	Amends existing law to update references to the current Internal Revenue Code and to revise certain tax credits and adjustments.	TAXATION -- Amends existing law to update references to the current Internal Revenue Code and to revise certain tax credits and adjustments.	candidate:unbatched	
H0560	2101836	house	1646970	2026-02-26	68-0	1	0	4	59	Read Third Time in Full -- PASSED 68-0-2	Amends existing law to allow prospective jurors in certain circumstances to volunteer as poll workers in lieu of serving on a jury.	JURIES -- Amends existing law to allow prospective jurors in certain circumstances to volunteer as poll workers in lieu of serving on a jury.	out-of-gate:not-divided	
H0560	2101836	senate	1663956	2026-03-16	35-0	1	0	4	59	Read third time in full -- PASSED 35-0-0	Amends existing law to allow prospective jurors in certain circumstances to volunteer as poll workers in lieu of serving on a jury.	JURIES -- Amends existing law to allow prospective jurors in certain circumstances to volunteer as poll workers in lieu of serving on a jury.	out-of-gate:not-divided	
H0561	2101894	house	1671377	2026-03-26	59-8	2	2	4	260		Amends existing law to revise and remove provisions regarding flags flown by a governmental entity, to provide a penalty, and to establish provisions regarding	STATE GOVERNMENT AND STATE AFFAIRS -- Amends existing law to revise and remove provisions regarding flags flown by a governmental entity, to provide a penalty, and to establish provisions regarding enforcement by the Att	out-of-gate:not-divided	
H0561	2101894	senate	1669385	2026-03-24	26-8	1	2	4	260	Read third time as amended in the Senate -- PASSED 26-8-1	Amends existing law to revise and remove provisions regarding flags flown by a governmental entity, to provide a penalty, and to establish provisions regarding	STATE GOVERNMENT AND STATE AFFAIRS -- Amends existing law to revise and remove provisions regarding flags flown by a governmental entity, to provide a penalty, and to establish provisions regarding enforcement by the Att	candidate:unbatched	
H0562	2102702	house	1655502	2026-03-05	51-17	1	1	4	201	Read third time in full as amended -- PASSED 51-17-2	Amends existing law to revise provisions regarding cancellation and nonrenewal of certain policies.	INSURANCE -- Amends existing law to revise provisions regarding cancellation and nonrenewal of certain policies.	batched:batch-06	imported in batch-06
H0562	2102702	senate	1669024	2026-03-24	20-13	1	1	4	201	Read third time in full -- PASSED 20-13-2	Amends existing law to revise provisions regarding cancellation and nonrenewal of certain policies.	INSURANCE -- Amends existing law to revise provisions regarding cancellation and nonrenewal of certain policies.	batched:batch-06	imported in batch-06
H0563	2102561	house	1642421	2026-02-24	67-0	1	0	4	48	Read Third Time in Full -- PASSED 67-0-3	Amends, repeals, and adds to existing law to revise provisions regarding the licensure of certified public accountants.	CERTIFIED PUBLIC ACCOUNTANTS -- Amends, repeals, and adds to existing law to revise provisions regarding the licensure of certified public accountants.	out-of-gate:not-divided	
H0563	2102561	senate	1661939	2026-03-12	35-0	1	0	4	48	Read third time in full -- PASSED 35-0-0	Amends, repeals, and adds to existing law to revise provisions regarding the licensure of certified public accountants.	CERTIFIED PUBLIC ACCOUNTANTS -- Amends, repeals, and adds to existing law to revise provisions regarding the licensure of certified public accountants.	out-of-gate:not-divided	
H0566	2102655	house	1656446	2026-03-06	66-0	1	0	4	88	Read Third Time in Full -- PASSED 66-0-4	Amends and repeals existing law to remove outdated or unnecessary provisions.	STATE TRUST FOR OUTDOOR RECREATION ENHANCEMENT ACT -- Amends and repeals existing law to remove outdated or unnecessary provisions.	out-of-gate:not-divided	
H0566	2102655	senate	1664982	2026-03-17	34-0	1	0	4	88	Read third time in full -- PASSED 34-0-1	Amends and repeals existing law to remove outdated or unnecessary provisions.	STATE TRUST FOR OUTDOOR RECREATION ENHANCEMENT ACT -- Amends and repeals existing law to remove outdated or unnecessary provisions.	out-of-gate:not-divided	
H0568	2102722	house	1656541	2026-03-06	66-0	1	0	4	76	Read Third Time in Full -- PASSED 66-0-4	Repeals existing law to remove outdated or unnecessary provisions.	DEPARTMENT OF LANDS -- Repeals existing law to remove outdated or unnecessary provisions.	out-of-gate:not-divided	
H0568	2102722	senate	1664907	2026-03-17	34-0	1	0	4	76	Read third time in full -- PASSED 34-0-1	Repeals existing law to remove outdated or unnecessary provisions.	DEPARTMENT OF LANDS -- Repeals existing law to remove outdated or unnecessary provisions.	out-of-gate:not-divided	
H0569	2102743	house	1630337	2026-02-11	31-38	1	0	1		Read Third Time in Full -- FAILED 31-38-1	Amends existing law to provide an exception for water skiing.	WATER SKIING -- Amends existing law to provide an exception for water skiing.	out-of-gate:not-enacted	
H0570	2102584	house	1654959	2026-03-05	68-1	1	1	4	178	Read third time in full as amended -- PASSED 68-1-1	Amends existing law to revise a provision regarding reckless driving.	RECKLESS DRIVING -- Amends existing law to revise a provision regarding reckless driving.	out-of-gate:not-divided	
H0570	2102584	senate	1669018	2026-03-24	34-0	1	1	4	178	Read third time in full -- PASSED 34-0-1	Amends existing law to revise a provision regarding reckless driving.	RECKLESS DRIVING -- Amends existing law to revise a provision regarding reckless driving.	out-of-gate:not-divided	
H0573	2103562	house	1633672	2026-02-13	68-0	1	0	4	159	Read Third Time in Full -- PASSED 68-0-2	Amends existing law to provide that certain persons may provide instruction on Idaho law regarding firearms and the use of deadly force.	ENHANCED LICENSES TO CARRY CONCEALED WEAPONS -- Amends existing law to provide that certain persons may provide instruction on Idaho law regarding firearms and the use of deadly force.	out-of-gate:not-divided	
H0573	2103562	senate	1667977	2026-03-23	33-0	1	0	4	159	Read third time in full -- PASSED 33-0-2	Amends existing law to provide that certain persons may provide instruction on Idaho law regarding firearms and the use of deadly force.	ENHANCED LICENSES TO CARRY CONCEALED WEAPONS -- Amends existing law to provide that certain persons may provide instruction on Idaho law regarding firearms and the use of deadly force.	out-of-gate:not-divided	
H0575	2104874	house	1655883	2026-03-05	67-0	1	1	4	168	Read third time in full as amended -- PASSED 67-0-3	Amends existing law to provide that the State Controller shall publish a list of asset forfeitures and to provide that law enforcement shall report asset forfei	STATE CONTROLLER -- Amends existing law to provide that the State Controller shall publish a list of asset forfeitures and to provide that law enforcement shall report asset forfeiture information to the State Controller	out-of-gate:not-divided	
H0575	2104874	senate	1669040	2026-03-24	34-0	1	1	4	168	Read third time in full -- PASSED 34-0-1	Amends existing law to provide that the State Controller shall publish a list of asset forfeitures and to provide that law enforcement shall report asset forfei	STATE CONTROLLER -- Amends existing law to provide that the State Controller shall publish a list of asset forfeitures and to provide that law enforcement shall report asset forfeiture information to the State Controller	out-of-gate:not-divided	
H0576	2104920	house	1634775	2026-02-16	53-14	1	0	4	47	Read Third Time in Full -- PASSED 53-14-3	Amends existing law to establish an Idaho residency requirement to receive funds from ICAR.	MOTOR VEHICLES -- Amends existing law to establish an Idaho residency requirement to receive funds from ICAR.	dropped:selection	Idaho residency to receive ICAR funds, not recognizable
H0576	2104920	senate	1661909	2026-03-12	26-7	1	0	4	47	Read third time in full -- PASSED 26-7-2	Amends existing law to establish an Idaho residency requirement to receive funds from ICAR.	MOTOR VEHICLES -- Amends existing law to establish an Idaho residency requirement to receive funds from ICAR.	dropped:selection	Idaho residency to receive ICAR funds, not recognizable
H0577	2105097	house	1634599	2026-02-16	66-1	1	0	4	29	Read Third Time in Full -- PASSED 66-1-3	Amends existing law to provide that license plates do not automatically expire after 10 years and may continue to be used while still legible.	TRANSPORTATION -- Amends existing law to provide that license plates do not automatically expire after 10 years and may continue to be used while still legible.	out-of-gate:not-divided	
H0577	2105097	senate	1659084	2026-03-10	32-2	1	0	4	29	Read third time in full -- PASSED 32-2-1	Amends existing law to provide that license plates do not automatically expire after 10 years and may continue to be used while still legible.	TRANSPORTATION -- Amends existing law to provide that license plates do not automatically expire after 10 years and may continue to be used while still legible.	out-of-gate:not-divided	
H0579	2107808	house	1632149	2026-02-12	68-1	1	0	2		Read Third Time in Full -- PASSED 68-1-1	Amends existing law to revise a provision regarding justifiable homicide.	JUSTIFIABLE HOMICIDE -- Amends existing law to revise a provision regarding justifiable homicide.	out-of-gate:not-enacted	
H0580	2107494	house	1632389	2026-02-12	68-1	1	0	2		Read Third Time in Full -- PASSED 68-1-1	Repeals existing law relating to the Idaho Anti-Camcorder Piracy Act, the Tape Piracy Act, and the Motion Picture Fair Bidding Act.	CRIMES AND PUNISHMENTS -- Repeals existing law relating to the Idaho Anti-Camcorder Piracy Act, the Tape Piracy Act, and the Motion Picture Fair Bidding Act.	out-of-gate:not-enacted	
H0581	2107622	house	1632014	2026-02-12	65-5	1	0	4	69	Read Third Time in Full -- PASSED 65-5-0	Amends existing law to authorize the Idaho Legislature to review court rules in certain instances.	IDAHO SUPREME COURT -- Amends existing law to authorize the Idaho Legislature to review court rules in certain instances.	out-of-gate:not-divided	
H0581	2107622	senate	1663884	2026-03-16	29-6	1	0	4	69	Read third time in full -- PASSED 29-6-0	Amends existing law to authorize the Idaho Legislature to review court rules in certain instances.	IDAHO SUPREME COURT -- Amends existing law to authorize the Idaho Legislature to review court rules in certain instances.	out-of-gate:not-divided	
H0583	2107536	house	1631851	2026-02-12	54-16	1	0	4	22	Read Third Time in Full -- PASSED 54-16-0	Amends existing law to revise provisions regarding limitations on the regulation of and limiting the tax duties of short-term rentals.	SHORT-TERM RENTALS -- Amends existing law to revise provisions regarding limitations on the regulation of and limiting the tax duties of short-term rentals.	batched:batch-05	imported in batch-05
H0583	2107536	senate	1657406	2026-03-09	23-12	1	0	4	22	Read third time in full -- PASSED 23-12-0	Amends existing law to revise provisions regarding limitations on the regulation of and limiting the tax duties of short-term rentals.	SHORT-TERM RENTALS -- Amends existing law to revise provisions regarding limitations on the regulation of and limiting the tax duties of short-term rentals.	batched:batch-05	imported in batch-05
H0585	2107726	house	1655376	2026-03-05	69-0	1	0	4	232	Read Third Time in Full -- PASSED 69-0-1	Adds to existing law to provide for timely electrical, plumbing, and HVAC inspections and the option for third-party inspections in certain situations.	ELECTRICAL, PLUMBING, AND HVAC INSPECTIONS -- Adds to existing law to provide for timely electrical, plumbing, and HVAC inspections and the option for third-party inspections in certain situations.	out-of-gate:not-divided	
H0585	2107726	senate	1669830	2026-03-25	33-0	1	0	4	232	Read third time in full -- PASSED 33-0-2	Adds to existing law to provide for timely electrical, plumbing, and HVAC inspections and the option for third-party inspections in certain situations.	ELECTRICAL, PLUMBING, AND HVAC INSPECTIONS -- Adds to existing law to provide for timely electrical, plumbing, and HVAC inspections and the option for third-party inspections in certain situations.	out-of-gate:not-divided	
H0587	2107430	house	1633770	2026-02-13	44-25	1	0	4	21	Read Third Time in Full -- PASSED 44-25-1	Amends existing law to allow continuous appropriation of the rangeland improvement account.	RANGELAND IMPROVEMENT -- Amends existing law to allow continuous appropriation of the rangeland improvement account.	excluded:appropriations	agency budget bill; appropriations are excluded by standing campaign rule
H0587	2107430	senate	1656319	2026-03-06	21-10	1	0	4	21	Read third time in full -- PASSED 21-10-4	Amends existing law to allow continuous appropriation of the rangeland improvement account.	RANGELAND IMPROVEMENT -- Amends existing law to allow continuous appropriation of the rangeland improvement account.	excluded:appropriations	agency budget bill; appropriations are excluded by standing campaign rule
H0591	2107789	house	1645471	2026-02-25	70-0	1	0	4	67	Read Third Time in Full -- PASSED 70-0-0	Repeals existing law related to financial assistance eligibility.	INDIGENT ELIGIBILITY -- Repeals existing law related to financial assistance eligibility.	out-of-gate:not-divided	
H0591	2107789	senate	1661962	2026-03-12	32-3	1	0	4	67	Read third time in full -- PASSED 32-3-0	Repeals existing law related to financial assistance eligibility.	INDIGENT ELIGIBILITY -- Repeals existing law related to financial assistance eligibility.	out-of-gate:not-divided	
H0593	2109346	house	1655414	2026-03-05	68-0	1	0	4	87	Read Third Time in Full -- PASSED 68-0-2	Amends and repeals existing law to remove reference to outdated or unnecessary provisions.	DEPARTMENT OF ENVIRONMENTAL QUALITY -- Amends and repeals existing law to remove reference to outdated or unnecessary provisions.	out-of-gate:not-divided	
H0593	2109346	senate	1664888	2026-03-17	34-0	1	0	4	87	Read third time in full -- PASSED 34-0-1	Amends and repeals existing law to remove reference to outdated or unnecessary provisions.	DEPARTMENT OF ENVIRONMENTAL QUALITY -- Amends and repeals existing law to remove reference to outdated or unnecessary provisions.	out-of-gate:not-divided	
H0594	2109012	house	1635981	2026-02-17	69-0	1	0	4	20	Read Third Time in Full -- PASSED 69-0-1	Amends existing law to revise provisions regarding late charges and interest on certain taxes due and the apportionment of collected late charges and interest t	TAXATION -- Amends existing law to revise provisions regarding late charges and interest on certain taxes due and the apportionment of collected late charges and interest to taxing districts.	out-of-gate:not-divided	
H0594	2109012	senate	1656339	2026-03-06	31-0	1	0	4	20	Read third time in full -- PASSED 31-0-4	Amends existing law to revise provisions regarding late charges and interest on certain taxes due and the apportionment of collected late charges and interest t	TAXATION -- Amends existing law to revise provisions regarding late charges and interest on certain taxes due and the apportionment of collected late charges and interest to taxing districts.	out-of-gate:not-divided	
H0599	2109278	house	1642316	2026-02-24	68-0	1	0	4	60	Read Third Time in Full -- PASSED 68-0-2	Amends existing law to revise provisions regarding the Public School Digital Content and Curriculum Fund.	EDUCATION -- Amends existing law to revise provisions regarding the Public School Digital Content and Curriculum Fund.	out-of-gate:not-divided	
H0599	2109278	senate	1663908	2026-03-16	35-0	1	0	4	60	Read third time in full -- PASSED 35-0-0	Amends existing law to revise provisions regarding the Public School Digital Content and Curriculum Fund.	EDUCATION -- Amends existing law to revise provisions regarding the Public School Digital Content and Curriculum Fund.	out-of-gate:not-divided	
H0602	2111111	house	1641825	2026-02-23	61-6	1	0	4	183	Read Third Time in Full -- PASSED 61-6-3	Adds to existing law to establish provisions prohibiting the use of foreign laws in Idaho courts.	FOREIGN LAWS -- Adds to existing law to establish provisions prohibiting the use of foreign laws in Idaho courts.	out-of-gate:not-divided	
H0602	2111111	senate	1668897	2026-03-24	28-6	1	0	4	183	Read third time in full -- PASSED 28-6-1	Adds to existing law to establish provisions prohibiting the use of foreign laws in Idaho courts.	FOREIGN LAWS -- Adds to existing law to establish provisions prohibiting the use of foreign laws in Idaho courts.	out-of-gate:not-divided	
H0603	2110629	house	1642372	2026-02-24	66-2	1	0	4	83	Read Third Time in Full -- PASSED 66-2-2	Amends existing law to revise provisions regarding camping and to revise a provision regarding disposition of property.	CAPITOL MALL -- Amends existing law to revise provisions regarding camping and to revise a provision regarding disposition of property.	out-of-gate:not-divided	
H0603	2110629	senate	1665054	2026-03-17	28-6	1	0	4	83	Read third time in full -- PASSED 28-6-1	Amends existing law to revise provisions regarding camping and to revise a provision regarding disposition of property.	CAPITOL MALL -- Amends existing law to revise provisions regarding camping and to revise a provision regarding disposition of property.	out-of-gate:not-divided	
H0607	2111936	house	1634559	2026-02-16	56-13	1	0	2		Read Third Time in Full -- PASSED 56-13-1	Adds to existing law to establish requirements and a cause of action regarding privacy and safety in public restroom and changing facilities and to establish a	PROTECTING PRIVACY AND SAFETY IN PUBLIC BUILDINGS -- Adds to existing law to establish requirements and a cause of action regarding privacy and safety in public restroom and changing facilities and to establish a duty re	out-of-gate:not-enacted	
H0608	2111971	house	1637440	2026-02-18	66-0	1	0	4	11	Read Third Time in Full -- PASSED 66-0-4	Amends existing law to revise provisions regarding the Public School Facilities Cooperative Funding Program.	EDUCATION -- Amends existing law to revise provisions regarding the Public School Facilities Cooperative Funding Program.	out-of-gate:not-divided	
H0608	2111971	senate	1651075	2026-03-03	35-0	1	0	4	11	Read third time in full -- PASSED 35-0-0	Amends existing law to revise provisions regarding the Public School Facilities Cooperative Funding Program.	EDUCATION -- Amends existing law to revise provisions regarding the Public School Facilities Cooperative Funding Program.	out-of-gate:not-divided	
H0610	2111895	house	1635723	2026-02-17	48-20	1	0	2		Read Third Time in Full -- PASSED 48-20-2	Amends existing law to revise provisions regarding the homestead exemption.	TAXATION -- Amends existing law to revise provisions regarding the homestead exemption.	out-of-gate:not-enacted	
H0610	2111895	senate	1659255	2026-03-10	16-17	1	0	2		Read third time in full -- FAILED 16-17-2	Amends existing law to revise provisions regarding the homestead exemption.	TAXATION -- Amends existing law to revise provisions regarding the homestead exemption.	out-of-gate:not-enacted	
H0613	2113232	house	1633302	2026-02-13	68-0	1	0	2			Amends existing law to provide for the securing of liability insurance coverage for private facilities used as polling places and to limit liability for private	POLLING PLACES -- Amends existing law to provide for the securing of liability insurance coverage for private facilities used as polling places and to limit liability for private facilities used as polling places on elec	out-of-gate:not-enacted	
H0615	2113194	house	1647009	2026-02-26	64-5	1	0	4	94	Read Third Time in Full -- PASSED 64-5-1	Amends existing law to revise provisions regarding disturbing the peace.	DISTURBING THE PEACE -- Amends existing law to revise provisions regarding disturbing the peace.	out-of-gate:not-divided	
H0615	2113194	senate	1664777	2026-03-17	34-0	1	0	4	94	Read third time in full -- PASSED 34-0-1	Amends existing law to revise provisions regarding disturbing the peace.	DISTURBING THE PEACE -- Amends existing law to revise provisions regarding disturbing the peace.	out-of-gate:not-divided	
H0620	2113157	house	1639431	2026-02-19	60-5	1	0	4	28	Read Third Time in Full -- PASSED 60-5-5	Adds to existing law to establish provisions regarding special expertise of boards of county commissioners and coordination of planning efforts with federal age	BOARDS OF COUNTY COMMISSIONERS -- Adds to existing law to establish provisions regarding special expertise of boards of county commissioners and coordination of planning efforts with federal agencies.	out-of-gate:not-divided	
H0620	2113157	senate	1659102	2026-03-10	30-3	1	0	4	28	Read third time in full -- PASSED 30-3-2	Adds to existing law to establish provisions regarding special expertise of boards of county commissioners and coordination of planning efforts with federal age	BOARDS OF COUNTY COMMISSIONERS -- Adds to existing law to establish provisions regarding special expertise of boards of county commissioners and coordination of planning efforts with federal agencies.	out-of-gate:not-divided	
H0621	2113275	house	1676329	2026-04-02	56-11	1	1	2			Amends existing law to revise a provision regarding prohibited conduct.	CONCEALED WEAPONS -- Amends existing law to revise a provision regarding prohibited conduct.	out-of-gate:not-enacted	
H0623	2113183	house	1642360	2026-02-24	51-17	1	0	4	62	Read Third Time in Full -- PASSED 51-17-2	Adds to existing law to require Idaho public schools to establish policies providing for a daily moment of silence.	EDUCATION -- Adds to existing law to require Idaho public schools to establish policies providing for a daily moment of silence.	dropped:selection	daily moment of silence in schools; reads as religious liberty to some and compelled observance to others, no settled direction
H0623	2113183	senate	1663818	2026-03-16	18-15	1	0	4	62	Read third time in full -- PASSED 18-15-2	Adds to existing law to require Idaho public schools to establish policies providing for a daily moment of silence.	EDUCATION -- Adds to existing law to require Idaho public schools to establish policies providing for a daily moment of silence.	dropped:selection	daily moment of silence in schools; reads as religious liberty to some and compelled observance to others, no settled direction
H0624	2113322	house	1633363	2026-02-13	68-0	1	0	4	12	Read Third Time in Full -- PASSED 68-0-2	Amends existing law to revise provisions regarding virtual public education in Idaho.	EDUCATION -- Amends existing law to revise provisions regarding virtual public education in Idaho.	out-of-gate:not-divided	
H0624	2113322	senate	1654987	2026-03-05	32-0	1	0	4	12	Read third time in full -- PASSED 32-0-3	Amends existing law to revise provisions regarding virtual public education in Idaho.	EDUCATION -- Amends existing law to revise provisions regarding virtual public education in Idaho.	out-of-gate:not-divided	
H0626	2114160	house	1654981	2026-03-05	68-1	1	0	2		Read Third Time in Full -- PASSED 68-1-1	Amends existing law to revise provisions regarding minimum standards and requirements for development impact fees ordinances.	IMPACT FEES -- Amends existing law to revise provisions regarding minimum standards and requirements for development impact fees ordinances.	out-of-gate:not-enacted	
H0628	2114411	house	1641698	2026-02-23	63-6	1	0	4	30	Read Third Time in Full -- PASSED 63-6-1	Amends existing law to revise provisions regarding the Parent-Student On-Road Driver's Training Program.	MOTOR VEHICLES -- Amends existing law to revise provisions regarding the Parent-Student On-Road Driver's Training Program.	out-of-gate:not-divided	
H0628	2114411	senate	1658926	2026-03-10	29-6	1	0	4	30	Read third time in full -- PASSED 29-6-0	Amends existing law to revise provisions regarding the Parent-Student On-Road Driver's Training Program.	MOTOR VEHICLES -- Amends existing law to revise provisions regarding the Parent-Student On-Road Driver's Training Program.	out-of-gate:not-divided	
H0629	2114202	house	1671374	2026-03-26	49-17	2	1	4	237		Amends existing law to provide for a printed copy of a registration card for vehicles.	TRANSPORTATION -- Amends existing law to provide for a printed copy of a registration card for vehicles.	candidate:unbatched	
H0629	2114202	senate	1669134	2026-03-24	34-0	1	1	4	237	Read third time as amended in the Senate -- PASSED 34-0-1	Amends existing law to provide for a printed copy of a registration card for vehicles.	TRANSPORTATION -- Amends existing law to provide for a printed copy of a registration card for vehicles.	out-of-gate:not-divided	
H0630	2114331	house	1642788	2026-02-24	60-8	1	0	2		Read Third Time in Full -- PASSED 60-8-2	Amends existing law to provide for shooting of coyotes, wolves, and red foxes from aircraft.	AIRBORNE CONTROL OF PREDATORY ANIMALS -- Amends existing law to provide for shooting of coyotes, wolves, and red foxes from aircraft.	out-of-gate:not-enacted	
H0630	2114331	senate	1669821	2026-03-25	6-28	1	0	2		Read third time in full -- FAILED 6-28-1	Amends existing law to provide for shooting of coyotes, wolves, and red foxes from aircraft.	AIRBORNE CONTROL OF PREDATORY ANIMALS -- Amends existing law to provide for shooting of coyotes, wolves, and red foxes from aircraft.	out-of-gate:not-enacted	
H0631	2114264	house	1642401	2026-02-24	61-7	1	0	4	216	Read Third Time in Full -- PASSED 61-7-2	Amends existing law to integrate IDAPA 02.01.05 into Idaho Code.	AGRICULTURAL CERTIFICATES OF FREE SALE -- Amends existing law to integrate IDAPA 02.01.05 into Idaho Code.	out-of-gate:not-divided	
H0631	2114264	senate	1669753	2026-03-25	33-0	1	0	4	216	Read third time in full -- PASSED 33-0-2	Amends existing law to integrate IDAPA 02.01.05 into Idaho Code.	AGRICULTURAL CERTIFICATES OF FREE SALE -- Amends existing law to integrate IDAPA 02.01.05 into Idaho Code.	out-of-gate:not-divided	
H0632	2114244	house	1634820	2026-02-16	68-0	1	0	2		Read Third Time in Full -- PASSED 68-0-2	Amends and adds to existing law to establish provisions to protect public employees from certain adverse actions, to provide certain remedies for violations, an	GOVERNMENT TRANSPARENCY AND ETHICS -- Amends and adds to existing law to establish provisions to protect public employees from certain adverse actions, to provide certain remedies for violations, and to provide special p	out-of-gate:not-enacted	
H0635	2114223	house	1635891	2026-02-17	66-3	1	0	4	50	Read Third Time in Full -- PASSED 66-3-1	Amends existing law to revise provisions regarding investigations conducted by the Idaho Professional Standards Commission.	EDUCATION -- Amends existing law to revise provisions regarding investigations conducted by the Idaho Professional Standards Commission.	out-of-gate:not-divided	
H0635	2114223	senate	1663856	2026-03-16	34-1	1	0	4	50	Read third time in full -- PASSED 34-1-0	Amends existing law to revise provisions regarding investigations conducted by the Idaho Professional Standards Commission.	EDUCATION -- Amends existing law to revise provisions regarding investigations conducted by the Idaho Professional Standards Commission.	out-of-gate:not-divided	
H0636	2114374	house	1637601	2026-02-18	66-0	1	0	4	32	Read Third Time in Full -- PASSED 66-0-4	Amends existing law to revise provisions regarding the School District Facilities Fund.	EDUCATION -- Amends existing law to revise provisions regarding the School District Facilities Fund.	out-of-gate:not-divided	
H0636	2114374	senate	1659233	2026-03-10	34-0	1	0	4	32	Read third time in full -- PASSED 34-0-1	Amends existing law to revise provisions regarding the School District Facilities Fund.	EDUCATION -- Amends existing law to revise provisions regarding the School District Facilities Fund.	out-of-gate:not-divided	
H0637	2115382	house	1646464	2026-02-26	55-13	1	0	4	185	Read Third Time in Full -- PASSED 55-13-2	Amends existing law to revise provisions regarding gold and silver coin and specie.	GOLD AND SILVER -- Amends existing law to revise provisions regarding gold and silver coin and specie.	out-of-gate:not-divided	
H0637	2115382	senate	1667633	2026-03-23	28-5	1	0	4	185	Read third time in full -- PASSED 28-5-2	Amends existing law to revise provisions regarding gold and silver coin and specie.	GOLD AND SILVER -- Amends existing law to revise provisions regarding gold and silver coin and specie.	out-of-gate:not-divided	
H0638	2115606	house	1657478	2026-03-09	45-23	1	0	2		Read Third Time in Full -- PASSED 45-23-2	Amends and adds to existing law to provide for a presidential primary election.	ELECTIONS -- Amends and adds to existing law to provide for a presidential primary election.	out-of-gate:not-enacted	
H0639	2115578	house	1640176	2026-02-20	67-0	1	0	4	73	Read Third Time in Full -- PASSED 67-0-3	Amends and adds to existing law to provide for a licensed midwife to obtain and administer medication indicated for maternal care or neonatal care if a midwife	MIDWIFERY -- Amends and adds to existing law to provide for a licensed midwife to obtain and administer medication indicated for maternal care or neonatal care if a midwife possesses requisite education, training, and ex	out-of-gate:not-divided	
H0639	2115578	senate	1659213	2026-03-10	35-0	1	0	4	73	Read third time in full -- PASSED 35-0-0	Amends and adds to existing law to provide for a licensed midwife to obtain and administer medication indicated for maternal care or neonatal care if a midwife	MIDWIFERY -- Amends and adds to existing law to provide for a licensed midwife to obtain and administer medication indicated for maternal care or neonatal care if a midwife possesses requisite education, training, and ex	out-of-gate:not-divided	
H0641	2115161	house	1644506	2026-02-25	24-46	1	0	1		Read Third Time in Full -- FAILED 24-46-0	Adds to existing law to specify certain requirements regarding the use of earned sick leave.	EMPLOYMENT CONTRACTS -- Adds to existing law to specify certain requirements regarding the use of earned sick leave.	out-of-gate:not-enacted	
H0642	2115135	house	1643091	2026-02-24	68-0	1	0	4	118	Read Third Time in Full -- PASSED 68-0-2	Amends and repeals existing law to establish public safety officer catastrophic injury or death in the line of duty benefits.	PUBLIC EMPLOYEE RETIREMENT SYSTEM -- Amends and repeals existing law to establish public safety officer catastrophic injury or death in the line of duty benefits.	out-of-gate:not-divided	
H0642	2115135	senate	1663735	2026-03-16	35-0	1	0	4	118	Read third time in full -- PASSED 35-0-0	Amends and repeals existing law to establish public safety officer catastrophic injury or death in the line of duty benefits.	PUBLIC EMPLOYEE RETIREMENT SYSTEM -- Amends and repeals existing law to establish public safety officer catastrophic injury or death in the line of duty benefits.	out-of-gate:not-divided	
H0645	2115441	house	1646448	2026-02-26	64-3	1	0	4	106	Read Third Time in Full -- PASSED 64-3-3	Adds to existing law to establish the Portable Benefit Plan Act.	PORTABLE BENEFIT PLAN ACT -- Adds to existing law to establish the Portable Benefit Plan Act.	out-of-gate:not-divided	
H0645	2115441	senate	1664856	2026-03-17	25-7	1	0	4	106	Read third time in full -- PASSED 25-7-3	Adds to existing law to establish the Portable Benefit Plan Act.	PORTABLE BENEFIT PLAN ACT -- Adds to existing law to establish the Portable Benefit Plan Act.	candidate:unbatched	
H0648	2115410	house	1659060	2026-03-10	66-4	1	0	4	259	Read Third Time in Full -- PASSED 66-4-0	Adds to existing law to establish provisions regarding coverage of anticancer medications under health benefit plans.	INSURANCE -- Adds to existing law to establish provisions regarding coverage of anticancer medications under health benefit plans.	out-of-gate:not-divided	
H0648	2115410	senate	1669890	2026-03-25	31-3	1	0	4	259	Read third time in full -- PASSED 31-3-1	Adds to existing law to establish provisions regarding coverage of anticancer medications under health benefit plans.	INSURANCE -- Adds to existing law to establish provisions regarding coverage of anticancer medications under health benefit plans.	out-of-gate:not-divided	
H0650	2115189	house	1655329	2026-03-05	62-6	1	0	4	238	Read Third Time in Full -- PASSED 62-6-2	Adds to existing law to provide for state sovereignty, jurisdictional presumption, and a limitation on federal power.	STATE GOVERNMENT AND STATE AFFAIRS -- Adds to existing law to provide for state sovereignty, jurisdictional presumption, and a limitation on federal power.	out-of-gate:not-divided	
H0650	2115189	senate	1671354	2026-03-26	31-3	1	0	4	238	Read third time in full -- PASSED 31-3-1	Adds to existing law to provide for state sovereignty, jurisdictional presumption, and a limitation on federal power.	STATE GOVERNMENT AND STATE AFFAIRS -- Adds to existing law to provide for state sovereignty, jurisdictional presumption, and a limitation on federal power.	out-of-gate:not-divided	
H0652	2115356	house	1641181	2026-02-23	63-0	1	0	4	53	Read Third Time in Full -- PASSED 63-0-7	Adds to existing law to provide for hunting as the state sport.	STATE SYMBOLS -- Adds to existing law to provide for hunting as the state sport.	out-of-gate:not-divided	
H0652	2115356	senate	1661975	2026-03-12	34-0	1	0	4	53	Read third time in full -- PASSED 34-0-1	Adds to existing law to provide for hunting as the state sport.	STATE SYMBOLS -- Adds to existing law to provide for hunting as the state sport.	out-of-gate:not-divided	
H0654	2115269	house	1640924	2026-02-23	67-0	1	0	4	179	Read Third Time in Full -- PASSED 67-0-3	Amends existing law to define “electronic storage detection dog.”	POLICE DOGS -- Amends existing law to define “electronic storage detection dog.”	out-of-gate:not-divided	
H0654	2115269	senate	1669089	2026-03-24	34-0	1	0	4	179	Read third time in full -- PASSED 34-0-1	Amends existing law to define “electronic storage detection dog.”	POLICE DOGS -- Amends existing law to define “electronic storage detection dog.”	out-of-gate:not-divided	
H0658	2116992	house	1649833	2026-03-02	66-0	1	0	4	160	Read Third Time in Full -- PASSED 66-0-4	Amends existing law to revise provisions regarding vacancies on cemetery maintenance boards.	CEMETERY MAINTENANCE DISTRICTS -- Amends existing law to revise provisions regarding vacancies on cemetery maintenance boards.	out-of-gate:not-divided	
H0658	2116992	senate	1667803	2026-03-23	33-0	1	0	4	160	Read third time in full -- PASSED 33-0-2	Amends existing law to revise provisions regarding vacancies on cemetery maintenance boards.	CEMETERY MAINTENANCE DISTRICTS -- Amends existing law to revise provisions regarding vacancies on cemetery maintenance boards.	out-of-gate:not-divided	
H0659	2117008	house	1656427	2026-03-06	41-27	1	0	2		Read Third Time in Full -- PASSED 41-27-2	Adds to existing law to establish provisions regarding law enforcement entering into a memorandum of agreement with Immigration and Customs Enforcement.	MEMORANDUM OF AGREEMENT WITH IMMIGRATION AND CUSTOMS ENFORCEMENT -- Adds to existing law to establish provisions regarding law enforcement entering into a memorandum of agreement with Immigration and Customs Enforcement.	out-of-gate:not-enacted	
H0660	2116988	house	1665721	2026-03-18	40-30	1	0	2		Read Third Time in Full -- PASSED 40-30-0	Adds to existing law to establish provisions regarding the immigration status and nationality of arrested individuals.	IMMIGRATION STATUS AND NATIONALITY OF ARRESTED INDIVIDUALS -- Adds to existing law to establish provisions regarding the immigration status and nationality of arrested individuals.	out-of-gate:not-enacted	
H0661	2117016	house	1649981	2026-03-02	66-0	1	0	4	75	Read Third Time in Full -- PASSED 66-0-4	Amends existing law to revise provisions regarding solid waste disposal contracts in counties.	SOLID WASTE -- Amends existing law to revise provisions regarding solid waste disposal contracts in counties.	out-of-gate:not-divided	
H0661	2117016	senate	1664698	2026-03-17	34-0	1	0	4	75	Read third time in full -- PASSED 34-0-1	Amends existing law to revise provisions regarding solid waste disposal contracts in counties.	SOLID WASTE -- Amends existing law to revise provisions regarding solid waste disposal contracts in counties.	out-of-gate:not-divided	
H0662	2116968	house	1649496	2026-03-02	67-0	1	0	4	74	Read Third Time in Full -- PASSED 67-0-3	Amends existing law to revise provisions regarding milk and cream testing methods.	MILK TESTING -- Amends existing law to revise provisions regarding milk and cream testing methods.	out-of-gate:not-divided	
H0662	2116968	senate	1664922	2026-03-17	34-0	1	0	4	74	Read third time in full -- PASSED 34-0-1	Amends existing law to revise provisions regarding milk and cream testing methods.	MILK TESTING -- Amends existing law to revise provisions regarding milk and cream testing methods.	out-of-gate:not-divided	
H0663	2116999	house	1640919	2026-02-23	65-3	1	0	4	46	Read Third Time in Full -- PASSED 65-3-2	Amends existing law to revise provisions regarding agriculture license plates.	LICENSE PLATES -- Amends existing law to revise provisions regarding agriculture license plates.	out-of-gate:not-divided	
H0663	2116999	senate	1661955	2026-03-12	35-0	1	0	4	46	Read third time in full -- PASSED 35-0-0	Amends existing law to revise provisions regarding agriculture license plates.	LICENSE PLATES -- Amends existing law to revise provisions regarding agriculture license plates.	out-of-gate:not-divided	
H0664	2116865	house	1651054	2026-03-03	57-11	1	0	4	108	Read Third Time in Full -- PASSED 57-11-2	Amends existing law to provide that speed limits for vehicles with five or more axles operating at a gross weight of more than 26,000 pounds shall be the same a	MOTOR VEHICLES -- Amends existing law to provide that speed limits for vehicles with five or more axles operating at a gross weight of more than 26,000 pounds shall be the same as for other vehicles.	out-of-gate:not-divided	
H0664	2116865	senate	1664726	2026-03-17	27-7	1	0	4	108	Read third time in full -- PASSED 27-7-1	Amends existing law to provide that speed limits for vehicles with five or more axles operating at a gross weight of more than 26,000 pounds shall be the same a	MOTOR VEHICLES -- Amends existing law to provide that speed limits for vehicles with five or more axles operating at a gross weight of more than 26,000 pounds shall be the same as for other vehicles.	candidate:unbatched	
H0665	2117019	house	1649545	2026-03-02	65-0	1	0	4	169	Read Third Time in Full -- PASSED 65-0-5	Amending existing law to revise provisions regarding Appaloosa license plates.	MOTOR VEHICLES -- Amending existing law to revise provisions regarding Appaloosa license plates.	out-of-gate:not-divided	
H0665	2117019	senate	1669030	2026-03-24	34-0	1	0	4	169	Read third time in full -- PASSED 34-0-1	Amending existing law to revise provisions regarding Appaloosa license plates.	MOTOR VEHICLES -- Amending existing law to revise provisions regarding Appaloosa license plates.	out-of-gate:not-divided	
H0666	2116874	house	1649446	2026-03-02	46-21	1	0	2		Read Third Time in Full -- PASSED 46-21-3	Amends existing law to require a person to apply for a driver's license, register vehicles, and obtain a certificate of vehicle title within 30 days of becoming	TRANSPORTATION -- Amends existing law to require a person to apply for a driver's license, register vehicles, and obtain a certificate of vehicle title within 30 days of becoming an Idaho resident.	out-of-gate:not-enacted	
H0667	2116965	house	1650920	2026-03-03	46-21	1	0	4	167	Read Third Time in Full -- PASSED 46-21-3	Amends existing law to eliminate the nondomiciled CDL program in Idaho.	MOTOR VEHICLES -- Amends existing law to eliminate the nondomiciled CDL program in Idaho.	candidate:unbatched	
H0667	2116965	senate	1668978	2026-03-24	29-4	1	0	4	167	Read third time in full -- PASSED 29-4-2	Amends existing law to eliminate the nondomiciled CDL program in Idaho.	MOTOR VEHICLES -- Amends existing law to eliminate the nondomiciled CDL program in Idaho.	out-of-gate:not-divided	
H0668	2116949	house	1659015	2026-03-10	68-1	1	1	2			Amends and adds to existing law to provide for penalties, enforcement requirements, and affirmative defenses regarding child custody interference.	CHILD CUSTODY INTERFERENCE -- Amends and adds to existing law to provide for penalties, enforcement requirements, and affirmative defenses regarding child custody interference.	out-of-gate:not-enacted	
H0670	2116973	house	1655631	2026-03-05	59-10	1	0	2		Read Third Time in Full -- PASSED 59-10-1	Amends existing law to revise provisions regarding budget limitations and exceptions and to revise certain definitions regarding urban renewal financing.	REVENUE AND TAXATION -- Amends existing law to revise provisions regarding budget limitations and exceptions and to revise certain definitions regarding urban renewal financing.	out-of-gate:not-enacted	
H0672	2117649	house	1657481	2026-03-09	66-0	1	0	2		Read Third Time in Full -- PASSED 66-0-4	Amends existing law to provide that the executive budget document shall not contain certain logos, mottos, or slogans.	EXECUTIVE BUDGET -- Amends existing law to provide that the executive budget document shall not contain certain logos, mottos, or slogans.	out-of-gate:not-enacted	
H0674	2117724	house	1656646	2026-03-06	65-1	1	0	5		Read Third Time in Full -- PASSED 65-1-4	Amends and adds to existing law to revise provisions regarding the discontinuation of telecommunication service.	TELECOMMUNICATION SERVICE -- Amends and adds to existing law to revise provisions regarding the discontinuation of telecommunication service.	out-of-gate:not-enacted	
H0674	2117724	senate	1671401	2026-03-26	22-12	1	0	5		Read third time in full -- PASSED 22-12-1	Amends and adds to existing law to revise provisions regarding the discontinuation of telecommunication service.	TELECOMMUNICATION SERVICE -- Amends and adds to existing law to revise provisions regarding the discontinuation of telecommunication service.	out-of-gate:not-enacted	
H0676	2117668	house	1646927	2026-02-26	68-2	1	0	4	65	Read Third Time in Full -- PASSED 68-2-0	Amends existing law to provide for the municipal use of geothermal water.	GEOTHERMAL -- Amends existing law to provide for the municipal use of geothermal water.	out-of-gate:not-divided	
H0676	2117668	senate	1663928	2026-03-16	35-0	1	0	4	65	Read third time in full -- PASSED 35-0-0	Amends existing law to provide for the municipal use of geothermal water.	GEOTHERMAL -- Amends existing law to provide for the municipal use of geothermal water.	out-of-gate:not-divided	
H0678	2117680	house	1671386	2026-03-26	63-3	2	1	4	242		Adds to existing law to provide for the checking of wolf traps.	TRAPPING -- Adds to existing law to provide for the checking of wolf traps.	out-of-gate:not-divided	
H0678	2117680	senate	1668982	2026-03-24	34-0	1	1	4	242	Read third time as amended in the Senate -- PASSED 34-0-1	Adds to existing law to provide for the checking of wolf traps.	TRAPPING -- Adds to existing law to provide for the checking of wolf traps.	out-of-gate:not-divided	
H0680	2117707	house	1663662	2026-03-16	68-0	1	0	2		Read Third Time in Full -- PASSED 68-0-2	Amends existing law to revise provisions regarding interviews of alleged child abuse victims.	CHILD PROTECTIVE ACT -- Amends existing law to revise provisions regarding interviews of alleged child abuse victims.	out-of-gate:not-enacted	
H0681	2117705	house	1659113	2026-03-10	64-0	1	0	4	191		Amends existing law to provide that there shall be no statute of limitations for certain felonies.	CRIMINAL PROCEDURE -- Amends existing law to provide that there shall be no statute of limitations for certain felonies.	out-of-gate:not-divided	
H0681	2117705	senate	1669082	2026-03-24	34-0	1	0	4	191	Read third time in full -- PASSED 34-0-1	Amends existing law to provide that there shall be no statute of limitations for certain felonies.	CRIMINAL PROCEDURE -- Amends existing law to provide that there shall be no statute of limitations for certain felonies.	out-of-gate:not-divided	
H0683	2117634	house	1646930	2026-02-26	69-0	1	0	4	204	Read Third Time in Full -- PASSED 69-0-1	Amends existing law to revise provisions regarding where a sex offender resides.	SEX OFFENDERS -- Amends existing law to revise provisions regarding where a sex offender resides.	out-of-gate:not-divided	
H0683	2117634	senate	1669166	2026-03-24	33-0	1	0	4	204	Read third time in full -- PASSED 33-0-2	Amends existing law to revise provisions regarding where a sex offender resides.	SEX OFFENDERS -- Amends existing law to revise provisions regarding where a sex offender resides.	out-of-gate:not-divided	
H0684	2117624	house	1671549	2026-03-26	66-0	2	1	4	224		Adds to existing law to authorize a sheriff's office to seek reimbursement for costs of recapture.	COUNTY SHERIFFS -- Adds to existing law to authorize a sheriff's office to seek reimbursement for costs of recapture.	out-of-gate:not-divided	
H0684	2117624	senate	1669010	2026-03-24	34-0	1	1	4	224	Read third time as amended in the Senate -- PASSED 34-0-1	Adds to existing law to authorize a sheriff's office to seek reimbursement for costs of recapture.	COUNTY SHERIFFS -- Adds to existing law to authorize a sheriff's office to seek reimbursement for costs of recapture.	out-of-gate:not-divided	
H0685	2117653	house	1655368	2026-03-05	38-31	1	0	2		Read Third Time in Full -- PASSED 38-31-1	Adds to existing law to prohibit the use of a mask or disguise during a criminal offense and to provide for a sentencing enhancement.	CRIMES AND PUNISHMENT -- Adds to existing law to prohibit the use of a mask or disguise during a criminal offense and to provide for a sentencing enhancement.	out-of-gate:not-enacted	
H0686	2117641	house	1655360	2026-03-05	65-4	1	0	4	68	Read Third Time in Full -- PASSED 65-4-1	Amends existing law to revise a provision regarding employment of relatives and to provide an exemption regarding the employment of certain relatives.	BRIBERY AND CORRUPTION -- Amends existing law to revise a provision regarding employment of relatives and to provide an exemption regarding the employment of certain relatives.	out-of-gate:not-divided	
H0686	2117641	senate	1663823	2026-03-16	34-0	1	0	4	68	Read third time in full -- PASSED 34-0-1	Amends existing law to revise a provision regarding employment of relatives and to provide an exemption regarding the employment of certain relatives.	BRIBERY AND CORRUPTION -- Amends existing law to revise a provision regarding employment of relatives and to provide an exemption regarding the employment of certain relatives.	out-of-gate:not-divided	
H0687	2117670	house	1649871	2026-03-02	56-11	1	0	2		Read Third Time in Full -- PASSED 56-11-3	Adds to existing law to establish provisions regarding unbiased artificial intelligence in state government purchasing.	PROCUREMENT -- Adds to existing law to establish provisions regarding unbiased artificial intelligence in state government purchasing.	out-of-gate:not-enacted	
H0688	2117661	house	1649982	2026-03-02	54-13	1	0	4	95	Read Third Time in Full -- PASSED 54-13-3	Repeals and adds to existing law to provide for prohibited acts and penalties regarding air bags and air bag systems.	MOTOR VEHICLES -- Repeals and adds to existing law to provide for prohibited acts and penalties regarding air bags and air bag systems.	out-of-gate:not-divided	
H0688	2117661	senate	1664825	2026-03-17	29-5	1	0	4	95	Read third time in full -- PASSED 29-5-1	Repeals and adds to existing law to provide for prohibited acts and penalties regarding air bags and air bag systems.	MOTOR VEHICLES -- Repeals and adds to existing law to provide for prohibited acts and penalties regarding air bags and air bag systems.	out-of-gate:not-divided	
H0689	2117677	house	1642396	2026-02-24	68-0	1	0	4	202	Read Third Time in Full -- PASSED 68-0-2	Amends existing law to revise a provision regarding an administrative subpoena.	ADMINISTRATIVE SUBPOENAS -- Amends existing law to revise a provision regarding an administrative subpoena.	out-of-gate:not-divided	
H0689	2117677	senate	1669022	2026-03-24	34-0	1	0	4	202	Read third time in full -- PASSED 34-0-1	Amends existing law to revise a provision regarding an administrative subpoena.	ADMINISTRATIVE SUBPOENAS -- Amends existing law to revise a provision regarding an administrative subpoena.	out-of-gate:not-divided	
H0690	2117716	house	1642366	2026-02-24	68-0	1	0	4	182	Read Third Time in Full -- PASSED 68-0-2	Amends and repeals existing law to remove provisions regarding sobriety and drug monitoring programs.	ATTORNEY GENERAL -- Amends and repeals existing law to remove provisions regarding sobriety and drug monitoring programs.	out-of-gate:not-divided	
H0690	2117716	senate	1668995	2026-03-24	34-0	1	0	4	182	Read third time in full -- PASSED 34-0-1	Amends and repeals existing law to remove provisions regarding sobriety and drug monitoring programs.	ATTORNEY GENERAL -- Amends and repeals existing law to remove provisions regarding sobriety and drug monitoring programs.	out-of-gate:not-divided	
H0692	2117603	house	1655352	2026-03-05	54-13	1	1	2		Read third time in full as amended -- PASSED 54-13-3	Amends and adds to existing law to provide for attendance at child protection hearings.	CHILD PROTECTION -- Amends and adds to existing law to provide for attendance at child protection hearings.	out-of-gate:not-enacted	
H0695	2117685	house	1650985	2026-03-03	68-0	1	0	4	82	Read Third Time in Full -- PASSED 68-0-2	Amends existing law to revise a provision regarding a fee for service.	FORCIBLE ENTRY AND UNLAWFUL DETAINER -- Amends existing law to revise a provision regarding a fee for service.	out-of-gate:not-divided	
H0695	2117685	senate	1664797	2026-03-17	34-0	1	0	4	82	Read third time in full -- PASSED 34-0-1	Amends existing law to revise a provision regarding a fee for service.	FORCIBLE ENTRY AND UNLAWFUL DETAINER -- Amends existing law to revise a provision regarding a fee for service.	out-of-gate:not-divided	
H0696	2117597	house	1655074	2026-03-05	68-0	1	0	4	176	Read Third Time in Full -- PASSED 68-0-2	Amends existing law to revise the definition of “sexual contact.”	PRISONERS -- Amends existing law to revise the definition of “sexual contact.”	out-of-gate:not-divided	
H0696	2117597	senate	1669015	2026-03-24	34-0	1	0	4	176	Read third time in full -- PASSED 34-0-1	Amends existing law to revise the definition of “sexual contact.”	PRISONERS -- Amends existing law to revise the definition of “sexual contact.”	out-of-gate:not-divided	
H0697	2117709	house	1651339	2026-03-03	68-0	1	0	4	63	Read Third Time in Full -- PASSED 68-0-2	Repeals and adds to existing law to provide for the crime of illegal voting, to provide for the crime of interference with an election, and to provide for the c	ELECTIONS -- Repeals and adds to existing law to provide for the crime of illegal voting, to provide for the crime of interference with an election, and to provide for the crime of tampering with voting machines or vote	out-of-gate:not-divided	
H0697	2117709	senate	1663661	2026-03-16	35-0	1	0	4	63	Read third time in full -- PASSED 35-0-0	Repeals and adds to existing law to provide for the crime of illegal voting, to provide for the crime of interference with an election, and to provide for the c	ELECTIONS -- Repeals and adds to existing law to provide for the crime of illegal voting, to provide for the crime of interference with an election, and to provide for the crime of tampering with voting machines or vote	out-of-gate:not-divided	
H0698	2117644	house	1642367	2026-02-24	68-0	1	0	4	64	Read Third Time in Full -- PASSED 68-0-2	Amends existing law to revise a provision regarding voting by persons convicted of felonies in other states.	VOTING -- Amends existing law to revise a provision regarding voting by persons convicted of felonies in other states.	out-of-gate:not-divided	
H0698	2117644	senate	1663460	2026-03-16	35-0	1	0	4	64	Read third time in full -- PASSED 35-0-0	Amends existing law to revise a provision regarding voting by persons convicted of felonies in other states.	VOTING -- Amends existing law to revise a provision regarding voting by persons convicted of felonies in other states.	out-of-gate:not-divided	
H0700	2117595	house	1648191	2026-02-27	36-33	1	0	2		Read Third Time in Full -- PASSED 36-33-1	Adds to existing law to establish provisions prohibiting the unlawful employment of unauthorized aliens.	UNAUTHORIZED ALIENS -- Adds to existing law to establish provisions prohibiting the unlawful employment of unauthorized aliens.	out-of-gate:not-enacted	
H0702	2117665	house	1657759	2026-03-09	61-6	1	0	2		Read Third Time in Full -- PASSED 61-6-3	Amends existing law to revise a provision regarding applicability and choice of law, to remove provisions regarding applicability and choice of law, to remove p	COMMERCIAL TRANSACTIONS -- Amends existing law to revise a provision regarding applicability and choice of law, to remove provisions regarding applicability and choice of law, to remove provisions regarding priority amon	out-of-gate:not-enacted	
H0703	2117720	house	1671399	2026-03-26	67-0	2	1	4	221		Amends, repeals, and adds to existing law to revise provisions regarding the Division of Occupational and Professional Licenses.	OCCUPATIONAL AND PROFESSIONAL LICENSING -- Amends, repeals, and adds to existing law to revise provisions regarding the Division of Occupational and Professional Licenses.	out-of-gate:not-divided	
H0703	2117720	senate	1668108	2026-03-23	32-1	1	1	4	221	Read third time as amended in the Senate -- PASSED 32-1-2	Amends, repeals, and adds to existing law to revise provisions regarding the Division of Occupational and Professional Licenses.	OCCUPATIONAL AND PROFESSIONAL LICENSING -- Amends, repeals, and adds to existing law to revise provisions regarding the Division of Occupational and Professional Licenses.	out-of-gate:not-divided	
H0704	2117622	house	1647779	2026-02-27	43-26	1	0	2		Read Third Time in Full -- PASSED 43-26-1	Adds to existing law to establish certain requirements for employers to verify the lawful status of workers.	UNAUTHORIZED WORKERS -- Adds to existing law to establish certain requirements for employers to verify the lawful status of workers.	out-of-gate:not-enacted	
H0706	2117689	house	1669076	2026-03-24	63-7	1	0	4	320		Adds to existing law to establish provisions regarding single stairway building exceptions.	IDAHO BUILDING CODES -- Adds to existing law to establish provisions regarding single stairway building exceptions.	out-of-gate:not-divided	
H0706	2117689	senate	1675360	2026-04-01	18-17	1	0	4	320	Read in full as required) -- PASSED 18-17-0	Adds to existing law to establish provisions regarding single stairway building exceptions.	IDAHO BUILDING CODES -- Adds to existing law to establish provisions regarding single stairway building exceptions.	candidate:unbatched	
H0707	2117627	house	1657415	2026-03-09	64-0	1	0	4	170		Adds to existing law to provide for an administrative process for certain land divisions.	MUNICIPAL CORPORATIONS -- Adds to existing law to provide for an administrative process for certain land divisions.	out-of-gate:not-divided	
H0707	2117627	senate	1669001	2026-03-24	32-2	1	0	4	170	Read third time in full -- PASSED 32-2-1	Adds to existing law to provide for an administrative process for certain land divisions.	MUNICIPAL CORPORATIONS -- Adds to existing law to provide for an administrative process for certain land divisions.	out-of-gate:not-divided	
H0711	2117692	house	1649668	2026-03-02	58-9	1	0	4	254	Read Third Time in Full -- PASSED 58-9-3	Amends and adds to existing law to provide for alternative authorization for administrators and to authorize the use of funds for related mentoring.	EDUCATION -- Amends and adds to existing law to provide for alternative authorization for administrators and to authorize the use of funds for related mentoring.	out-of-gate:not-divided	
H0711	2117692	senate	1671402	2026-03-26	30-5	1	0	4	254	Read third time in full -- PASSED 30-5-0	Amends and adds to existing law to provide for alternative authorization for administrators and to authorize the use of funds for related mentoring.	EDUCATION -- Amends and adds to existing law to provide for alternative authorization for administrators and to authorize the use of funds for related mentoring.	out-of-gate:not-divided	
H0712	2117664	house	1649293	2026-03-02	67-0	1	0	4	158	Read Third Time in Full -- PASSED 67-0-3	Adds to existing law to provide for the Idaho State Seal of Excellence in Civics Program.	EDUCATION -- Adds to existing law to provide for the Idaho State Seal of Excellence in Civics Program.	out-of-gate:not-divided	
H0712	2117664	senate	1667989	2026-03-23	33-0	1	0	4	158	Read third time in full -- PASSED 33-0-2	Adds to existing law to provide for the Idaho State Seal of Excellence in Civics Program.	EDUCATION -- Adds to existing law to provide for the Idaho State Seal of Excellence in Civics Program.	out-of-gate:not-divided	
H0714	2118401	house	1655894	2026-03-05	68-0	1	0	4	89	Read Third Time in Full -- PASSED 68-0-2	Amends and adds to existing law to provide for hazardous waste management.	HAZARDOUS WASTE -- Amends and adds to existing law to provide for hazardous waste management.	out-of-gate:not-divided	
H0714	2118401	senate	1664576	2026-03-17	34-0	1	0	4	89	Read third time in full -- PASSED 34-0-1	Amends and adds to existing law to provide for hazardous waste management.	HAZARDOUS WASTE -- Amends and adds to existing law to provide for hazardous waste management.	out-of-gate:not-divided	
H0715	2118506	house	1649974	2026-03-02	59-8	1	0	4	150	Read Third Time in Full -- PASSED 59-8-3	Amends existing law to revise provisions regarding the powers and duties of library boards of trustees to hire and terminate library directors.	PUBLIC LIBRARIES -- Amends existing law to revise provisions regarding the powers and duties of library boards of trustees to hire and terminate library directors.	out-of-gate:not-divided	
H0715	2118506	senate	1667591	2026-03-23	28-6	1	0	4	150	Read third time in full -- PASSED 28-6-1	Amends existing law to revise provisions regarding the powers and duties of library boards of trustees to hire and terminate library directors.	PUBLIC LIBRARIES -- Amends existing law to revise provisions regarding the powers and duties of library boards of trustees to hire and terminate library directors.	out-of-gate:not-divided	
H0716	2118423	house	1659066	2026-03-10	70-0	1	0	4	98	Read Third Time in Full -- PASSED 70-0-0	Amends existing law to revise provisions regarding apportionment of the Highway Distribution Account, to remove a limitation regarding revenues received from fu	TRANSPORTATION -- Amends existing law to revise provisions regarding apportionment of the Highway Distribution Account, to remove a limitation regarding revenues received from fuel taxes, and to revise a provision regard	out-of-gate:not-divided	
H0716	2118423	senate	1664780	2026-03-17	34-0	1	0	4	98	Read third time in full -- PASSED 34-0-1	Amends existing law to revise provisions regarding apportionment of the Highway Distribution Account, to remove a limitation regarding revenues received from fu	TRANSPORTATION -- Amends existing law to revise provisions regarding apportionment of the Highway Distribution Account, to remove a limitation regarding revenues received from fuel taxes, and to revise a provision regard	out-of-gate:not-divided	
H0717	2118291	house	1659072	2026-03-10	36-34	1	1	2			Amends existing law to provide for registration fees.	MOTOR VEHICLES -- Amends existing law to provide for registration fees.	out-of-gate:not-enacted	
H0720	2118446	house	1651337	2026-03-03	55-13	1	0	2		Read Third Time in Full -- PASSED 55-13-2	Amends existing law to provide that cities with 25,000 residents or less may provide for election of councilmen by districts and that cities with greater than 2	MUNICIPALITIES -- Amends existing law to provide that cities with 25,000 residents or less may provide for election of councilmen by districts and that cities with greater than 25,000 residents shall provide for the elec	out-of-gate:not-enacted	
H0721	2118468	house	1663656	2026-03-16	69-0	1	0	4	277	Read Third Time in Full -- PASSED 69-0-1	Amends existing law to revise provisions regarding public school building plan reviews.	IDAHO BUILDING CODE ACT -- Amends existing law to revise provisions regarding public school building plan reviews.	out-of-gate:not-divided	
H0721	2118468	senate	1673289	2026-03-30	34-0	1	0	4	277	Read third time in full -- PASSED 34-0-1	Amends existing law to revise provisions regarding public school building plan reviews.	IDAHO BUILDING CODE ACT -- Amends existing law to revise provisions regarding public school building plan reviews.	out-of-gate:not-divided	
H0722	2118312	house	1661744	2026-03-12	65-0	1	0	4	187		Amends existing law to revise provisions regarding certain rate-regulated electric companies and gas companies.	TAXATION -- Amends existing law to revise provisions regarding certain rate-regulated electric companies and gas companies.	out-of-gate:not-divided	
H0722	2118312	senate	1669099	2026-03-24	34-0	1	0	4	187	Read third time in full -- PASSED 34-0-1	Amends existing law to revise provisions regarding certain rate-regulated electric companies and gas companies.	TAXATION -- Amends existing law to revise provisions regarding certain rate-regulated electric companies and gas companies.	out-of-gate:not-divided	
H0723	2118947	house	1651383	2026-03-03	42-25	1	0	4	139	Read Third Time in Full -- PASSED 42-25-3	Adds to existing law to provide for department oversight for residential care facilities, licensing requirements, facility documentation requirements, and the y	CHILD CARE LICENSING -- Adds to existing law to provide for department oversight for residential care facilities, licensing requirements, facility documentation requirements, and the youth bill of rights.	candidate:unbatched	
H0723	2118947	senate	1665715	2026-03-18	32-3	1	0	4	139	Read third time in full -- PASSED 32-3-0	Adds to existing law to provide for department oversight for residential care facilities, licensing requirements, facility documentation requirements, and the y	CHILD CARE LICENSING -- Adds to existing law to provide for department oversight for residential care facilities, licensing requirements, facility documentation requirements, and the youth bill of rights.	out-of-gate:not-divided	
H0724	2119139	house	1657960	2026-03-09	58-7	1	0	4	132		Adds to existing law to provide for a notice of safety-related rights for foster children.	CHILD CARE LICENSING -- Adds to existing law to provide for a notice of safety-related rights for foster children.	out-of-gate:not-divided	
H0724	2119139	senate	1664827	2026-03-17	30-3	1	0	4	132	Read third time in full -- PASSED 30-3-2	Adds to existing law to provide for a notice of safety-related rights for foster children.	CHILD CARE LICENSING -- Adds to existing law to provide for a notice of safety-related rights for foster children.	out-of-gate:not-divided	
H0725	2118997	house	1665807	2026-03-18	30-40	1	0	1		Read Third Time in Full -- FAILED 30-40-0	Amends existing law to provide that the director of the Department of Administration may provide certain services to cities.	DEPARTMENT OF ADMINISTRATION -- Amends existing law to provide that the director of the Department of Administration may provide certain services to cities.	out-of-gate:not-enacted	
H0727	2119090	house	1650885	2026-03-03	68-0	1	0	4	121	Read Third Time in Full -- PASSED 68-0-2	Amends existing law to revise a provision regarding video voyeurism and to revise a penalty for disclosing explicit synthetic media.	SEX CRIMES -- Amends existing law to revise a provision regarding video voyeurism and to revise a penalty for disclosing explicit synthetic media.	out-of-gate:not-divided	
H0727	2119090	senate	1667131	2026-03-20	35-0	1	0	4	121	Read third time in full -- PASSED 35-0-0	Amends existing law to revise a provision regarding video voyeurism and to revise a penalty for disclosing explicit synthetic media.	SEX CRIMES -- Amends existing law to revise a provision regarding video voyeurism and to revise a penalty for disclosing explicit synthetic media.	out-of-gate:not-divided	
H0728	2119184	house	1671452	2026-03-26	67-0	2	1	4	222		Amends existing law to revise provisions regarding educational staff, teachers, and certificates.	EDUCATION -- Amends existing law to revise provisions regarding educational staff, teachers, and certificates.	out-of-gate:not-divided	
H0728	2119184	senate	1668143	2026-03-23	32-1	1	1	4	222	Read third time as amended in the Senate -- PASSED 32-1-2	Amends existing law to revise provisions regarding educational staff, teachers, and certificates.	EDUCATION -- Amends existing law to revise provisions regarding educational staff, teachers, and certificates.	out-of-gate:not-divided	
H0730	2120484	house	1673691	2026-03-31	57-4	2	1	4	294		Amends and adds to existing law to establish provisions regarding Supplemental Nutrition Assistance Program integrity measures and verification.	SUPPLEMENTAL NUTRITION ASSISTANCE PROGRAM -- Amends and adds to existing law to establish provisions regarding Supplemental Nutrition Assistance Program integrity measures and verification.	out-of-gate:not-divided	
H0730	2120484	senate	1673084	2026-03-30	29-6	1	1	4	294	Read third time as amended in the Senate -- PASSED 29-6-0	Amends and adds to existing law to establish provisions regarding Supplemental Nutrition Assistance Program integrity measures and verification.	SUPPLEMENTAL NUTRITION ASSISTANCE PROGRAM -- Amends and adds to existing law to establish provisions regarding Supplemental Nutrition Assistance Program integrity measures and verification.	out-of-gate:not-divided	
H0731	2120436	house	1642702	2026-02-24	68-0	1	0	4	72	Read Third Time in Full -- PASSED 68-0-2	Adds to existing law to provide for the State of Idaho to elect to participate in the federal tax credit scholarship program.	EDUCATION -- Adds to existing law to provide for the State of Idaho to elect to participate in the federal tax credit scholarship program.	out-of-gate:not-divided	
H0731	2120436	senate	1661772	2026-03-12	30-5	1	0	4	72	Read third time in full -- PASSED 30-5-0	Adds to existing law to provide for the State of Idaho to elect to participate in the federal tax credit scholarship program.	EDUCATION -- Adds to existing law to provide for the State of Idaho to elect to participate in the federal tax credit scholarship program.	out-of-gate:not-divided	
H0733	2120578	house	1651343	2026-03-03	65-0	1	0	4	81	Read Third Time in Full -- PASSED 65-0-5	Amends and adds to existing law to revise provisions regarding the taxation of partnership income.	TAXATION -- Amends and adds to existing law to revise provisions regarding the taxation of partnership income.	out-of-gate:not-divided	
H0733	2120578	senate	1664720	2026-03-17	34-0	1	0	4	81	Read third time in full -- PASSED 34-0-1	Amends and adds to existing law to revise provisions regarding the taxation of partnership income.	TAXATION -- Amends and adds to existing law to revise provisions regarding the taxation of partnership income.	out-of-gate:not-divided	
H0734	2120513	house	1655355	2026-03-05	62-6	1	0	4	104	Read Third Time in Full -- PASSED 62-6-2	Amends existing law to revise provisions regarding the allocation of certain tax revenue.	TAXATION -- Amends existing law to revise provisions regarding the allocation of certain tax revenue.	out-of-gate:not-divided	
H0734	2120513	senate	1664956	2026-03-17	34-0	1	0	4	104	Read third time in full -- PASSED 34-0-1	Amends existing law to revise provisions regarding the allocation of certain tax revenue.	TAXATION -- Amends existing law to revise provisions regarding the allocation of certain tax revenue.	out-of-gate:not-divided	
H0736	2120499	house	1655408	2026-03-05	68-1	1	0	4	186	Read Third Time in Full -- PASSED 68-1-1	Amends existing law to revise provisions regarding the form and contents of ballots to be prepared by the Secretary of State.	ELECTIONS -- Amends existing law to revise provisions regarding the form and contents of ballots to be prepared by the Secretary of State.	out-of-gate:not-divided	
H0736	2120499	senate	1668964	2026-03-24	34-0	1	0	4	186	Read third time in full -- PASSED 34-0-1	Amends existing law to revise provisions regarding the form and contents of ballots to be prepared by the Secretary of State.	ELECTIONS -- Amends existing law to revise provisions regarding the form and contents of ballots to be prepared by the Secretary of State.	out-of-gate:not-divided	
H0737	2120550	house	1646456	2026-02-26	66-4	1	0	4	66	Read Third Time in Full -- PASSED 66-4-0	Amends, repeals, and adds to existing law to merge the Office of Species Conservation and the Office of Energy and Mineral Resources.	NATURAL RESOURCES -- Amends, repeals, and adds to existing law to merge the Office of Species Conservation and the Office of Energy and Mineral Resources.	out-of-gate:not-divided	
H0737	2120550	senate	1663485	2026-03-16	30-2	1	0	4	66	Read third time in full -- PASSED 30-2-3	Amends, repeals, and adds to existing law to merge the Office of Species Conservation and the Office of Energy and Mineral Resources.	NATURAL RESOURCES -- Amends, repeals, and adds to existing law to merge the Office of Species Conservation and the Office of Energy and Mineral Resources.	out-of-gate:not-divided	
H0738	2120472	house	1655344	2026-03-05	68-0	1	0	4	80	Read Third Time in Full -- PASSED 68-0-2	Amends existing law to provide that the organizer of a limited liability company may use the street and mailing addresses of a company's commercial registered a	LIMITED LIABILITY COMPANIES -- Amends existing law to provide that the organizer of a limited liability company may use the street and mailing addresses of a company's commercial registered agent in certain circumstances	out-of-gate:not-divided	
H0738	2120472	senate	1664886	2026-03-17	33-0	1	0	4	80	Read third time in full -- PASSED 33-0-2	Amends existing law to provide that the organizer of a limited liability company may use the street and mailing addresses of a company's commercial registered a	LIMITED LIABILITY COMPANIES -- Amends existing law to provide that the organizer of a limited liability company may use the street and mailing addresses of a company's commercial registered agent in certain circumstances	out-of-gate:not-divided	
H0742	2121104	house	1655600	2026-03-05	67-0	1	0	4	143	Read Third Time in Full -- PASSED 67-0-3	Amends existing law to provide for cancellation or discharge of an encumbrance by an Idaho vehicle dealer and to allow electronic motor vehicle records as evide	VEHICLE TITLES -- Amends existing law to provide for cancellation or discharge of an encumbrance by an Idaho vehicle dealer and to allow electronic motor vehicle records as evidence of ownership.	out-of-gate:not-divided	
H0742	2121104	senate	1667474	2026-03-23	33-0	1	0	4	143	Read third time in full -- PASSED 33-0-2	Amends existing law to provide for cancellation or discharge of an encumbrance by an Idaho vehicle dealer and to allow electronic motor vehicle records as evide	VEHICLE TITLES -- Amends existing law to provide for cancellation or discharge of an encumbrance by an Idaho vehicle dealer and to allow electronic motor vehicle records as evidence of ownership.	out-of-gate:not-divided	
H0745	2121118	house	1651003	2026-03-03	45-23	1	0	2		Read Third Time in Full -- PASSED 45-23-2	Amends and adds to existing law to establish provisions regarding the prohibition of taxpayer funding of government unions.	COLLECTIVE BARGAINING -- Amends and adds to existing law to establish provisions regarding the prohibition of taxpayer funding of government unions.	out-of-gate:not-enacted	
H0749	2121108	house	1655375	2026-03-05	69-0	1	0	4	97	Read Third Time in Full -- PASSED 69-0-1	Amends existing law to revise provisions regarding costs associated with the annexation of certain property by cities.	ANNEXATION BY CITIES -- Amends existing law to revise provisions regarding costs associated with the annexation of certain property by cities.	out-of-gate:not-divided	
H0749	2121108	senate	1664838	2026-03-17	34-0	1	0	4	97	Read third time in full -- PASSED 34-0-1	Amends existing law to revise provisions regarding costs associated with the annexation of certain property by cities.	ANNEXATION BY CITIES -- Amends existing law to revise provisions regarding costs associated with the annexation of certain property by cities.	out-of-gate:not-divided	
H0750	2121142	house	1659031	2026-03-10	53-15	1	1	2			Amends and adds to existing law to establish provisions regarding programmable money.	TRANSACTIONS -- Amends and adds to existing law to establish provisions regarding programmable money.	out-of-gate:not-enacted	
H0750	2121142	senate	1673290	2026-03-30	13-21	1	1	2		Read third time in full -- FAILED 13-21-1	Amends and adds to existing law to establish provisions regarding programmable money.	TRANSACTIONS -- Amends and adds to existing law to establish provisions regarding programmable money.	out-of-gate:not-enacted	
H0751	2121121	house	1645433	2026-02-25	70-0	1	0	4	107	Read Third Time in Full -- PASSED 70-0-0	Amends existing law to revise provisions regarding a sales and use tax rebate for certain developers of certain retail complexes.	SALES AND USE TAX -- Amends existing law to revise provisions regarding a sales and use tax rebate for certain developers of certain retail complexes.	out-of-gate:not-divided	
H0751	2121121	senate	1663860	2026-03-16	34-0	1	0	4	107	Read third time in full -- PASSED 34-0-1	Amends existing law to revise provisions regarding a sales and use tax rebate for certain developers of certain retail complexes.	SALES AND USE TAX -- Amends existing law to revise provisions regarding a sales and use tax rebate for certain developers of certain retail complexes.	out-of-gate:not-divided	
H0752	2122294	house	1663815	2026-03-16	54-15	1	0	4	263	Read Third Time in Full -- PASSED 54-15-1	Adds to existing law to prohibit a person from entering a restroom or changing room of the opposite sex, to provide a penalty, and to provide exceptions.	INDECENCY AND OBSCENITY -- Adds to existing law to prohibit a person from entering a restroom or changing room of the opposite sex, to provide a penalty, and to provide exceptions.	batched:batch-05	imported in batch-05
H0752	2122294	senate	1671823	2026-03-27	28-7	1	0	4	263	Read third time in full -- PASSED 28-7-0	Adds to existing law to prohibit a person from entering a restroom or changing room of the opposite sex, to provide a penalty, and to provide exceptions.	INDECENCY AND OBSCENITY -- Adds to existing law to prohibit a person from entering a restroom or changing room of the opposite sex, to provide a penalty, and to provide exceptions.	batched:batch-05	imported in batch-05
H0758	2123222	house	1673741	2026-03-31	59-3	2	1	5			Amends existing law to provide for supervision requirements while a child is sleeping and to establish an exception regarding children to be counted in attendan	DAYCARE LICENSING -- Amends existing law to provide for supervision requirements while a child is sleeping and to establish an exception regarding children to be counted in attendance at a daycare.	out-of-gate:not-enacted	
H0758	2123222	senate	1673283	2026-03-30	28-7	1	1	5		Read third time as amended in the Senate -- PASSED 28-7-0	Amends existing law to provide for supervision requirements while a child is sleeping and to establish an exception regarding children to be counted in attendan	DAYCARE LICENSING -- Amends existing law to provide for supervision requirements while a child is sleeping and to establish an exception regarding children to be counted in attendance at a daycare.	out-of-gate:not-enacted	
H0760	2123257	house	1657776	2026-03-09	39-28	1	0	2		Read Third Time in Full -- PASSED 39-28-3	Amends existing law to revise provisions regarding a certain property tax exemption for low-income housing.	TAXATION -- Amends existing law to revise provisions regarding a certain property tax exemption for low-income housing.	out-of-gate:not-enacted	
H0760	2123257	senate	1668890	2026-03-24	17-17	1	0	2		Read third time in full -- FAILED 17-17-1 Tie vote	Amends existing law to revise provisions regarding a certain property tax exemption for low-income housing.	TAXATION -- Amends existing law to revise provisions regarding a certain property tax exemption for low-income housing.	out-of-gate:not-enacted	
H0761	2124465	house	1657436	2026-03-09	65-0	1	0	4	184		Amends and repeals existing law to provide for the consolidation of the Idaho STEM Action Center into the Workforce Development Council.	WORKFORCE DEVELOPMENT COUNCIL -- Amends and repeals existing law to provide for the consolidation of the Idaho STEM Action Center into the Workforce Development Council.	out-of-gate:not-divided	
H0761	2124465	senate	1668176	2026-03-23	33-0	1	0	4	184	Read third time in full -- PASSED 33-0-2	Amends and repeals existing law to provide for the consolidation of the Idaho STEM Action Center into the Workforce Development Council.	WORKFORCE DEVELOPMENT COUNCIL -- Amends and repeals existing law to provide for the consolidation of the Idaho STEM Action Center into the Workforce Development Council.	out-of-gate:not-divided	
H0762	2124279	house	1649913	2026-03-02	62-4	1	0	4	122	Read Third Time in Full -- PASSED 62-4-4	Amends existing law to revise provisions regarding public charter school admission procedures.	EDUCATION -- Amends existing law to revise provisions regarding public charter school admission procedures.	out-of-gate:not-divided	
H0762	2124279	senate	1664811	2026-03-17	30-4	1	0	4	122	Read third time in full -- PASSED 30-4-1	Amends existing law to revise provisions regarding public charter school admission procedures.	EDUCATION -- Amends existing law to revise provisions regarding public charter school admission procedures.	out-of-gate:not-divided	
H0765	2124605	house	1657675	2026-03-09	59-9	1	0	4	197	Read Third Time in Full -- PASSED 59-9-2	Amends existing law to allow fire protection districts to enter into certain agreements to transfer territory and to allow certain taxing districts to be exempt	TAXING DISTRICTS -- Amends existing law to allow fire protection districts to enter into certain agreements to transfer territory and to allow certain taxing districts to be exempt from certain budget limitations.	out-of-gate:not-divided	
H0765	2124605	senate	1668991	2026-03-24	34-0	1	0	4	197	Read third time in full -- PASSED 34-0-1	Amends existing law to allow fire protection districts to enter into certain agreements to transfer territory and to allow certain taxing districts to be exempt	TAXING DISTRICTS -- Amends existing law to allow fire protection districts to enter into certain agreements to transfer territory and to allow certain taxing districts to be exempt from certain budget limitations.	out-of-gate:not-divided	
H0766	2124223	house	1657961	2026-03-09	39-27	1	0	4	203	Read Third Time in Full -- PASSED 39-27-4	Amends existing law to revise a definition regarding which governmental entities are authorized to adopt development impact fees.	DEVELOPMENT IMPACT FEES -- Amends existing law to revise a definition regarding which governmental entities are authorized to adopt development impact fees.	dropped:selection	narrows which local bodies may charge development impact fees while naming fire and ambulance districts; the two readings point opposite ways
H0766	2124223	senate	1668960	2026-03-24	24-9	1	0	4	203	Read third time in full -- PASSED 24-9-2	Amends existing law to revise a definition regarding which governmental entities are authorized to adopt development impact fees.	DEVELOPMENT IMPACT FEES -- Amends existing law to revise a definition regarding which governmental entities are authorized to adopt development impact fees.	dropped:selection	narrows which local bodies may charge development impact fees while naming fire and ambulance districts; the two readings point opposite ways
H0767	2124715	house	1657496	2026-03-09	51-15	1	0	2		Read Third Time in Full -- PASSED 51-15-4	Amends existing law to allow development impact fees to be used for certain costs associated with certain fire apparatus replacement.	DEVELOPMENT IMPACT FEES -- Amends existing law to allow development impact fees to be used for certain costs associated with certain fire apparatus replacement.	out-of-gate:not-enacted	
H0772	2124363	house	1655397	2026-03-05	68-0	1	0	4	293	Read Third Time in Full -- PASSED 68-0-2	Amends existing law to provide for negligent violations.	INDUSTRIAL HEMP -- Amends existing law to provide for negligent violations.	out-of-gate:not-divided	
H0772	2124363	senate	1673754	2026-03-31	34-0	1	0	4	293	Read third time in full -- PASSED 34-0-1	Amends existing law to provide for negligent violations.	INDUSTRIAL HEMP -- Amends existing law to provide for negligent violations.	out-of-gate:not-divided	
H0773	2124333	house	1662032	2026-03-12	67-0	1	0	4	231	Read Third Time in Full -- PASSED 67-0-3	Amends and repeals existing law to remove obsolete provisions.	DEPARTMENT OF FINANCE -- Amends and repeals existing law to remove obsolete provisions.	out-of-gate:not-divided	
H0773	2124333	senate	1669910	2026-03-25	34-0	1	0	4	231	Read third time in full -- PASSED 34-0-1	Amends and repeals existing law to remove obsolete provisions.	DEPARTMENT OF FINANCE -- Amends and repeals existing law to remove obsolete provisions.	out-of-gate:not-divided	
H0774	2124576	house	1656400	2026-03-06	65-0	1	0	4	96	Read Third Time in Full -- PASSED 65-0-5	Repeals existing law to remove outdated or unnecessary provisions related to the Department of Fish and Game.	FISH AND GAME -- Repeals existing law to remove outdated or unnecessary provisions related to the Department of Fish and Game.	out-of-gate:not-divided	
H0774	2124576	senate	1664798	2026-03-17	34-0	1	0	4	96	Read third time in full -- PASSED 34-0-1	Repeals existing law to remove outdated or unnecessary provisions related to the Department of Fish and Game.	FISH AND GAME -- Repeals existing law to remove outdated or unnecessary provisions related to the Department of Fish and Game.	out-of-gate:not-divided	
H0775	2124442	house	1662052	2026-03-12	68-0	1	0	2		Read Third Time in Full -- PASSED 68-0-2	Amends existing law to revise an exemption regarding motor vehicles.	JUDGMENTS IN CIVIL ACTIONS -- Amends existing law to revise an exemption regarding motor vehicles.	out-of-gate:not-enacted	
H0776	2124524	house	1665847	2026-03-18	49-18	1	0	4	276		Adds to existing law to provide for safety checks for children under one year of age.	CHILD PROTECTION -- Adds to existing law to provide for safety checks for children under one year of age.	batched:batch-05	imported in batch-05
H0776	2124524	senate	1673035	2026-03-30	27-8	1	0	4	276	Read third time in full -- PASSED 27-8-0	Adds to existing law to provide for safety checks for children under one year of age.	CHILD PROTECTION -- Adds to existing law to provide for safety checks for children under one year of age.	batched:batch-05	imported in batch-05
H0777	2124659	house	1649571	2026-03-02	65-1	1	0	4	90	Read Third Time in Full -- PASSED 65-1-4	Amends existing law to revise provisions regarding controlled substances.	UNIFORM CONTROLLED SUBSTANCES -- Amends existing law to revise provisions regarding controlled substances.	out-of-gate:not-divided	
H0777	2124659	senate	1664895	2026-03-17	34-0	1	0	4	90	Read third time in full -- PASSED 34-0-1	Amends existing law to revise provisions regarding controlled substances.	UNIFORM CONTROLLED SUBSTANCES -- Amends existing law to revise provisions regarding controlled substances.	out-of-gate:not-divided	
H0785	2125398	house	1657451	2026-03-09	65-0	1	0	4	174	Read Third Time in Full -- PASSED 65-0-5	Adds to existing law to establish provisions regarding inappropriate online behavior by students and to prescribe a process for student discipline by the school	EDUCATION -- Adds to existing law to establish provisions regarding inappropriate online behavior by students and to prescribe a process for student discipline by the school district or public charter school.	out-of-gate:not-divided	
H0785	2125398	senate	1668968	2026-03-24	32-1	1	0	4	174	Read third time in full -- PASSED 32-1-2	Adds to existing law to establish provisions regarding inappropriate online behavior by students and to prescribe a process for student discipline by the school	EDUCATION -- Adds to existing law to establish provisions regarding inappropriate online behavior by students and to prescribe a process for student discipline by the school district or public charter school.	out-of-gate:not-divided	
H0787	2126961	house	1662195	2026-03-12	67-1	1	0	4	217	Read Third Time in Full -- PASSED 67-1-2	Amends, repeals, and adds to existing law to provide for the Podiatric Medical Practice Act.	PODIATRY -- Amends, repeals, and adds to existing law to provide for the Podiatric Medical Practice Act.	out-of-gate:not-divided	
H0787	2126961	senate	1669875	2026-03-25	34-0	1	0	4	217	Read third time in full -- PASSED 34-0-1	Amends, repeals, and adds to existing law to provide for the Podiatric Medical Practice Act.	PODIATRY -- Amends, repeals, and adds to existing law to provide for the Podiatric Medical Practice Act.	out-of-gate:not-divided	
H0788	2126571	house	1671428	2026-03-26	39-30	2	1	4	226		Adds to existing law to establish provisions regarding Medicaid prior authorization exemptions for certain preceptorships.	MEDICAID -- Adds to existing law to establish provisions regarding Medicaid prior authorization exemptions for certain preceptorships.	dropped:selection	Medicaid prior authorization exemption for preceptors, not recognizable
H0788	2126571	senate	1669241	2026-03-24	19-15	1	1	4	226	Read third time as amended in the Senate -- PASSED 19-15-1	Adds to existing law to establish provisions regarding Medicaid prior authorization exemptions for certain preceptorships.	MEDICAID -- Adds to existing law to establish provisions regarding Medicaid prior authorization exemptions for certain preceptorships.	dropped:selection	Medicaid prior authorization exemption for preceptors, not recognizable
H0789	2126883	house	1657959	2026-03-09	64-0	1	0	4	181	Read Third Time in Full -- PASSED 64-0-6	Amends and adds to existing law to establish provisions regarding the 2026 Coeur d'Alene Tribe water rights settlement agreement and to provide for the Coeur d'	THE COEUR D'ALENE TRIBE WATER RIGHTS -- Amends and adds to existing law to establish provisions regarding the 2026 Coeur d'Alene Tribe water rights settlement agreement and to provide for the Coeur d'Alene tribal water s	out-of-gate:not-divided	
H0789	2126883	senate	1669108	2026-03-24	34-0	1	0	4	181	Read third time in full -- PASSED 34-0-1	Amends and adds to existing law to establish provisions regarding the 2026 Coeur d'Alene Tribe water rights settlement agreement and to provide for the Coeur d'	THE COEUR D'ALENE TRIBE WATER RIGHTS -- Amends and adds to existing law to establish provisions regarding the 2026 Coeur d'Alene Tribe water rights settlement agreement and to provide for the Coeur d'Alene tribal water s	out-of-gate:not-divided	
H0790	2126647	house	1662008	2026-03-12	37-32	1	0	4	219	Read Third Time in Full -- PASSED 37-32-1	Amends existing law to provide for certified interior designers to be able to sign and seal certain technical submissions and to make such submissions to state	ARCHITECTS -- Amends existing law to provide for certified interior designers to be able to sign and seal certain technical submissions and to make such submissions to state or local governmental entities.	dropped:selection	certified interior designers sealing technical submissions, not recognizable
H0790	2126647	senate	1669824	2026-03-25	28-7	1	0	4	219	Read third time in full -- PASSED 28-7-0	Amends existing law to provide for certified interior designers to be able to sign and seal certain technical submissions and to make such submissions to state	ARCHITECTS -- Amends existing law to provide for certified interior designers to be able to sign and seal certain technical submissions and to make such submissions to state or local governmental entities.	dropped:selection	certified interior designers sealing technical submissions, not recognizable
H0792	2126806	house	1662193	2026-03-12	65-0	1	0	4	189		Amends existing law to revise provisions regarding certain sales tax exemptions for occasional sales and small sellers.	TAXATION -- Amends existing law to revise provisions regarding certain sales tax exemptions for occasional sales and small sellers.	out-of-gate:not-divided	
H0792	2126806	senate	1669063	2026-03-24	34-0	1	0	4	189	Read third time in full -- PASSED 34-0-1	Amends existing law to revise provisions regarding certain sales tax exemptions for occasional sales and small sellers.	TAXATION -- Amends existing law to revise provisions regarding certain sales tax exemptions for occasional sales and small sellers.	out-of-gate:not-divided	
H0793	2126999	house	1657472	2026-03-09	65-0	1	0	4	200		Amends existing law to revise a provision regarding distribution of revenue.	BEER -- Amends existing law to revise a provision regarding distribution of revenue.	out-of-gate:not-divided	
H0793	2126999	senate	1669084	2026-03-24	32-1	1	0	4	200	Read third time in full -- PASSED 32-1-2	Amends existing law to revise a provision regarding distribution of revenue.	BEER -- Amends existing law to revise a provision regarding distribution of revenue.	out-of-gate:not-divided	
H0795	2126686	house	1663498	2026-03-16	69-0	1	0	4	262	Read Third Time in Full -- PASSED 69-0-1	Amends existing law to revise the definition of “obscene material” and to revise the definition of “lewd matter.”	OBSCENE MATERIAL AND LEWD MATTER -- Amends existing law to revise the definition of “obscene material” and to revise the definition of “lewd matter.”	out-of-gate:not-divided	
H0795	2126686	senate	1671548	2026-03-26	34-0	1	0	4	262	Read third time in full -- PASSED 34-0-1	Amends existing law to revise the definition of “obscene material” and to revise the definition of “lewd matter.”	OBSCENE MATERIAL AND LEWD MATTER -- Amends existing law to revise the definition of “obscene material” and to revise the definition of “lewd matter.”	out-of-gate:not-divided	
H0797	2126765	house	1657693	2026-03-09	67-0	1	0	4	228	Read Third Time in Full -- PASSED 67-0-3	Amends existing law to revise provisions regarding the residence qualifications for fire protection district commissioners.	FIRE PROTECTION DISTRICTS -- Amends existing law to revise provisions regarding the residence qualifications for fire protection district commissioners.	out-of-gate:not-divided	
H0797	2126765	senate	1671522	2026-03-26	32-0	1	0	4	228	Read third time in full -- PASSED 32-0-3	Amends existing law to revise provisions regarding the residence qualifications for fire protection district commissioners.	FIRE PROTECTION DISTRICTS -- Amends existing law to revise provisions regarding the residence qualifications for fire protection district commissioners.	out-of-gate:not-divided	
H0798	2126845	house	1662170	2026-03-12	67-0	1	0	4	188	Read Third Time in Full -- PASSED 67-0-3	Repeals existing law to remove obsolete provisions relating to securities lending agreements.	STATE TREASURER -- Repeals existing law to remove obsolete provisions relating to securities lending agreements.	out-of-gate:not-divided	
H0798	2126845	senate	1669131	2026-03-24	34-0	1	0	4	188	Read third time in full -- PASSED 34-0-1	Repeals existing law to remove obsolete provisions relating to securities lending agreements.	STATE TREASURER -- Repeals existing law to remove obsolete provisions relating to securities lending agreements.	out-of-gate:not-divided	
H0799	2126725	house	1662176	2026-03-12	68-0	1	0	4	190	Read Third Time in Full -- PASSED 68-0-2	Repeals existing law to remove obsolete provisions regarding the prohibition and sale of liquors and wines.	ALCOHOLIC BEVERAGES -- Repeals existing law to remove obsolete provisions regarding the prohibition and sale of liquors and wines.	out-of-gate:not-divided	
H0799	2126725	senate	1669034	2026-03-24	33-1	1	0	4	190	Read third time in full -- PASSED 33-1-1	Repeals existing law to remove obsolete provisions regarding the prohibition and sale of liquors and wines.	ALCOHOLIC BEVERAGES -- Repeals existing law to remove obsolete provisions regarding the prohibition and sale of liquors and wines.	out-of-gate:not-divided	
H0800	2127759	house	1657499	2026-03-09	60-6	1	0	4	171		Amends existing law to revise provisions regarding siting of manufactured homes in residential areas.	MANUFACTURED HOMES -- Amends existing law to revise provisions regarding siting of manufactured homes in residential areas.	out-of-gate:not-divided	
H0800	2127759	senate	1669016	2026-03-24	28-5	1	0	4	171	Read third time in full -- PASSED 28-5-2	Amends existing law to revise provisions regarding siting of manufactured homes in residential areas.	MANUFACTURED HOMES -- Amends existing law to revise provisions regarding siting of manufactured homes in residential areas.	out-of-gate:not-divided	
H0803	2127736	house	1664818	2026-03-17	60-8	1	0	4	225		Amends existing law to provide that procedures used in an execution shall not be subject to certain provisions of law.	EXECUTION -- Amends existing law to provide that procedures used in an execution shall not be subject to certain provisions of law.	out-of-gate:not-divided	
H0803	2127736	senate	1671959	2026-03-27	34-1	1	0	4	225	Read third time in full -- PASSED 34-1-0	Amends existing law to provide that procedures used in an execution shall not be subject to certain provisions of law.	EXECUTION -- Amends existing law to provide that procedures used in an execution shall not be subject to certain provisions of law.	out-of-gate:not-divided	
H0810	2127806	house	1673160	2026-03-30	38-28	2	1	4	307		Amends existing law to provide certain physical presence requirements for state representatives and senators.	ELECTIONS -- Amends existing law to provide certain physical presence requirements for state representatives and senators.	batched:batch-06	imported in batch-06
H0810	2127806	senate	1671596	2026-03-26	20-14	1	1	4	307	Read third time as amended in the Senate -- PASSED 20-14-1	Amends existing law to provide certain physical presence requirements for state representatives and senators.	ELECTIONS -- Amends existing law to provide certain physical presence requirements for state representatives and senators.	batched:batch-06	imported in batch-06
H0815	2128220	house	1659419	2026-03-10	68-1	1	0	4	172		Amends existing law to revise provisions regarding the transportation support program.	EDUCATION -- Amends existing law to revise provisions regarding the transportation support program.	out-of-gate:not-divided	
H0815	2128220	senate	1669077	2026-03-24	34-0	1	0	4	172	Read third time in full -- PASSED 34-0-1	Amends existing law to revise provisions regarding the transportation support program.	EDUCATION -- Amends existing law to revise provisions regarding the transportation support program.	out-of-gate:not-divided	
H0817	2128098	house	1663555	2026-03-16	65-4	1	0	4	279	Read Third Time in Full -- PASSED 65-4-1	Amends existing law to revise provisions regarding the sale of cigars.	TOBACCO PRODUCTS -- Amends existing law to revise provisions regarding the sale of cigars.	out-of-gate:not-divided	
H0817	2128098	senate	1671555	2026-03-26	32-2	1	0	4	279	Read third time in full -- PASSED 32-2-1	Amends existing law to revise provisions regarding the sale of cigars.	TOBACCO PRODUCTS -- Amends existing law to revise provisions regarding the sale of cigars.	out-of-gate:not-divided	
H0822	2129347	house	1675379	2026-04-01	60-9	2	1	4	340		Adds to existing law to establish the Pediatric Secretive Transitions Parental Rights Act.	PEDIATRIC SECRETIVE TRANSITIONS PARENTAL RIGHTS ACT -- Adds to existing law to establish the Pediatric Secretive Transitions Parental Rights Act.	out-of-gate:not-divided	
H0822	2129347	senate	1673263	2026-03-30	27-8	1	1	4	340	Read third time as amended in the Senate -- PASSED 27-8-0	Adds to existing law to establish the Pediatric Secretive Transitions Parental Rights Act.	PEDIATRIC SECRETIVE TRANSITIONS PARENTAL RIGHTS ACT -- Adds to existing law to establish the Pediatric Secretive Transitions Parental Rights Act.	candidate:unbatched	
H0823	2129252	house	1662175	2026-03-12	51-14	1	0	2			Amends existing law to revise provisions regarding county fair boards.	COUNTY FAIR BOARDS -- Amends existing law to revise provisions regarding county fair boards.	out-of-gate:not-enacted	
H0825	2129323	house	1671424	2026-03-26	67-2	2	1	4	223		Amends and adds to existing law to eliminate the fee for the copyrighted license plate design and to establish the America250 license plate for the benefit of t	MOTOR VEHICLE REGISTRATION -- Amends and adds to existing law to eliminate the fee for the copyrighted license plate design and to establish the America250 license plate for the benefit of the Idaho Heritage Trust.	out-of-gate:not-divided	
H0825	2129323	senate	1668896	2026-03-24	31-3	1	1	4	223	Read third time as amended in the Senate -- PASSED 31-3-1	Amends and adds to existing law to eliminate the fee for the copyrighted license plate design and to establish the America250 license plate for the benefit of t	MOTOR VEHICLE REGISTRATION -- Amends and adds to existing law to eliminate the fee for the copyrighted license plate design and to establish the America250 license plate for the benefit of the Idaho Heritage Trust.	out-of-gate:not-divided	
H0826	2129139	house	1663798	2026-03-16	69-0	1	0	4	218		Amends, repeals, and adds to existing law to revise provisions regarding the Idaho Honey Commission.	HONEY INDUSTRY -- Amends, repeals, and adds to existing law to revise provisions regarding the Idaho Honey Commission.	out-of-gate:not-divided	
H0826	2129139	senate	1669756	2026-03-25	33-0	1	0	4	218	Read third time in full -- PASSED 33-0-2	Amends, repeals, and adds to existing law to revise provisions regarding the Idaho Honey Commission.	HONEY INDUSTRY -- Amends, repeals, and adds to existing law to revise provisions regarding the Idaho Honey Commission.	out-of-gate:not-divided	
H0831	2129944	house	1662154	2026-03-12	54-14	1	0	4	244	Read Third Time in Full -- PASSED 54-14-2	Amends existing law to prohibit certain in-person instruction in schools on election day.	ELECTIONS -- Amends existing law to prohibit certain in-person instruction in schools on election day.	candidate:unbatched	
H0831	2129944	senate	1671574	2026-03-26	30-4	1	0	4	244	Read third time in full -- PASSED 30-4-1	Amends existing law to prohibit certain in-person instruction in schools on election day.	ELECTIONS -- Amends existing law to prohibit certain in-person instruction in schools on election day.	out-of-gate:not-divided	
H0832	2129755	house	1663575	2026-03-16	69-0	1	0	4	243		Amends existing law to revise provisions regarding career technical education certificates.	EDUCATION -- Amends existing law to revise provisions regarding career technical education certificates.	out-of-gate:not-divided	
H0832	2129755	senate	1671389	2026-03-26	34-0	1	0	4	243	Read third time in full -- PASSED 34-0-1	Amends existing law to revise provisions regarding career technical education certificates.	EDUCATION -- Amends existing law to revise provisions regarding career technical education certificates.	out-of-gate:not-divided	
H0833	2129707	house	1657756	2026-03-09	30-35	1	0	1			Adds to existing law to require public schools to offer daily recess to students in kindergarten through grade 5 and to encourage public schools to offer unstru	EDUCATION -- Adds to existing law to require public schools to offer daily recess to students in kindergarten through grade 5 and to encourage public schools to offer unstructured activity breaks for students in grades 6	out-of-gate:not-enacted	
H0835	2130083	house	1662722	2026-03-13	62-7	1	0	2			Amends existing law to revise provisions regarding expenditures made pursuant to certain funds that are not cognizable.	STATE BUDGET -- Amends existing law to revise provisions regarding expenditures made pursuant to certain funds that are not cognizable.	out-of-gate:not-enacted	
H0838	2130056	house	1663950	2026-03-16	69-0	1	0	2		Read Third Time in Full -- PASSED 69-0-1	Amends existing law to provide for the executive budget document to include certain information pertaining to certain recommendations.	STATE BUDGET -- Amends existing law to provide for the executive budget document to include certain information pertaining to certain recommendations.	out-of-gate:not-enacted	
H0842	2130450	house	1667517	2026-03-23	28-41	1	0	1		Read Third Time in Full -- FAILED 28-41-1	Amends existing law to revise provisions regarding certain limitations of budget requests by taxing district and to provide certain exceptions to such limits.	BUDGET LIMITS -- Amends existing law to revise provisions regarding certain limitations of budget requests by taxing district and to provide certain exceptions to such limits.	out-of-gate:not-enacted	
H0843	2130492	house	1663826	2026-03-16	68-0	1	0	4	236		Amends existing law to eliminate proration of the homestead property tax exemption.	TAXATION -- Amends existing law to eliminate proration of the homestead property tax exemption.	out-of-gate:not-divided	
H0843	2130492	senate	1671546	2026-03-26	32-0	1	0	4	236	Read third time in full -- PASSED 32-0-3	Amends existing law to eliminate proration of the homestead property tax exemption.	TAXATION -- Amends existing law to eliminate proration of the homestead property tax exemption.	out-of-gate:not-divided	
H0846	2130506	house	1659032	2026-03-10	70-0	1	0	4	175		Amends existing law to revise provisions regarding student enrollment counts.	EDUCATION -- Amends existing law to revise provisions regarding student enrollment counts.	out-of-gate:not-divided	
H0846	2130506	senate	1669124	2026-03-24	34-0	1	0	4	175	Read third time in full -- PASSED 34-0-1	Amends existing law to revise provisions regarding student enrollment counts.	EDUCATION -- Amends existing law to revise provisions regarding student enrollment counts.	out-of-gate:not-divided	
H0847	2130845	house	1658920	2026-03-10	59-7	1	0	4	115		Relates to the maintenance appropriation to the Judicial Branch for fiscal year 2027.	APPROPRIATIONS -- JUDICIAL BRANCH -- Relates to the maintenance appropriation to the Judicial Branch for fiscal year 2027.	out-of-gate:not-divided	
H0847	2130845	senate	1665718	2026-03-18	29-6	1	0	4	115	Read third time in full -- PASSED 29-6-0	Relates to the maintenance appropriation to the Judicial Branch for fiscal year 2027.	APPROPRIATIONS -- JUDICIAL BRANCH -- Relates to the maintenance appropriation to the Judicial Branch for fiscal year 2027.	out-of-gate:not-divided	
H0848	2130958	house	1659170	2026-03-10	60-6	1	0	4	146		Relates to the maintenance appropriation to the Legislative Branch for fiscal year 2027.	APPROPRIATIONS -- LEGISLATIVE BRANCH -- Relates to the maintenance appropriation to the Legislative Branch for fiscal year 2027.	out-of-gate:not-divided	
H0848	2130958	senate	1665707	2026-03-18	24-11	1	0	4	146	Read third time in full -- PASSED 24-11-0	Relates to the maintenance appropriation to the Legislative Branch for fiscal year 2027.	APPROPRIATIONS -- LEGISLATIVE BRANCH -- Relates to the maintenance appropriation to the Legislative Branch for fiscal year 2027.	excluded:appropriations	agency budget bill; appropriations are excluded by standing campaign rule
H0849	2131074	house	1659089	2026-03-10	43-25	1	0	4	173		Amends existing law to revise provisions regarding certain placement and movement on the career ladder.	EDUCATION -- Amends existing law to revise provisions regarding certain placement and movement on the career ladder.	batched:batch-06	imported in batch-06
H0849	2131074	senate	1668922	2026-03-24	18-14	1	0	4	173	Read third time in full -- PASSED 18-14-3	Amends existing law to revise provisions regarding certain placement and movement on the career ladder.	EDUCATION -- Amends existing law to revise provisions regarding certain placement and movement on the career ladder.	batched:batch-06	imported in batch-06
H0855	2131708	house	1665820	2026-03-18	48-17	1	0	4	252		Amends existing law regarding lifetime hunting and fishing licenses.	FISH AND GAME -- Amends existing law regarding lifetime hunting and fishing licenses.	dropped:selection	lifetime hunting and fishing licenses, not recognizable
H0855	2131708	senate	1671847	2026-03-27	23-11	1	0	4	252	Read third time in full -- PASSED 23-11-1	Amends existing law regarding lifetime hunting and fishing licenses.	FISH AND GAME -- Amends existing law regarding lifetime hunting and fishing licenses.	dropped:selection	lifetime hunting and fishing licenses, not recognizable
H0856	2131757	house	1667143	2026-03-20	67-0	1	0	4	253		Amends existing law to prohibit certain acts regarding graves and to provide exemptions.	PROTECTION OF GRAVES -- Amends existing law to prohibit certain acts regarding graves and to provide exemptions.	out-of-gate:not-divided	
H0856	2131757	senate	1671827	2026-03-27	35-0	1	0	4	253	Read third time in full -- PASSED 35-0-0	Amends existing law to prohibit certain acts regarding graves and to provide exemptions.	PROTECTION OF GRAVES -- Amends existing law to prohibit certain acts regarding graves and to provide exemptions.	out-of-gate:not-divided	
H0860	2131660	house	1671550	2026-03-26	65-0	2	1	4	245		Amends existing law to provide for parental rights in medical decisions.	PARENT AND CHILD -- Amends existing law to provide for parental rights in medical decisions.	out-of-gate:not-divided	
H0860	2131660	senate	1669012	2026-03-24	34-0	1	1	4	245	Read third time as amended in the Senate -- PASSED 34-0-1	Amends existing law to provide for parental rights in medical decisions.	PARENT AND CHILD -- Amends existing law to provide for parental rights in medical decisions.	out-of-gate:not-divided	
H0863	2131819	house	1661775	2026-03-12	60-8	1	0	4	161	Read Third Time in Full -- PASSED 60-8-2	Amends existing law to revise provisions regarding provider payment.	MEDICAID -- Amends existing law to revise provisions regarding provider payment.	out-of-gate:not-divided	
H0863	2131819	senate	1668170	2026-03-23	19-15	1	0	4	161	Read third time in full -- PASSED 19-15-1	Amends existing law to revise provisions regarding provider payment.	MEDICAID -- Amends existing law to revise provisions regarding provider payment.	candidate:unbatched	
H0866	2132368	house	1662734	2026-03-13	61-8	1	0	4	127		Relates to the maintenance appropriation to the Constitutional Officers for fiscal year 2027.	APPROPRIATIONS -- CONSTITUTIONAL OFFICERS -- Relates to the maintenance appropriation to the Constitutional Officers for fiscal year 2027.	out-of-gate:not-divided	
H0866	2132368	senate	1665746	2026-03-18	32-3	1	0	4	127	Read third time in full -- PASSED 32-3-0	Relates to the maintenance appropriation to the Constitutional Officers for fiscal year 2027.	APPROPRIATIONS -- CONSTITUTIONAL OFFICERS -- Relates to the maintenance appropriation to the Constitutional Officers for fiscal year 2027.	out-of-gate:not-divided	
H0867	2132339	house	1662721	2026-03-13	51-18	1	0	4	116		Relates to the maintenance appropriation to General Government for fiscal year 2027.	APPROPRIATIONS -- GENERAL GOVERNMENT -- Relates to the maintenance appropriation to General Government for fiscal year 2027.	excluded:appropriations	agency budget bill; appropriations are excluded by standing campaign rule
H0867	2132339	senate	1665666	2026-03-18	25-10	1	0	4	116	Read third time in full -- PASSED 25-10-0	Relates to the maintenance appropriation to General Government for fiscal year 2027.	APPROPRIATIONS -- GENERAL GOVERNMENT -- Relates to the maintenance appropriation to General Government for fiscal year 2027.	excluded:appropriations	agency budget bill; appropriations are excluded by standing campaign rule
H0868	2132377	house	1662706	2026-03-13	36-33	1	0	4	125		Relates to the appropriation to the Public Employee Retirement System for fiscal year 2027.	APPROPRIATIONS -- PERSI -- Relates to the appropriation to the Public Employee Retirement System for fiscal year 2027.	excluded:appropriations	agency budget bill; appropriations are excluded by standing campaign rule
H0868	2132377	senate	1666564	2026-03-19	25-9	1	0	4	125	Read third time in full -- PASSED 25-9-1	Relates to the appropriation to the Public Employee Retirement System for fiscal year 2027.	APPROPRIATIONS -- PERSI -- Relates to the appropriation to the Public Employee Retirement System for fiscal year 2027.	excluded:appropriations	agency budget bill; appropriations are excluded by standing campaign rule
H0869	2132394	house	1662717	2026-03-13	55-14	1	0	4	126		Relates to the appropriation for the Commission for the Blind and Visually Impaired for fiscal year 2027.	APPROPRIATIONS -- Relates to the appropriation for the Commission for the Blind and Visually Impaired for fiscal year 2027.	excluded:appropriations	agency budget bill; appropriations are excluded by standing campaign rule
H0869	2132394	senate	1666699	2026-03-19	27-8	1	0	4	126	Read third time in full -- PASSED 27-8-0	Relates to the appropriation for the Commission for the Blind and Visually Impaired for fiscal year 2027.	APPROPRIATIONS -- Relates to the appropriation for the Commission for the Blind and Visually Impaired for fiscal year 2027.	excluded:appropriations	agency budget bill; appropriations are excluded by standing campaign rule
H0870	2132388	house	1662724	2026-03-13	48-21	1	0	4	117		Relates to the appropriation to the Office of Information Technology Services for fiscal years 2026 and 2027.	APPROPRIATIONS -- OFFICE OF INFORMATION TECHNOLOGY SERVICES -- Relates to the appropriation to the Office of Information Technology Services for fiscal years 2026 and 2027.	excluded:appropriations	agency budget bill; appropriations are excluded by standing campaign rule
H0870	2132388	senate	1666609	2026-03-19	20-15	1	0	4	117	Read third time in full -- PASSED 20-15-0	Relates to the appropriation to the Office of Information Technology Services for fiscal years 2026 and 2027.	APPROPRIATIONS -- OFFICE OF INFORMATION TECHNOLOGY SERVICES -- Relates to the appropriation to the Office of Information Technology Services for fiscal years 2026 and 2027.	excluded:appropriations	agency budget bill; appropriations are excluded by standing campaign rule
H0871	2132316	house	1662712	2026-03-13	46-22	1	0	4	154		Relates to the appropriation to the State Tax Commission for fiscal years 2026 and 2027.	APPROPRIATIONS -- STATE TAX COMMISSION -- Relates to the appropriation to the State Tax Commission for fiscal years 2026 and 2027.	excluded:appropriations	agency budget bill; appropriations are excluded by standing campaign rule
H0871	2132316	senate	1666598	2026-03-19	19-16	1	0	4	154	Read third time in full -- PASSED 19-16-0	Relates to the appropriation to the State Tax Commission for fiscal years 2026 and 2027.	APPROPRIATIONS -- STATE TAX COMMISSION -- Relates to the appropriation to the State Tax Commission for fiscal years 2026 and 2027.	excluded:appropriations	agency budget bill; appropriations are excluded by standing campaign rule
H0872	2132332	house	1663660	2026-03-16	66-2	1	0	4	227		Amends existing law to remove a provision regarding the preparation of ballots for general elections.	ELECTIONS -- Amends existing law to remove a provision regarding the preparation of ballots for general elections.	out-of-gate:not-divided	
H0872	2132332	senate	1671545	2026-03-26	34-0	1	0	4	227	Read third time in full -- PASSED 34-0-1	Amends existing law to remove a provision regarding the preparation of ballots for general elections.	ELECTIONS -- Amends existing law to remove a provision regarding the preparation of ballots for general elections.	out-of-gate:not-divided	
H0873	2132322	house	1667130	2026-03-20	69-0	1	0	4	286	Read Third Time in Full -- PASSED 69-0-1	Amends existing law to revise provisions regarding certain election procedures.	ELECTIONS -- Amends existing law to revise provisions regarding certain election procedures.	out-of-gate:not-divided	
H0873	2132322	senate	1673312	2026-03-30	34-0	1	0	4	286	Read third time in full -- PASSED 34-0-1	Amends existing law to revise provisions regarding certain election procedures.	ELECTIONS -- Amends existing law to revise provisions regarding certain election procedures.	out-of-gate:not-divided	
H0875	2132988	house	1663817	2026-03-16	35-34	1	0	2		Read Third Time in Full -- PASSED 35-34-1	Adds to existing law to provide for the Legislative Services Office to provide the Joint Finance-Appropriations Committee with a calculated reduction from the G	STATE BUDGET -- Adds to existing law to provide for the Legislative Services Office to provide the Joint Finance-Appropriations Committee with a calculated reduction from the Governor's budget document.	out-of-gate:not-enacted	
H0876	2133037	house	1663687	2026-03-16	46-24	1	0	4	147	Read Third Time in Full -- PASSED 46-24-0	Relates to the maintenance appropriation to the State Board of Education for fiscal year 2027.	APPROPRIATIONS -- STATE BOARD OF EDUCATION -- Relates to the maintenance appropriation to the State Board of Education for fiscal year 2027.	excluded:appropriations	agency budget bill; appropriations are excluded by standing campaign rule
H0876	2133037	senate	1666693	2026-03-19	23-12	1	0	4	147	Read third time in full -- PASSED 23-12-0	Relates to the maintenance appropriation to the State Board of Education for fiscal year 2027.	APPROPRIATIONS -- STATE BOARD OF EDUCATION -- Relates to the maintenance appropriation to the State Board of Education for fiscal year 2027.	excluded:appropriations	agency budget bill; appropriations are excluded by standing campaign rule
H0877	2132836	house	1663683	2026-03-16	56-13	1	0	4	124	Read Third Time in Full -- PASSED 56-13-1	Relates to the appropriation to the Division of Vocational Rehabilitation for fiscal year 2027.	APPROPRIATIONS -- DIVISION OF VOCATIONAL REHABILITATION -- Relates to the appropriation to the Division of Vocational Rehabilitation for fiscal year 2027.	out-of-gate:not-divided	
H0877	2132836	senate	1666608	2026-03-19	32-3	1	0	4	124	Read third time in full -- PASSED 32-3-0	Relates to the appropriation to the Division of Vocational Rehabilitation for fiscal year 2027.	APPROPRIATIONS -- DIVISION OF VOCATIONAL REHABILITATION -- Relates to the appropriation to the Division of Vocational Rehabilitation for fiscal year 2027.	out-of-gate:not-divided	
H0879	2133092	house	1667040	2026-03-20	53-16	1	0	4	292	Read Third Time in Full -- PASSED 53-16-1	Amends existing law to provide for the sale of hemp products intended for human ingestion or inhalation.	INDUSTRIAL HEMP -- Amends existing law to provide for the sale of hemp products intended for human ingestion or inhalation.	dropped:selection	hemp products for human ingestion; the act both permits sale and imposes state limits, direction not defensible either way
H0879	2133092	senate	1674055	2026-03-31	24-10	1	0	4	292	Read third time in full -- PASSED 24-10-1	Amends existing law to provide for the sale of hemp products intended for human ingestion or inhalation.	INDUSTRIAL HEMP -- Amends existing law to provide for the sale of hemp products intended for human ingestion or inhalation.	dropped:selection	hemp products for human ingestion; the act both permits sale and imposes state limits, direction not defensible either way
H0883	2132793	house	1665625	2026-03-18	60-7	1	0	4	309		Adds to existing law to provide for school district and public charter school earned autonomy regarding spending.	EDUCATION -- Adds to existing law to provide for school district and public charter school earned autonomy regarding spending.	out-of-gate:not-divided	
H0883	2132793	senate	1673234	2026-03-30	33-0	1	0	4	309	Read third time in full -- PASSED 33-0-2	Adds to existing law to provide for school district and public charter school earned autonomy regarding spending.	EDUCATION -- Adds to existing law to provide for school district and public charter school earned autonomy regarding spending.	out-of-gate:not-divided	
H0887	2133199	house	1665720	2026-03-18	66-0	1	0	4	290		Amends existing law to provide an exception for water skiing.	WATER SKIING -- Amends existing law to provide an exception for water skiing.	out-of-gate:not-divided	
H0887	2133199	senate	1673749	2026-03-31	32-0	1	0	4	290	Read third time in full -- PASSED 32-0-3	Amends existing law to provide an exception for water skiing.	WATER SKIING -- Amends existing law to provide an exception for water skiing.	out-of-gate:not-divided	
H0888	2133222	house	1669373	2026-03-24	52-16	1	0	2			Amends existing law to revise provisions regarding the powers and duties of the Office of Information Technology Services.	INFORMATION TECHNOLOGY SERVICES -- Amends existing law to revise provisions regarding the powers and duties of the Office of Information Technology Services.	out-of-gate:not-enacted	
H0889	2133178	house	1666721	2026-03-19	57-11	1	0	4	283		Amends, repeals, and adds to existing law regarding the procurement of property by the State of Idaho.	STATE PROCUREMENT -- Amends, repeals, and adds to existing law regarding the procurement of property by the State of Idaho.	out-of-gate:not-divided	
H0889	2133178	senate	1673262	2026-03-30	21-14	1	0	4	283	Read third time in full -- PASSED 21-14-0	Amends, repeals, and adds to existing law regarding the procurement of property by the State of Idaho.	STATE PROCUREMENT -- Amends, repeals, and adds to existing law regarding the procurement of property by the State of Idaho.	candidate:unbatched	
H0890	2133244	house	1667238	2026-03-20	67-2	1	0	4	344	Read Third Time in Full -- PASSED 67-2-1	Amends and repeals existing law relating to the sale, transfer, or disposition of state administrative facilities.	STATE GOVERNMENT -- Amends and repeals existing law relating to the sale, transfer, or disposition of state administrative facilities.	out-of-gate:not-divided	
H0890	2133244	senate	1673389	2026-03-30	34-1	1	0	4	344	Read third time in full -- PASSED 34-1-0	Amends and repeals existing law relating to the sale, transfer, or disposition of state administrative facilities.	STATE GOVERNMENT -- Amends and repeals existing law relating to the sale, transfer, or disposition of state administrative facilities.	out-of-gate:not-divided	
H0893	2133742	house	1664881	2026-03-17	67-0	1	0	4	251		Amends existing law to make codifier's corrections.	CODIFIER'S CORRECTIONS -- Amends existing law to make codifier's corrections.	out-of-gate:not-divided	
H0893	2133742	senate	1671524	2026-03-26	34-0	1	0	4	251	Read third time in full -- PASSED 34-0-1	Amends existing law to make codifier's corrections.	CODIFIER'S CORRECTIONS -- Amends existing law to make codifier's corrections.	out-of-gate:not-divided	
H0894	2133676	house	1669070	2026-03-24	67-1	1	0	4	281		Amends existing law to revise provisions regarding requirements for open public meetings to permit recording of such meetings.	OPEN MEETINGS -- Amends existing law to revise provisions regarding requirements for open public meetings to permit recording of such meetings.	out-of-gate:not-divided	
H0894	2133676	senate	1673769	2026-03-31	33-0	1	0	4	281	Read third time in full -- PASSED 33-0-2	Amends existing law to revise provisions regarding requirements for open public meetings to permit recording of such meetings.	OPEN MEETINGS -- Amends existing law to revise provisions regarding requirements for open public meetings to permit recording of such meetings.	out-of-gate:not-divided	
H0895	2133774	house	1667112	2026-03-20	58-10	1	0	4	291		Adds to existing law to establish limitations on consumptive use of water for cooling certain data centers.	DATA CENTERS -- Adds to existing law to establish limitations on consumptive use of water for cooling certain data centers.	out-of-gate:not-divided	
H0895	2133774	senate	1674039	2026-03-31	32-1	1	0	4	291	Read third time in full -- PASSED 32-1-2	Adds to existing law to establish limitations on consumptive use of water for cooling certain data centers.	DATA CENTERS -- Adds to existing law to establish limitations on consumptive use of water for cooling certain data centers.	out-of-gate:not-divided	
H0896	2133701	house	1667138	2026-03-20	60-9	1	0	2			Adds to existing law to establish provisions regarding compliance with the law.	SPECIAL PROCEEDINGS -- Adds to existing law to establish provisions regarding compliance with the law.	out-of-gate:not-enacted	
H0896	2133701	senate	1676279	2026-04-02	8-27	1	0	2		Read third time in full -- FAILED 8-27-0	Adds to existing law to establish provisions regarding compliance with the law.	SPECIAL PROCEEDINGS -- Adds to existing law to establish provisions regarding compliance with the law.	out-of-gate:not-enacted	
H0897	2133689	house	1667423	2026-03-23	68-0	1	0	2		Read Third Time in Full -- PASSED 68-0-2	Amends existing law to revise a sales tax exemption for data center equipment and to revise a certain property tax exemption for certain capital investments.	TAXATION -- Amends existing law to revise a sales tax exemption for data center equipment and to revise a certain property tax exemption for certain capital investments.	out-of-gate:not-enacted	
H0897	2133689	senate	1675363	2026-04-01	34-0	1	0	2		Read third time as amended in the Senate -- PASSED 34-0-1	Amends existing law to revise a sales tax exemption for data center equipment and to revise a certain property tax exemption for certain capital investments.	TAXATION -- Amends existing law to revise a sales tax exemption for data center equipment and to revise a certain property tax exemption for certain capital investments.	out-of-gate:not-enacted	
H0898	2133765	house	1667038	2026-03-20	53-16	1	0	4	296		Amends, repeals, and adds to existing law to provide for the State Historic Preservation Officer.	STATE HISTORIC PRESERVATION OFFICER -- Amends, repeals, and adds to existing law to provide for the State Historic Preservation Officer.	dropped:selection	State Historic Preservation Officer, not recognizable
H0898	2133765	senate	1673278	2026-03-30	23-12	1	0	4	296	Read third time in full -- PASSED 23-12-0	Amends, repeals, and adds to existing law to provide for the State Historic Preservation Officer.	STATE HISTORIC PRESERVATION OFFICER -- Amends, repeals, and adds to existing law to provide for the State Historic Preservation Officer.	dropped:selection	State Historic Preservation Officer, not recognizable
H0900	2134175	house	1667034	2026-03-20	69-0	1	0	4	282	Read Third Time in Full -- PASSED 69-0-1	Amends and adds to existing law to revise provisions regarding agreements by state agencies, to exempt certain records from disclosure, and to establish provisi	STATE AFFAIRS -- Amends and adds to existing law to revise provisions regarding agreements by state agencies, to exempt certain records from disclosure, and to establish provisions regarding private insurance coverage an	out-of-gate:not-divided	
H0900	2134175	senate	1673433	2026-03-30	34-1	1	0	4	282	Read third time in full -- PASSED 34-1-0	Amends and adds to existing law to revise provisions regarding agreements by state agencies, to exempt certain records from disclosure, and to establish provisi	STATE AFFAIRS -- Amends and adds to existing law to revise provisions regarding agreements by state agencies, to exempt certain records from disclosure, and to establish provisions regarding private insurance coverage an	out-of-gate:not-divided	
H0905	2134459	house	1665711	2026-03-18	42-24	1	0	4	142		Relates to the appropriation to the Office of the State Board of Education for fiscal year 2027.	APPROPRIATIONS -- OFFICE OF THE STATE BOARD OF EDUCATION -- Relates to the appropriation to the Office of the State Board of Education for fiscal year 2027.	excluded:appropriations	agency budget bill; appropriations are excluded by standing campaign rule
H0905	2134459	senate	1668020	2026-03-23	23-11	1	0	4	142	Read third time in full -- PASSED 23-11-1	Relates to the appropriation to the Office of the State Board of Education for fiscal year 2027.	APPROPRIATIONS -- OFFICE OF THE STATE BOARD OF EDUCATION -- Relates to the appropriation to the Office of the State Board of Education for fiscal year 2027.	excluded:appropriations	agency budget bill; appropriations are excluded by standing campaign rule
H0906	2134448	house	1665793	2026-03-18	40-27	1	0	4	141		Relates to the appropriation to the State Board of Education for community colleges for fiscal year 2027.	APPROPRIATIONS -- STATE BOARD OF EDUCATION -- COMMUNITY COLLEGES -- Relates to the appropriation to the State Board of Education for community colleges for fiscal year 2027.	excluded:appropriations	agency budget bill; appropriations are excluded by standing campaign rule
H0906	2134448	senate	1667773	2026-03-23	26-8	1	0	4	141	Read third time in full -- PASSED 26-8-1	Relates to the appropriation to the State Board of Education for community colleges for fiscal year 2027.	APPROPRIATIONS -- STATE BOARD OF EDUCATION -- COMMUNITY COLLEGES -- Relates to the appropriation to the State Board of Education for community colleges for fiscal year 2027.	excluded:appropriations	agency budget bill; appropriations are excluded by standing campaign rule
H0907	2134413	house	1665840	2026-03-18	46-21	1	0	4	140		Relates to the appropriation to the Division of Career Technical Education for fiscal years 2026 and 2027.	APPROPRIATIONS -- DIVISION OF CAREER TECHNICAL EDUCATION -- Relates to the appropriation to the Division of Career Technical Education for fiscal years 2026 and 2027.	excluded:appropriations	agency budget bill; appropriations are excluded by standing campaign rule
H0907	2134413	senate	1667511	2026-03-23	23-11	1	0	4	140	Read third time in full -- PASSED 23-11-1	Relates to the appropriation to the Division of Career Technical Education for fiscal years 2026 and 2027.	APPROPRIATIONS -- DIVISION OF CAREER TECHNICAL EDUCATION -- Relates to the appropriation to the Division of Career Technical Education for fiscal years 2026 and 2027.	excluded:appropriations	agency budget bill; appropriations are excluded by standing campaign rule
H0908	2134339	house	1665701	2026-03-18	53-15	1	0	4	138		Relates to the appropriation to the Military Division for fiscal years 2026 and 2027.	APPROPRIATIONS -- MILITARY DIVISION -- Relates to the appropriation to the Military Division for fiscal years 2026 and 2027.	excluded:appropriations	agency budget bill; appropriations are excluded by standing campaign rule
H0908	2134339	senate	1667921	2026-03-23	27-7	1	0	4	138	Read third time in full -- PASSED 27-7-1	Relates to the appropriation to the Military Division for fiscal years 2026 and 2027.	APPROPRIATIONS -- MILITARY DIVISION -- Relates to the appropriation to the Military Division for fiscal years 2026 and 2027.	excluded:appropriations	agency budget bill; appropriations are excluded by standing campaign rule
H0909	2134355	house	1665759	2026-03-18	27-43	1	0	1			Relates to the appropriation to the Office of the Secretary of State for fiscal year 2027.	APPROPRIATIONS -- OFFICE OF THE SECRETARY OF STATE -- Relates to the appropriation to the Office of the Secretary of State for fiscal year 2027.	out-of-gate:not-enacted	
H0911	2135143	house	1667224	2026-03-20	65-3	1	0	4	335		Adds to existing law to provide for new large loads.	PUBLIC UTILITIES -- Adds to existing law to provide for new large loads.	out-of-gate:not-divided	
H0911	2135143	senate	1673237	2026-03-30	34-1	1	0	4	335	Read third time in full -- PASSED 34-1-0	Adds to existing law to provide for new large loads.	PUBLIC UTILITIES -- Adds to existing law to provide for new large loads.	out-of-gate:not-divided	
H0913	2135040	house	1667686	2026-03-23	59-9	1	0	4	334		Amends existing law to revise provisions regarding Medicaid eligibility expansion.	MEDICAID -- Amends existing law to revise provisions regarding Medicaid eligibility expansion.	out-of-gate:not-divided	
H0913	2135040	senate	1674253	2026-03-31	28-6	1	0	4	334	Read third time in full -- PASSED 28-6-1	Amends existing law to revise provisions regarding Medicaid eligibility expansion.	MEDICAID -- Amends existing law to revise provisions regarding Medicaid eligibility expansion.	out-of-gate:not-divided	
H0915	2135052	house	1665875	2026-03-18	66-0	1	0	2			Adds to existing law to require public schools to offer daily recess to students in kindergarten through grade 5 and to encourage public schools to offer unstru	EDUCATION -- Adds to existing law to require public schools to offer daily recess to students in kindergarten through grade 5 and to encourage public schools to offer unstructured activity breaks for students in grades 6	out-of-gate:not-enacted	
H0916	2135129	house	1665855	2026-03-18	52-15	1	0	2			Adds to existing law to establish the Idaho Rural Health Transformation Fund and the Rural Health Transformation Committee.	RURAL HEALTH TRANSFORMATION -- Adds to existing law to establish the Idaho Rural Health Transformation Fund and the Rural Health Transformation Committee.	out-of-gate:not-enacted	
H0919	2135686	house	1666816	2026-03-19	63-6	1	0	4	210		Relates to the appropriation to the Department of Administration for the Division of Public Works for fiscal year 2027.	APPROPRIATIONS -- DEPARTMENT OF ADMINISTRATION -- PERMANENT BUILDING FUND -- Relates to the appropriation to the Department of Administration for the Division of Public Works for fiscal year 2027.	out-of-gate:not-divided	
H0919	2135686	senate	1669065	2026-03-24	29-4	1	0	4	210	Read third time in full -- PASSED 29-4-2	Relates to the appropriation to the Department of Administration for the Division of Public Works for fiscal year 2027.	APPROPRIATIONS -- DEPARTMENT OF ADMINISTRATION -- PERMANENT BUILDING FUND -- Relates to the appropriation to the Department of Administration for the Division of Public Works for fiscal year 2027.	out-of-gate:not-divided	
H0920	2135548	house	1666659	2026-03-19	47-22	1	0	4	195		Relates to the appropriation to the State Board of Education and the Board of Regents of the University of Idaho for Health Education Programs for fiscal year 2	APPROPRIATIONS -- HEALTH EDUCATION PROGRAMS -- Relates to the appropriation to the State Board of Education and the Board of Regents of the University of Idaho for Health Education Programs for fiscal year 2027.	excluded:appropriations	agency budget bill; appropriations are excluded by standing campaign rule
H0920	2135548	senate	1669283	2026-03-24	22-11	1	0	4	195	Read third time in full -- PASSED 22-11-2	Relates to the appropriation to the State Board of Education and the Board of Regents of the University of Idaho for Health Education Programs for fiscal year 2	APPROPRIATIONS -- HEALTH EDUCATION PROGRAMS -- Relates to the appropriation to the State Board of Education and the Board of Regents of the University of Idaho for Health Education Programs for fiscal year 2027.	excluded:appropriations	agency budget bill; appropriations are excluded by standing campaign rule
H0921	2135695	house	1666637	2026-03-19	48-21	1	0	4	207		Relates to the appropriation to the State Department of Education for fiscal year 2027.	APPROPRIATIONS -- DEPARTMENT OF EDUCATION -- Relates to the appropriation to the State Department of Education for fiscal year 2027.	excluded:appropriations	agency budget bill; appropriations are excluded by standing campaign rule
H0921	2135695	senate	1669049	2026-03-24	23-11	1	0	4	207	Read third time in full -- PASSED 23-11-1	Relates to the appropriation to the State Department of Education for fiscal year 2027.	APPROPRIATIONS -- DEPARTMENT OF EDUCATION -- Relates to the appropriation to the State Department of Education for fiscal year 2027.	excluded:appropriations	agency budget bill; appropriations are excluded by standing campaign rule
H0922	2135744	house	1666628	2026-03-19	62-7	1	0	4	206		Relates to the appropriation to the State Board of Education and the Board of Regents of the University of Idaho for College and Universities and the Office of	APPROPRIATIONS -- COLLEGE AND UNIVERSITIES -- Relates to the appropriation to the State Board of Education and the Board of Regents of the University of Idaho for College and Universities and the Office of the State Boar	out-of-gate:not-divided	
H0922	2135744	senate	1669020	2026-03-24	30-4	1	0	4	206	Read third time in full -- PASSED 30-4-1	Relates to the appropriation to the State Board of Education and the Board of Regents of the University of Idaho for College and Universities and the Office of	APPROPRIATIONS -- COLLEGE AND UNIVERSITIES -- Relates to the appropriation to the State Board of Education and the Board of Regents of the University of Idaho for College and Universities and the Office of the State Boar	out-of-gate:not-divided	
H0923	2135753	house	1666686	2026-03-19	38-32	1	0	4	205		Relates to the appropriation to the Department of Administration for fiscal year 2027.	APPROPRIATIONS -- DEPARTMENT OF ADMINISTRATION -- Relates to the appropriation to the Department of Administration for fiscal year 2027.	excluded:appropriations	agency budget bill; appropriations are excluded by standing campaign rule
H0923	2135753	senate	1669383	2026-03-24	19-15	1	0	4	205	Read third time in full -- PASSED 19-15-1	Relates to the appropriation to the Department of Administration for fiscal year 2027.	APPROPRIATIONS -- DEPARTMENT OF ADMINISTRATION -- Relates to the appropriation to the Department of Administration for fiscal year 2027.	excluded:appropriations	agency budget bill; appropriations are excluded by standing campaign rule
H0924	2135646	house	1666650	2026-03-19	46-24	1	0	4	194		Relates to the appropriation to the State Liquor Division for fiscal year 2027.	APPROPRIATIONS -- STATE LIQUOR DIVISION -- Relates to the appropriation to the State Liquor Division for fiscal year 2027.	excluded:appropriations	agency budget bill; appropriations are excluded by standing campaign rule
H0924	2135646	senate	1669395	2026-03-24	27-7	1	0	4	194	Read third time in full -- PASSED 27-7-1 -Engelking	Relates to the appropriation to the State Liquor Division for fiscal year 2027.	APPROPRIATIONS -- STATE LIQUOR DIVISION -- Relates to the appropriation to the State Liquor Division for fiscal year 2027.	excluded:appropriations	agency budget bill; appropriations are excluded by standing campaign rule
H0925	2135725	house	1666743	2026-03-19	52-17	1	0	4	211		Relates to the appropriation to the Judicial Branch for fiscal year 2027.	APPROPRIATIONS -- JUDICIAL BRANCH -- Relates to the appropriation to the Judicial Branch for fiscal year 2027.	excluded:appropriations	agency budget bill; appropriations are excluded by standing campaign rule
H0925	2135725	senate	1669218	2026-03-24	24-10	1	0	4	211	Read third time in full -- PASSED 24-10-1	Relates to the appropriation to the Judicial Branch for fiscal year 2027.	APPROPRIATIONS -- JUDICIAL BRANCH -- Relates to the appropriation to the Judicial Branch for fiscal year 2027.	excluded:appropriations	agency budget bill; appropriations are excluded by standing campaign rule
H0926	2135773	house	1667551	2026-03-23	51-17	1	0	4	300	Read Third Time in Full -- PASSED 51-17-2	Amends existing law to revise provisions regarding the formation of community infrastructure districts.	COMMUNITY INFRASTRUCTURE DISTRICTS -- Amends existing law to revise provisions regarding the formation of community infrastructure districts.	dropped:selection	community infrastructure district formation, not recognizable
H0926	2135773	senate	1673693	2026-03-31	20-14	1	0	4	300	Read third time in full -- PASSED 20-14-1	Amends existing law to revise provisions regarding the formation of community infrastructure districts.	COMMUNITY INFRASTRUCTURE DISTRICTS -- Amends existing law to revise provisions regarding the formation of community infrastructure districts.	dropped:selection	community infrastructure district formation, not recognizable
H0927	2135573	house	1669179	2026-03-24	56-14	1	0	2			Amends and adds to existing law to provide for suspension of driver's licenses when a person is 60 days or more delinquent in paying the penalty for a moving tr	TRAFFIC INFRACTIONS -- Amends and adds to existing law to provide for suspension of driver's licenses when a person is 60 days or more delinquent in paying the penalty for a moving traffic infraction.	out-of-gate:not-enacted	
H0928	2135709	house	1673686	2026-03-31	55-8	2	1	4	289		Adds to existing law to establish the Merit-Based Health Care Act.	MERIT-BASED HEALTH CARE -- Adds to existing law to establish the Merit-Based Health Care Act.	superseded:last-roll-not-divided	
H0928	2135709	senate	1673169	2026-03-30	29-6	1	1	4	289	Read third time as amended in the Senate -- PASSED 29-6-0	Adds to existing law to establish the Merit-Based Health Care Act.	MERIT-BASED HEALTH CARE -- Adds to existing law to establish the Merit-Based Health Care Act.	out-of-gate:not-divided	
H0929	2135562	house	1667035	2026-03-20	49-21	1	0	4	275	Read Third Time in Full -- PASSED 49-21-0	Adds to existing law to establish provisions regarding certain out-of-pocket payments for health care services.	HEALTH CARE -- Adds to existing law to establish provisions regarding certain out-of-pocket payments for health care services.	candidate:unbatched	
H0929	2135562	senate	1673303	2026-03-30	29-5	1	0	4	275	Read third time in full -- PASSED 29-5-1	Adds to existing law to establish provisions regarding certain out-of-pocket payments for health care services.	HEALTH CARE -- Adds to existing law to establish provisions regarding certain out-of-pocket payments for health care services.	out-of-gate:not-divided	
H0930	2135619	house	1667235	2026-03-20	36-34	1	0	4	337	Read Third Time in Full -- PASSED 36-34-0	Amends existing law to revise provisions regarding the duties of political treasurers.	CAMPAIGN FINANCE -- Amends existing law to revise provisions regarding the duties of political treasurers.	batched:batch-05	imported in batch-05
H0930	2135619	senate	1675495	2026-04-01	19-14	1	0	4	337	Read third time in full -- PASSED 19-14-2	Amends existing law to revise provisions regarding the duties of political treasurers.	CAMPAIGN FINANCE -- Amends existing law to revise provisions regarding the duties of political treasurers.	batched:batch-05	imported in batch-05
H0931	2135607	house	1666769	2026-03-19	67-1	1	0	4	274		Amends language added by House Bill 645 regarding the Portable Benefit Plan Act.	PORTABLE BENEFIT PLAN ACT -- Amends language added by House Bill 645 regarding the Portable Benefit Plan Act.	out-of-gate:not-divided	
H0931	2135607	senate	1673275	2026-03-30	34-0	1	0	4	274	Read third time in full -- PASSED 34-0-1	Amends language added by House Bill 645 regarding the Portable Benefit Plan Act.	PORTABLE BENEFIT PLAN ACT -- Amends language added by House Bill 645 regarding the Portable Benefit Plan Act.	out-of-gate:not-divided	
H0932	2135734	house	1667234	2026-03-20	68-0	1	0	4	301	Read Third Time in Full -- PASSED 68-0-2	States findings of the Legislature and provides for an advisory question regarding the state gun of Idaho to be placed on the ballot before the voters.	STATE GUN -- States findings of the Legislature and provides for an advisory question regarding the state gun of Idaho to be placed on the ballot before the voters.	out-of-gate:not-divided	
H0932	2135734	senate	1674202	2026-03-31	32-0	1	0	4	301	Read third time in full -- PASSED 32-0-3	States findings of the Legislature and provides for an advisory question regarding the state gun of Idaho to be placed on the ballot before the voters.	STATE GUN -- States findings of the Legislature and provides for an advisory question regarding the state gun of Idaho to be placed on the ballot before the voters.	out-of-gate:not-divided	
H0933	2136318	house	1667228	2026-03-20	47-22	1	0	4	193		Relates to the appropriation to the Commission on Aging for fiscal year 2027.	APPROPRIATIONS -- COMMISSION ON AGING -- Relates to the appropriation to the Commission on Aging for fiscal year 2027.	excluded:appropriations	agency budget bill; appropriations are excluded by standing campaign rule
H0933	2136318	senate	1669122	2026-03-24	28-5	1	0	4	193	Read third time in full -- PASSED 28-5-2 -Engelking	Relates to the appropriation to the Commission on Aging for fiscal year 2027.	APPROPRIATIONS -- COMMISSION ON AGING -- Relates to the appropriation to the Commission on Aging for fiscal year 2027.	out-of-gate:not-divided	
H0934	2136196	house	1667668	2026-03-23	44-24	1	0	4	302		Amends existing law to revise provisions regarding the Idaho Parental Choice Tax Credit.	TAXATION -- Amends existing law to revise provisions regarding the Idaho Parental Choice Tax Credit.	dropped:selection	revises the Idaho Parental Choice Tax Credit; the school-choice line puts it on the barred general label
H0934	2136196	senate	1674047	2026-03-31	23-12	1	0	4	302	Read third time in full -- PASSED 23-12-0	Amends existing law to revise provisions regarding the Idaho Parental Choice Tax Credit.	TAXATION -- Amends existing law to revise provisions regarding the Idaho Parental Choice Tax Credit.	dropped:selection	revises the Idaho Parental Choice Tax Credit; the school-choice line puts it on the barred general label
H0935	2136290	house	1667469	2026-03-23	59-9	1	0	4	298	Read Third Time in Full -- PASSED 59-9-2	Amends and adds to existing law to consolidate provisions regarding denturitry licensure.	DENTURITRY -- Amends and adds to existing law to consolidate provisions regarding denturitry licensure.	out-of-gate:not-divided	
H0935	2136290	senate	1674087	2026-03-31	34-0	1	0	4	298	Read third time in full -- PASSED 34-0-1	Amends and adds to existing law to consolidate provisions regarding denturitry licensure.	DENTURITRY -- Amends and adds to existing law to consolidate provisions regarding denturitry licensure.	out-of-gate:not-divided	
H0936	2136553	house	1669087	2026-03-24	37-31	1	0	2			Amends Senate Bill 1326a to revise a definition and revise provisions regarding federal government agents and local coordination.	PROPERTY -- Amends Senate Bill 1326a to revise a definition and revise provisions regarding federal government agents and local coordination.	out-of-gate:not-enacted	
H0939	2137245	house	1669080	2026-03-24	67-1	1	0	4	297		Amends existing law regarding the use of certain technologies.	HUNTING -- Amends existing law regarding the use of certain technologies.	out-of-gate:not-divided	
H0939	2137245	senate	1674004	2026-03-31	29-6	1	0	4	297	Read third time in full -- PASSED 29-6-0	Amends existing law regarding the use of certain technologies.	HUNTING -- Amends existing law regarding the use of certain technologies.	out-of-gate:not-divided	
H0940	2137507	house	1669802	2026-03-25	48-22	1	0	4	319		Amends existing law to revise provisions regarding the Idaho Digital Learning Academy.	EDUCATION -- Amends existing law to revise provisions regarding the Idaho Digital Learning Academy.	candidate:unbatched	
H0940	2137507	senate	1675471	2026-04-01	31-3	1	0	4	319	Read third time in full -- PASSED 31-3-1	Amends existing law to revise provisions regarding the Idaho Digital Learning Academy.	EDUCATION -- Amends existing law to revise provisions regarding the Idaho Digital Learning Academy.	out-of-gate:not-divided	
H0942	2137557	house	1670048	2026-03-25	45-22	1	0	4	270		Relates to the appropriation from the Idaho Millennium Income Fund for fiscal year 2027.	APPROPRIATIONS -- MILLENNIUM INCOME FUND -- Relates to the appropriation from the Idaho Millennium Income Fund for fiscal year 2027.	excluded:appropriations	agency budget bill; appropriations are excluded by standing campaign rule
H0942	2137557	senate	1673395	2026-03-30	24-11	1	0	4	270	Read third time in full -- PASSED 24-11-0	Relates to the appropriation from the Idaho Millennium Income Fund for fiscal year 2027.	APPROPRIATIONS -- MILLENNIUM INCOME FUND -- Relates to the appropriation from the Idaho Millennium Income Fund for fiscal year 2027.	excluded:appropriations	agency budget bill; appropriations are excluded by standing campaign rule
H0948	2138161	house	1673396	2026-03-30	61-4	1	0	2			Amends existing law to provide for the Legislative Services Office to conduct revenue analysis.	LEGISLATIVE SERVICES OFFICE -- Amends existing law to provide for the Legislative Services Office to conduct revenue analysis.	out-of-gate:not-enacted	
H0949	2138152	house	1671315	2026-03-26	69-1	1	0	4	339		Relates to the appropriation to the Workforce Development Council and the STEM Action Center for fiscal years 2026 and 2027.	APPROPRIATIONS -- WORKFORCE DEVELOPMENT COUNCIL AND STEM ACTION CENTER -- Relates to the appropriation to the Workforce Development Council and the STEM Action Center for fiscal years 2026 and 2027.	out-of-gate:not-divided	
H0949	2138152	senate	1675349	2026-04-01	33-0	1	0	4	339	Read third time in full -- PASSED 33-0-2 -Engelking	Relates to the appropriation to the Workforce Development Council and the STEM Action Center for fiscal years 2026 and 2027.	APPROPRIATIONS -- WORKFORCE DEVELOPMENT COUNCIL AND STEM ACTION CENTER -- Relates to the appropriation to the Workforce Development Council and the STEM Action Center for fiscal years 2026 and 2027.	out-of-gate:not-divided	
H0950	2138102	house	1671319	2026-03-26	60-10	1	0	4	338		Appropriates $200,000 to the Legislature for fiscal year 2026 for the Medicaid Review Panel.	APPROPRIATIONS -- LEGISLATURE -- Appropriates $200,000 to the Legislature for fiscal year 2026 for the Medicaid Review Panel.	out-of-gate:not-divided	
H0950	2138102	senate	1675320	2026-04-01	24-10	1	0	4	338	Read third time in full -- PASSED 24-10-1	Appropriates $200,000 to the Legislature for fiscal year 2026 for the Medicaid Review Panel.	APPROPRIATIONS -- LEGISLATURE -- Appropriates $200,000 to the Legislature for fiscal year 2026 for the Medicaid Review Panel.	excluded:appropriations	agency budget bill; appropriations are excluded by standing campaign rule
H0951	2138077	house	1671397	2026-03-26	33-37	1	0	1			Relates to the appropriation to the Office of the Attorney General for fiscal years 2026 and 2027.	APPROPRIATIONS -- OFFICE OF THE ATTORNEY GENERAL -- Relates to the appropriation to the Office of the Attorney General for fiscal years 2026 and 2027.	out-of-gate:not-enacted	
H0952	2138590	house	1671972	2026-03-27	67-0	1	0	4	322		Relates to the appropriation to the Office of the Secretary of State for fiscal year 2027.	APPROPRIATIONS -- OFFICE OF THE SECRETARY OF STATE -- Relates to the appropriation to the Office of the Secretary of State for fiscal year 2027.	out-of-gate:not-divided	
H0952	2138590	senate	1675332	2026-04-01	33-1	1	0	4	322	Read third time in full -- PASSED 33-1-1	Relates to the appropriation to the Office of the Secretary of State for fiscal year 2027.	APPROPRIATIONS -- OFFICE OF THE SECRETARY OF STATE -- Relates to the appropriation to the Office of the Secretary of State for fiscal year 2027.	out-of-gate:not-divided	
H0957	2138845	house	1673126	2026-03-30	68-0	1	0	4	310		Repeals existing law to remove outdated or unnecessary provisions.	DEPARTMENT OF WATER RESOURCES -- Repeals existing law to remove outdated or unnecessary provisions.	out-of-gate:not-divided	
H0957	2138845	senate	1675316	2026-04-01	35-0	1	0	4	310	Read third time in full -- PASSED 35-0-0	Repeals existing law to remove outdated or unnecessary provisions.	DEPARTMENT OF WATER RESOURCES -- Repeals existing law to remove outdated or unnecessary provisions.	out-of-gate:not-divided	
H0959	2139061	house	1672935	2026-03-30	67-0	1	0	4	316		Amends and adds to existing law to provide for an initiative petition to raise or lower the property tax budgets for fire protection districts and ambulance ser	TAXATION -- Amends and adds to existing law to provide for an initiative petition to raise or lower the property tax budgets for fire protection districts and ambulance service districts and to revise provisions regardin	out-of-gate:not-divided	
H0959	2139061	senate	1676323	2026-04-02	33-0	1	0	4	316	Read third time in full -- PASSED 33-0-2	Amends and adds to existing law to provide for an initiative petition to raise or lower the property tax budgets for fire protection districts and ambulance ser	TAXATION -- Amends and adds to existing law to provide for an initiative petition to raise or lower the property tax budgets for fire protection districts and ambulance service districts and to revise provisions regardin	out-of-gate:not-divided	
H0964	2139097	house	1673054	2026-03-30	36-30	1	0	4	303		Relates to the appropriation to the Department of Fish and Game for fiscal year 2027.	APPROPRIATIONS -- DEPARTMENT OF FISH AND GAME -- Relates to the appropriation to the Department of Fish and Game for fiscal year 2027.	excluded:appropriations	agency budget bill; appropriations are excluded by standing campaign rule
H0964	2139097	senate	1675337	2026-04-01	21-14	1	0	4	303	Read third time in full -- PASSED 21-14-0	Relates to the appropriation to the Department of Fish and Game for fiscal year 2027.	APPROPRIATIONS -- DEPARTMENT OF FISH AND GAME -- Relates to the appropriation to the Department of Fish and Game for fiscal year 2027.	excluded:appropriations	agency budget bill; appropriations are excluded by standing campaign rule
H0965	2139047	house	1673368	2026-03-30	55-11	1	0	4	305		Relates to the appropriation to the Office of Species, Minerals, and Energy Coordination and the Idaho State Historical Society for fiscal year 2027.	APPROPRIATIONS -- SMEC & ISHS -- Relates to the appropriation to the Office of Species, Minerals, and Energy Coordination and the Idaho State Historical Society for fiscal year 2027.	out-of-gate:not-divided	
H0965	2139047	senate	1675483	2026-04-01	30-5	1	0	4	305	Read third time in full -- PASSED 30-5-0	Relates to the appropriation to the Office of Species, Minerals, and Energy Coordination and the Idaho State Historical Society for fiscal year 2027.	APPROPRIATIONS -- SMEC & ISHS -- Relates to the appropriation to the Office of Species, Minerals, and Energy Coordination and the Idaho State Historical Society for fiscal year 2027.	out-of-gate:not-divided	
H0966	2139082	house	1673407	2026-03-30	58-8	1	0	4	304		Relates to the appropriation to the Department of Correction for fiscal year 2027.	APPROPRIATIONS -- DEPARTMENT OF CORRECTION -- Relates to the appropriation to the Department of Correction for fiscal year 2027.	out-of-gate:not-divided	
H0966	2139082	senate	1675344	2026-04-01	34-1	1	0	4	304	Read third time in full -- PASSED 34-1-0	Relates to the appropriation to the Department of Correction for fiscal year 2027.	APPROPRIATIONS -- DEPARTMENT OF CORRECTION -- Relates to the appropriation to the Department of Correction for fiscal year 2027.	out-of-gate:not-divided	
H0967	2139067	house	1673333	2026-03-30	50-18	1	0	4	324		Amends existing law to revise provisions regarding the distribution of moneys in the Liquor Account.	DISTRIBUTION OF MONEYS IN LIQUOR ACCOUNT -- Amends existing law to revise provisions regarding the distribution of moneys in the Liquor Account.	dropped:selection	distribution of the Liquor Account, not recognizable
H0967	2139067	senate	1675416	2026-04-01	26-9	1	0	4	324	Read third time in full -- PASSED 26-9-0	Amends existing law to revise provisions regarding the distribution of moneys in the Liquor Account.	DISTRIBUTION OF MONEYS IN LIQUOR ACCOUNT -- Amends existing law to revise provisions regarding the distribution of moneys in the Liquor Account.	dropped:selection	distribution of the Liquor Account, not recognizable
H0968	2139583	house	1674091	2026-03-31	53-13	1	0	4	311		Relates to the appropriation and transfer of moneys in the state treasury for fiscal years 2026 and 2027.	APPROPRIATIONS -- Relates to the appropriation and transfer of moneys in the state treasury for fiscal years 2026 and 2027.	out-of-gate:not-divided	
H0968	2139583	senate	1675394	2026-04-01	28-6	1	0	4	311	Read third time in full -- PASSED 28-6-1	Relates to the appropriation and transfer of moneys in the state treasury for fiscal years 2026 and 2027.	APPROPRIATIONS -- Relates to the appropriation and transfer of moneys in the state treasury for fiscal years 2026 and 2027.	out-of-gate:not-divided	
H0971	2140514	house	1675478	2026-04-01	48-17	1	0	4	341		Relates to the appropriation to the Office of the Attorney General for fiscal years 2026 and 2027.	APPROPRIATIONS -- OFFICE OF THE ATTORNEY GENERAL -- Relates to the appropriation to the Office of the Attorney General for fiscal years 2026 and 2027.	excluded:appropriations	agency budget bill; appropriations are excluded by standing campaign rule
H0971	2140514	senate	1675479	2026-04-01	27-8	1	0	4	341	Read third time in full -- PASSED 27-8-0	Relates to the appropriation to the Office of the Attorney General for fiscal years 2026 and 2027.	APPROPRIATIONS -- OFFICE OF THE ATTORNEY GENERAL -- Relates to the appropriation to the Office of the Attorney General for fiscal years 2026 and 2027.	excluded:appropriations	agency budget bill; appropriations are excluded by standing campaign rule
H0972	2140668	house	1676330	2026-04-02	51-10	1	0	4	332		Relates to the appropriation to the Department of Health and Welfare for fiscal year 2027.	APPROPRIATIONS -- HEALTH AND WELFARE -- DIVISION OF WELFARE -- Relates to the appropriation to the Department of Health and Welfare for fiscal year 2027.	out-of-gate:not-divided	
H0972	2140668	senate	1676331	2026-04-02	25-8	1	0	4	332	Read third time in full -- PASSED 25-8-2	Relates to the appropriation to the Department of Health and Welfare for fiscal year 2027.	APPROPRIATIONS -- HEALTH AND WELFARE -- DIVISION OF WELFARE -- Relates to the appropriation to the Department of Health and Welfare for fiscal year 2027.	excluded:appropriations	agency budget bill; appropriations are excluded by standing campaign rule
H0973	2140650	house	1676269	2026-04-02	65-0	1	0	4	323		Relates to the appropriation to the Military Division for fiscal year 2026.	APPROPRIATIONS -- MILITARY DIVISION -- Relates to the appropriation to the Military Division for fiscal year 2026.	out-of-gate:not-divided	
H0973	2140650	senate	1676270	2026-04-02	29-2	1	0	4	323	Read third time in full -- PASSED 29-2-4 -Engelking	Relates to the appropriation to the Military Division for fiscal year 2026.	APPROPRIATIONS -- MILITARY DIVISION -- Relates to the appropriation to the Military Division for fiscal year 2026.	out-of-gate:not-divided	
H0974	2140606	house	1676340	2026-04-02	62-0	1	0	4	325		Relates to the appropriation to the Idaho State Police for fiscal year 2027.	APPROPRIATIONS -- IDAHO STATE POLICE -- Relates to the appropriation to the Idaho State Police for fiscal year 2027.	out-of-gate:not-divided	
H0974	2140606	senate	1676341	2026-04-02	33-0	1	0	4	325	Read third time in full -- PASSED 33-0-2	Relates to the appropriation to the Idaho State Police for fiscal year 2027.	APPROPRIATIONS -- IDAHO STATE POLICE -- Relates to the appropriation to the Idaho State Police for fiscal year 2027.	out-of-gate:not-divided	
H0975	2140562	house	1676273	2026-04-02	43-23	1	0	5			Relates to the appropriation and transfer of moneys in the state treasury for fiscal year 2027.	APPROPRIATIONS -- Relates to the appropriation and transfer of moneys in the state treasury for fiscal year 2027.	out-of-gate:not-enacted	
H0975	2140562	senate	1676274	2026-04-02	19-13	1	0	5		Read third time in full -- PASSED 19-13-3	Relates to the appropriation and transfer of moneys in the state treasury for fiscal year 2027.	APPROPRIATIONS -- Relates to the appropriation and transfer of moneys in the state treasury for fiscal year 2027.	out-of-gate:not-enacted	
H0976	2140495	house	1676334	2026-04-02	65-0	1	0	4	326		Relates to the appropriation and transfer of funds for strategic initiatives and local highway districts.	APPROPRIATIONS -- Relates to the appropriation and transfer of funds for strategic initiatives and local highway districts.	out-of-gate:not-divided	
H0976	2140495	senate	1676335	2026-04-02	32-0	1	0	4	326	Read third time in full -- PASSED 32-0-3	Relates to the appropriation and transfer of funds for strategic initiatives and local highway districts.	APPROPRIATIONS -- Relates to the appropriation and transfer of funds for strategic initiatives and local highway districts.	out-of-gate:not-divided	
H0978	2140675	house	1676332	2026-04-02	34-29	1	0	4	312		Relates to the appropriation to the Department of Health and Welfare for fiscal year 2027.	APPROPRIATIONS -- HEALTH AND WELFARE -- PUBLIC HEALTH SERVICES -- Relates to the appropriation to the Department of Health and Welfare for fiscal year 2027.	excluded:appropriations	agency budget bill; appropriations are excluded by standing campaign rule
H0978	2140675	senate	1676333	2026-04-02	24-11	1	0	4	312	Read third time in full -- PASSED 24-11-0	Relates to the appropriation to the Department of Health and Welfare for fiscal year 2027.	APPROPRIATIONS -- HEALTH AND WELFARE -- PUBLIC HEALTH SERVICES -- Relates to the appropriation to the Department of Health and Welfare for fiscal year 2027.	excluded:appropriations	agency budget bill; appropriations are excluded by standing campaign rule
HJR007	2090730	house	1628765	2026-02-10	41-28	1	0	1		Read Third Time in Full -- FAILED 41-28-1	Proposes an amendment to the state constitution to repeal the prohibition on sectarian appropriations.	SECTARIAN APPROPRIATIONS -- Proposes an amendment to the state constitution to repeal the prohibition on sectarian appropriations.	out-of-gate:not-enacted	
HJR009	2114404	house	1655586	2026-03-05	44-25	1	0	1		Read Third Time in Full -- FAILED 44-25-1	Proposes an amendment to the state constitution to remove language allowing for the Legislature to require school attendance and to add language regarding the r	EDUCATION -- Proposes an amendment to the state constitution to remove language allowing for the Legislature to require school attendance and to add language regarding the right of the people to educate their children wi	out-of-gate:not-enacted	
S1221	2081574	house	1644756	2026-02-25	70-0	1	0	4	10	Read Third Time in Full -- PASSED 70-0-0	Amends existing law to revise a definition regarding who is not considered an employee.	PERSI -- Amends existing law to revise a definition regarding who is not considered an employee.	out-of-gate:not-divided	
S1221	2081574	senate	1622155	2026-02-03	33-0	1	0	4	10	Read third time in full -- PASSED 33-0-2	Amends existing law to revise a definition regarding who is not considered an employee.	PERSI -- Amends existing law to revise a definition regarding who is not considered an employee.	out-of-gate:not-divided	
S1222	2082249	house	1631089	2026-02-11	69-0	1	0	4	2	Read Third Time in Full -- PASSED 69-0-1	Amends existing law to revise provisions regarding the domestic use of water.	DOMESTIC WELLS -- Amends existing law to revise provisions regarding the domestic use of water.	out-of-gate:not-divided	
S1222	2082249	senate	1620045	2026-01-30	29-0	1	0	4	2	Read third time in full -- PASSED 29-0-6	Amends existing law to revise provisions regarding the domestic use of water.	DOMESTIC WELLS -- Amends existing law to revise provisions regarding the domestic use of water.	out-of-gate:not-divided	
S1224	2088485	house	1667052	2026-03-20	68-0	1	1	4	120	Read Third Time in Full -- PASSED 68-0-2	Adds to existing law to establish provisions regarding slow moving vehicles.	TRANSPORTATION -- Adds to existing law to establish provisions regarding slow moving vehicles.	out-of-gate:not-divided	
S1224	2088485	senate	1657649	2026-03-09	35-0	1	1	4	120	Read third time in full as amended -- PASSED 35-0-0	Adds to existing law to establish provisions regarding slow moving vehicles.	TRANSPORTATION -- Adds to existing law to establish provisions regarding slow moving vehicles.	out-of-gate:not-divided	
S1225	2088400	house	1631876	2026-02-12	67-1	1	1	4	3	Read Third Time in Full -- PASSED 67-1-2	Amends existing law to establish provisions regarding public university president searches and to revise provisions regarding certain records.	EDUCATION -- Amends existing law to establish provisions regarding public university president searches and to revise provisions regarding certain records.	out-of-gate:not-divided	
S1225	2088400	senate	1621023	2026-02-02	34-0	1	1	4	3	Read third time in full as amended -- PASSED 34-0-1	Amends existing law to establish provisions regarding public university president searches and to revise provisions regarding certain records.	EDUCATION -- Amends existing law to establish provisions regarding public university president searches and to revise provisions regarding certain records.	out-of-gate:not-divided	
S1226	2090218	house	1662186	2026-03-12	68-0	1	0	4	40	Read Third Time in Full -- PASSED 68-0-2	Amends, repeals, and adds to existing law to revise provisions and requirements regarding collection of DNA samples and thumbprint impressions.	SAMPLE COLLECTIONS -- Amends, repeals, and adds to existing law to revise provisions and requirements regarding collection of DNA samples and thumbprint impressions.	out-of-gate:not-divided	
S1226	2090218	senate	1621042	2026-02-02	34-0	1	0	4	40	Read third time in full -- PASSED 34-0-1	Amends, repeals, and adds to existing law to revise provisions and requirements regarding collection of DNA samples and thumbprint impressions.	SAMPLE COLLECTIONS -- Amends, repeals, and adds to existing law to revise provisions and requirements regarding collection of DNA samples and thumbprint impressions.	out-of-gate:not-divided	
S1227	2090168	house	1662030	2026-03-12	62-6	1	1	4	71	Read third time in full as amended in House -- PASSED 62-6-2	Adds to existing law to establish provisions regarding generative artificial intelligence in public education.	EDUCATION -- Adds to existing law to establish provisions regarding generative artificial intelligence in public education.	out-of-gate:not-divided	
S1227	2090168	senate	1664891	2026-03-17	27-6	2	1	4	71	Read third time as amended in the House -- PASSED 27-6-2	Adds to existing law to establish provisions regarding generative artificial intelligence in public education.	EDUCATION -- Adds to existing law to establish provisions regarding generative artificial intelligence in public education.	superseded:last-roll-not-divided	
S1232	2094633	house	1662162	2026-03-12	67-1	1	1	4	39	Read Third Time in Full -- PASSED 67-1-2	Repeals and adds to existing law to establish provisions regarding proceeds derived from criminal notoriety.	CRIME VICTIMS -- Repeals and adds to existing law to establish provisions regarding proceeds derived from criminal notoriety.	out-of-gate:not-divided	
S1232	2094633	senate	1639296	2026-02-19	33-0	1	1	4	39	Read third time in full as amended -- PASSED 33-0-2	Repeals and adds to existing law to establish provisions regarding proceeds derived from criminal notoriety.	CRIME VICTIMS -- Repeals and adds to existing law to establish provisions regarding proceeds derived from criminal notoriety.	out-of-gate:not-divided	
S1233	2094653	senate	1630616	2026-02-11	15-19	1	0	1		Read third time in full -- FAILED 15-19-1	Adds to existing law to provide that no state court shall enforce, consider, or apply any judgment, decree, ruling, or decision of arbitration based on certain	CONSTITUTIONAL COURTS ACT -- Adds to existing law to provide that no state court shall enforce, consider, or apply any judgment, decree, ruling, or decision of arbitration based on certain forms of religious or cultural	out-of-gate:not-enacted	
S1234	2094613	senate	1626242	2026-02-09	34-0	1	0	2		Read third time in full -- PASSED 34-0-1	Amends existing law to provide for Lewis-Clark State University.	EDUCATION -- Amends existing law to provide for Lewis-Clark State University.	out-of-gate:not-enacted	
S1236	2098639	house	1671525	2026-03-26	58-8	1	0	4	230		Repeals existing law relating to the Idaho Women's Commission.	IDAHO WOMEN'S COMMISSION -- Repeals existing law relating to the Idaho Women's Commission.	out-of-gate:not-divided	
S1236	2098639	senate	1639330	2026-02-19	29-5	1	0	4	230	Read third time in full -- PASSED 29-5-1	Repeals existing law relating to the Idaho Women's Commission.	IDAHO WOMEN'S COMMISSION -- Repeals existing law relating to the Idaho Women's Commission.	out-of-gate:not-divided	
S1239	2101642	house	1662192	2026-03-12	68-0	1	0	4	38	Read Third Time in Full -- PASSED 68-0-2	Amends existing law to revise the definition of “daycare.”	SEX OFFENDERS -- Amends existing law to revise the definition of “daycare.”	out-of-gate:not-divided	
S1239	2101642	senate	1626679	2026-02-09	34-0	1	0	4	38	Read third time in full -- PASSED 34-0-1	Amends existing law to revise the definition of “daycare.”	SEX OFFENDERS -- Amends existing law to revise the definition of “daycare.”	out-of-gate:not-divided	
S1240	2101821	house	1662048	2026-03-12	68-0	1	0	4	79	Read Third Time in Full -- PASSED 68-0-2	Amends, repeals, and adds to existing law to establish the Uniform Guardianship, Conservatorship, and Other Protective Arrangements Act.	UNIFORM GUARDIANSHIP, CONSERVATORSHIP, AND OTHER PROTECTIVE ARRANGEMENTS ACT -- Amends, repeals, and adds to existing law to establish the Uniform Guardianship, Conservatorship, and Other Protective Arrangements Act.	out-of-gate:not-divided	
S1240	2101821	senate	1633320	2026-02-13	32-0	1	0	4	79	Read third time in full -- PASSED 32-0-3	Amends, repeals, and adds to existing law to establish the Uniform Guardianship, Conservatorship, and Other Protective Arrangements Act.	UNIFORM GUARDIANSHIP, CONSERVATORSHIP, AND OTHER PROTECTIVE ARRANGEMENTS ACT -- Amends, repeals, and adds to existing law to establish the Uniform Guardianship, Conservatorship, and Other Protective Arrangements Act.	out-of-gate:not-divided	
S1241	2101912	house	1665771	2026-03-18	67-0	1	1	4	105		Adds to existing law to provide for the protection of working animals.	ANIMALS -- Adds to existing law to provide for the protection of working animals.	out-of-gate:not-divided	
S1241	2101912	senate	1652559	2026-03-04	31-3	1	1	4	105	Read third time in full as amended -- PASSED 31-3-1	Adds to existing law to provide for the protection of working animals.	ANIMALS -- Adds to existing law to provide for the protection of working animals.	out-of-gate:not-divided	
S1242	2101951	house	1663622	2026-03-16	68-0	1	0	4	55		Amends and repeals existing law to remove outdated provisions.	POTATO COMMISSION -- Amends and repeals existing law to remove outdated provisions.	out-of-gate:not-divided	
S1242	2101951	senate	1637791	2026-02-18	35-0	1	0	4	55	Read third time in full -- PASSED 35-0-0	Amends and repeals existing law to remove outdated provisions.	POTATO COMMISSION -- Amends and repeals existing law to remove outdated provisions.	out-of-gate:not-divided	
S1243	2101808	house	1663677	2026-03-16	68-0	1	0	4	56		Amends existing law to remove outdated references to the “Idaho OnePlan.”	IDAHO ONEPLAN -- Amends existing law to remove outdated references to the “Idaho OnePlan.”	out-of-gate:not-divided	
S1243	2101808	senate	1637813	2026-02-18	35-0	1	0	4	56	Read third time in full -- PASSED 35-0-0	Amends existing law to remove outdated references to the “Idaho OnePlan.”	IDAHO ONEPLAN -- Amends existing law to remove outdated references to the “Idaho OnePlan.”	out-of-gate:not-divided	
S1244	2102858	house	1656420	2026-03-06	64-0	1	0	4	16	Read Third Time in Full -- PASSED 64-0-6	Repeals existing law to remove obsolete provisions.	REGIONAL LIBRARY SYSTEMS -- Repeals existing law to remove obsolete provisions.	out-of-gate:not-divided	
S1244	2102858	senate	1637816	2026-02-18	35-0	1	0	4	16	Read third time in full -- PASSED 35-0-0	Repeals existing law to remove obsolete provisions.	REGIONAL LIBRARY SYSTEMS -- Repeals existing law to remove obsolete provisions.	out-of-gate:not-divided	
S1247	2102965	house	1676319	2026-04-02	37-29	1	0	2			Adds to existing law to establish provisions regarding law enforcement entering into a memorandum of agreement.	MEMORANDUM OF AGREEMENT -- Adds to existing law to establish provisions regarding law enforcement entering into a memorandum of agreement.	out-of-gate:not-enacted	
S1247	2102965	senate	1639125	2026-02-19	27-7	1	0	2		Read third time in full -- PASSED 27-7-1	Adds to existing law to establish provisions regarding law enforcement entering into a memorandum of agreement.	MEMORANDUM OF AGREEMENT -- Adds to existing law to establish provisions regarding law enforcement entering into a memorandum of agreement.	out-of-gate:not-enacted	
S1248	2104789	house	1655345	2026-03-05	68-0	1	0	4	14	Read Third Time in Full -- PASSED 68-0-2	Repeals existing law to remove obsolete language relating to the Capital Crimes Defense Fund.	STATE APPELLATE PUBLIC DEFENDERS -- Repeals existing law to remove obsolete language relating to the Capital Crimes Defense Fund.	out-of-gate:not-divided	
S1248	2104789	senate	1633660	2026-02-13	32-0	1	0	4	14	Read third time in full -- PASSED 32-0-3	Repeals existing law to remove obsolete language relating to the Capital Crimes Defense Fund.	STATE APPELLATE PUBLIC DEFENDERS -- Repeals existing law to remove obsolete language relating to the Capital Crimes Defense Fund.	out-of-gate:not-divided	
S1249	2104969	house	1655520	2026-03-05	68-0	1	0	4	13	Read Third Time in Full -- PASSED 68-0-2	Amends existing law to remove outdated language regarding time zones.	JUVENILE CORRECTIONS -- Amends existing law to remove outdated language regarding time zones.	out-of-gate:not-divided	
S1249	2104969	senate	1633534	2026-02-13	32-0	1	0	4	13	Read third time in full -- PASSED 32-0-3	Amends existing law to remove outdated language regarding time zones.	JUVENILE CORRECTIONS -- Amends existing law to remove outdated language regarding time zones.	out-of-gate:not-divided	
S1250	2105054	house	1668023	2026-03-23	68-0	1	0	4	148	Read Third Time in Full -- PASSED 68-0-2	Amends existing law to provide that certain decedent photos shall be exempt from disclosure and to provide an exception.	RECORDS EXEMPT FROM DISCLOSURE -- Amends existing law to provide that certain decedent photos shall be exempt from disclosure and to provide an exception.	out-of-gate:not-divided	
S1250	2105054	senate	1639307	2026-02-19	34-0	1	0	4	148	Read third time in full -- PASSED 34-0-1	Amends existing law to provide that certain decedent photos shall be exempt from disclosure and to provide an exception.	RECORDS EXEMPT FROM DISCLOSURE -- Amends existing law to provide that certain decedent photos shall be exempt from disclosure and to provide an exception.	out-of-gate:not-divided	
S1251	2104831	house	1664783	2026-03-17	64-5	1	0	4	101	Read Third Time in Full -- PASSED 64-5-1	Amends existing law to revise a provision regarding a duty of the Attorney General.	ATTORNEY GENERAL -- Amends existing law to revise a provision regarding a duty of the Attorney General.	out-of-gate:not-divided	
S1251	2104831	senate	1633658	2026-02-13	30-3	1	0	4	101	Read third time in full -- PASSED 30-3-2	Amends existing law to revise a provision regarding a duty of the Attorney General.	ATTORNEY GENERAL -- Amends existing law to revise a provision regarding a duty of the Attorney General.	out-of-gate:not-divided	
S1254	2107827	house	1676385	2026-04-02	43-22	1	0	4	315	Read Third Time in Full -- PASSED 43-22-5	Amends existing law to clarify the existing right of persons licensed to practice chiropractic to prescribe certain prescription drug products.	CHIROPRACTIC PRACTICE ACT -- Amends existing law to clarify the existing right of persons licensed to practice chiropractic to prescribe certain prescription drug products.	candidate:unbatched	
S1254	2107827	senate	1643297	2026-02-24	34-0	1	0	4	315	Read third time in full -- PASSED 34-0-1	Amends existing law to clarify the existing right of persons licensed to practice chiropractic to prescribe certain prescription drug products.	CHIROPRACTIC PRACTICE ACT -- Amends existing law to clarify the existing right of persons licensed to practice chiropractic to prescribe certain prescription drug products.	out-of-gate:not-divided	
S1255	2107744	house	1664786	2026-03-17	67-0	1	0	4	102		Amends existing law to include tribal health facilities in provisions regarding certain detentions without hearing.	HOSPITALIZATION OF MENTALLY ILL -- Amends existing law to include tribal health facilities in provisions regarding certain detentions without hearing.	out-of-gate:not-divided	
S1255	2107744	senate	1640794	2026-02-23	33-0	1	0	4	102	Read third time in full -- PASSED 33-0-2	Amends existing law to include tribal health facilities in provisions regarding certain detentions without hearing.	HOSPITALIZATION OF MENTALLY ILL -- Amends existing law to include tribal health facilities in provisions regarding certain detentions without hearing.	out-of-gate:not-divided	
S1256	2107576	house	1666694	2026-03-19	70-0	1	0	4	123	Read Third Time in Full -- PASSED 70-0-0	Repeals existing law to remove obsolete provisions relating to reports of medical authorities establishing blindness.	BLIND AND VISUALLY IMPAIRED -- Repeals existing law to remove obsolete provisions relating to reports of medical authorities establishing blindness.	out-of-gate:not-divided	
S1256	2107576	senate	1640977	2026-02-23	33-0	1	0	4	123	Read third time in full -- PASSED 33-0-2	Repeals existing law to remove obsolete provisions relating to reports of medical authorities establishing blindness.	BLIND AND VISUALLY IMPAIRED -- Repeals existing law to remove obsolete provisions relating to reports of medical authorities establishing blindness.	out-of-gate:not-divided	
S1257	2107411	house	1664666	2026-03-17	44-24	1	0	4	131		Amends existing law to establish provisions regarding visitation and termination of parental rights.	CHILD PROTECTION -- Amends existing law to establish provisions regarding visitation and termination of parental rights.	batched:batch-06	imported in batch-06
S1257	2107411	senate	1647991	2026-02-27	24-6	1	0	4	131	Read third time in full -- PASSED 24-6-5	Amends existing law to establish provisions regarding visitation and termination of parental rights.	CHILD PROTECTION -- Amends existing law to establish provisions regarding visitation and termination of parental rights.	batched:batch-06	imported in batch-06
S1258	2109474	house	1668002	2026-03-23	50-17	1	0	4	137	Read Third Time in Full -- PASSED 50-17-3	Amends existing law to authorize liquor licensure for a distillery in certain instances.	LIQUOR -- Amends existing law to authorize liquor licensure for a distillery in certain instances.	dropped:selection	distillery liquor licensure, not recognizable
S1258	2109474	senate	1643352	2026-02-24	26-9	1	0	4	137	Read third time in full -- PASSED 26-9-0	Amends existing law to authorize liquor licensure for a distillery in certain instances.	LIQUOR -- Amends existing law to authorize liquor licensure for a distillery in certain instances.	dropped:selection	distillery liquor licensure, not recognizable
S1260	2109142	house	1668149	2026-03-23	59-9	1	0	4	165	Read Third Time in Full -- PASSED 59-9-2	Amends existing law to revise provisions regarding illegal entry, to remove provisions regarding illegal entry, and to provide for certain affirmative defenses.	IMMIGRATION COOPERATION AND ENFORCEMENT ACT -- Amends existing law to revise provisions regarding illegal entry, to remove provisions regarding illegal entry, and to provide for certain affirmative defenses.	out-of-gate:not-divided	
S1260	2109142	senate	1657492	2026-03-09	29-6	1	0	4	165	Read third time in full -- PASSED 29-6-0	Amends existing law to revise provisions regarding illegal entry, to remove provisions regarding illegal entry, and to provide for certain affirmative defenses.	IMMIGRATION COOPERATION AND ENFORCEMENT ACT -- Amends existing law to revise provisions regarding illegal entry, to remove provisions regarding illegal entry, and to provide for certain affirmative defenses.	out-of-gate:not-divided	
S1261	2110746	house	1662129	2026-03-12	68-0	1	0	4	37	Read Third Time in Full -- PASSED 68-0-2	Amends existing law to provide for a retired member who is appointed to an elective public office.	PERSI -- Amends existing law to provide for a retired member who is appointed to an elective public office.	out-of-gate:not-divided	
S1261	2110746	senate	1637809	2026-02-18	35-0	1	0	4	37	Read third time in full -- PASSED 35-0-0	Amends existing law to provide for a retired member who is appointed to an elective public office.	PERSI -- Amends existing law to provide for a retired member who is appointed to an elective public office.	out-of-gate:not-divided	
S1262	2110786	house	1667901	2026-03-23	68-0	1	0	4	180	Read Third Time in Full -- PASSED 68-0-2	Amends existing law to revise provisions regarding miscellaneous insurer investments.	INSURER INVESTMENTS -- Amends existing law to revise provisions regarding miscellaneous insurer investments.	out-of-gate:not-divided	
S1262	2110786	senate	1641192	2026-02-23	33-0	1	0	4	180	Read third time in full -- PASSED 33-0-2	Amends existing law to revise provisions regarding miscellaneous insurer investments.	INSURER INVESTMENTS -- Amends existing law to revise provisions regarding miscellaneous insurer investments.	out-of-gate:not-divided	
S1264	2110665	senate	1673082	2026-03-30	25-10	1	1	2		Read third time in full as amended -- PASSED 25-10-0	Adds to existing law to establish the Idaho Rural Health Transformation Fund and the Rural Health Transformation Committee.	RURAL HEALTH TRANSFORMATION -- Adds to existing law to establish the Idaho Rural Health Transformation Fund and the Rural Health Transformation Committee.	out-of-gate:not-enacted	
S1265	2110867	house	1656409	2026-03-06	64-0	1	0	4	17	Read Third Time in Full -- PASSED 64-0-6	Amends existing law by removing outdated or unnecessary provisions related to the Petroleum Clean Water Trust Fund.	PETROLEUM CLEAN WATER TRUST FUND ACT -- Amends existing law by removing outdated or unnecessary provisions related to the Petroleum Clean Water Trust Fund.	out-of-gate:not-divided	
S1265	2110867	senate	1640737	2026-02-23	33-0	1	0	4	17	Read third time in full -- PASSED 33-0-2	Amends existing law by removing outdated or unnecessary provisions related to the Petroleum Clean Water Trust Fund.	PETROLEUM CLEAN WATER TRUST FUND ACT -- Amends existing law by removing outdated or unnecessary provisions related to the Petroleum Clean Water Trust Fund.	out-of-gate:not-divided	
S1266	2110703	house	1669054	2026-03-24	70-0	1	0	4	198	Read Third Time in Full -- PASSED 70-0-0	Amends and adds to existing law to establish provisions regarding foster care placement.	FOSTER CARE -- Amends and adds to existing law to establish provisions regarding foster care placement.	out-of-gate:not-divided	
S1266	2110703	senate	1640842	2026-02-23	34-0	1	0	4	198	Read third time in full -- PASSED 34-0-1	Amends and adds to existing law to establish provisions regarding foster care placement.	FOSTER CARE -- Amends and adds to existing law to establish provisions regarding foster care placement.	out-of-gate:not-divided	
S1269	2113169	house	1664909	2026-03-17	40-28	1	0	4	86		Amends and adds to existing law to revise provisions regarding cloud seeding programs.	CLOUD SEEDING -- Amends and adds to existing law to revise provisions regarding cloud seeding programs.	batched:batch-06	imported in batch-06
S1269	2113169	senate	1652106	2026-03-03	25-9	1	0	4	86	Read third time in full -- PASSED 25-9-1	Amends and adds to existing law to revise provisions regarding cloud seeding programs.	CLOUD SEEDING -- Amends and adds to existing law to revise provisions regarding cloud seeding programs.	batched:batch-06	imported in batch-06
S1270	2113146	house	1671416	2026-03-26	70-0	1	1	4	247		Adds to existing law to establish provisions regarding cell-cultivated animal protein labeling, oversight, and penalties.	CELL-CULTIVATED ANIMAL PROTEINS -- Adds to existing law to establish provisions regarding cell-cultivated animal protein labeling, oversight, and penalties.	out-of-gate:not-divided	
S1270	2113146	senate	1651559	2026-03-03	34-0	1	1	4	247	Read third time in full as amended -- PASSED 34-0-1	Adds to existing law to establish provisions regarding cell-cultivated animal protein labeling, oversight, and penalties.	CELL-CULTIVATED ANIMAL PROTEINS -- Adds to existing law to establish provisions regarding cell-cultivated animal protein labeling, oversight, and penalties.	out-of-gate:not-divided	
S1271	2113203	house	1664809	2026-03-17	32-38	1	1	2		Read Third Time in Full -- FAILED 32-38-0	Adds to existing law to declare certain rats a public health and safety nuisance and to require abatement.	RATS -- Adds to existing law to declare certain rats a public health and safety nuisance and to require abatement.	out-of-gate:not-enacted	
S1271	2113203	senate	1655504	2026-03-05	28-3	1	1	2		Read third time in full as amended -- PASSED 28-3-4	Adds to existing law to declare certain rats a public health and safety nuisance and to require abatement.	RATS -- Adds to existing law to declare certain rats a public health and safety nuisance and to require abatement.	out-of-gate:not-enacted	
S1272	2114394	house	1664953	2026-03-17	67-0	1	0	4	84		Amends and repeals existing law to remove obsolete language.	TRANSPORTATION -- Amends and repeals existing law to remove obsolete language.	out-of-gate:not-divided	
S1272	2114394	senate	1651281	2026-03-03	35-0	1	0	4	84	Read third time in full -- PASSED 35-0-0	Amends and repeals existing law to remove obsolete language.	TRANSPORTATION -- Amends and repeals existing law to remove obsolete language.	out-of-gate:not-divided	
S1273	2114191	house	1662157	2026-03-12	68-0	1	0	4	44	Read Third Time in Full -- PASSED 68-0-2	Amends and repeals existing law to remove obsolete and outdated provisions relating to the Division of Veterans Services.	VETERANS -- Amends and repeals existing law to remove obsolete and outdated provisions relating to the Division of Veterans Services.	out-of-gate:not-divided	
S1273	2114191	senate	1651082	2026-03-03	35-0	1	0	4	44	Read third time in full -- PASSED 35-0-0	Amends and repeals existing law to remove obsolete and outdated provisions relating to the Division of Veterans Services.	VETERANS -- Amends and repeals existing law to remove obsolete and outdated provisions relating to the Division of Veterans Services.	out-of-gate:not-divided	
S1274	2114317	house	1662178	2026-03-12	67-0	1	0	4	43	Read Third Time in Full -- PASSED 67-0-3	Amending existing law to remove obsolete language relating to since passed dates and transfer of benefits to the new public defender system.	HUMAN RESOURCES -- Amending existing law to remove obsolete language relating to since passed dates and transfer of benefits to the new public defender system.	out-of-gate:not-divided	
S1274	2114317	senate	1651133	2026-03-03	35-0	1	0	4	43	Read third time in full -- PASSED 35-0-0	Amending existing law to remove obsolete language relating to since passed dates and transfer of benefits to the new public defender system.	HUMAN RESOURCES -- Amending existing law to remove obsolete language relating to since passed dates and transfer of benefits to the new public defender system.	out-of-gate:not-divided	
S1275	2114287	house	1662139	2026-03-12	68-0	1	0	4	36	Read Third Time in Full -- PASSED 68-0-2	Amends and repeals existing law to remove obsolete language.	PERSI -- Amends and repeals existing law to remove obsolete language.	out-of-gate:not-divided	
S1275	2114287	senate	1651127	2026-03-03	35-0	1	0	4	36	Read third time in full -- PASSED 35-0-0	Amends and repeals existing law to remove obsolete language.	PERSI -- Amends and repeals existing law to remove obsolete language.	out-of-gate:not-divided	
S1276	2114171	house	1662125	2026-03-12	68-0	1	0	4	33	Read Third Time in Full -- PASSED 68-0-2	Amends existing law to revise a date and to remove a sunset provision regarding the reemployment of certain retired members.	PERSI -- Amends existing law to revise a date and to remove a sunset provision regarding the reemployment of certain retired members.	out-of-gate:not-divided	
S1276	2114171	senate	1646510	2026-02-26	33-0	1	0	4	33	Read third time in full -- PASSED 33-0-2	Amends existing law to revise a date and to remove a sunset provision regarding the reemployment of certain retired members.	PERSI -- Amends existing law to revise a date and to remove a sunset provision regarding the reemployment of certain retired members.	out-of-gate:not-divided	
S1283	2116918	house	1663607	2026-03-16	56-12	1	0	4	91		Amends and adds to existing law to provide for the Idaho Direct to Consumer Commerce Act.	AGRICULTURAL PROJECTS -- Amends and adds to existing law to provide for the Idaho Direct to Consumer Commerce Act.	out-of-gate:not-divided	
S1283	2116918	senate	1651364	2026-03-03	32-3	1	0	4	91	Read third time in full -- PASSED 32-3-0	Amends and adds to existing law to provide for the Idaho Direct to Consumer Commerce Act.	AGRICULTURAL PROJECTS -- Amends and adds to existing law to provide for the Idaho Direct to Consumer Commerce Act.	out-of-gate:not-divided	
S1285	2116959	house	1668062	2026-03-23	67-2	1	1	4	135	Read Third Time in Full -- PASSED 67-2-1	Amends and adds to existing law to provide for equivalency between high school graduation and graduation from a nonpublic school for licensing requirements.	OCCUPATIONAL AND PROFESSIONAL LICENSING -- Amends and adds to existing law to provide for equivalency between high school graduation and graduation from a nonpublic school for licensing requirements.	out-of-gate:not-divided	
S1285	2116959	senate	1656637	2026-03-06	31-1	1	1	4	135	Read third time in full as amended -- PASSED 31-1-3	Amends and adds to existing law to provide for equivalency between high school graduation and graduation from a nonpublic school for licensing requirements.	OCCUPATIONAL AND PROFESSIONAL LICENSING -- Amends and adds to existing law to provide for equivalency between high school graduation and graduation from a nonpublic school for licensing requirements.	out-of-gate:not-divided	
S1286	2116936	house	1666714	2026-03-19	70-0	1	0	4	145	Read Third Time in Full -- PASSED 70-0-0	Adds to existing law to establish provisions regarding consumer protection of veterans benefits.	VETERANS -- Adds to existing law to establish provisions regarding consumer protection of veterans benefits.	out-of-gate:not-divided	
S1286	2116936	senate	1656468	2026-03-06	31-0	1	0	4	145	Read third time in full -- PASSED 31-0-4	Adds to existing law to establish provisions regarding consumer protection of veterans benefits.	VETERANS -- Adds to existing law to establish provisions regarding consumer protection of veterans benefits.	out-of-gate:not-divided	
S1288	2116953	house	1668904	2026-03-24	49-21	1	0	4	234	Read Third Time in Full -- PASSED 49-21-0	Adds to existing law to provide for the establishment of the Idaho High-Needs Student Fund.	EDUCATION -- Adds to existing law to provide for the establishment of the Idaho High-Needs Student Fund.	batched:batch-05	imported in batch-05
S1288	2116953	senate	1646485	2026-02-26	22-12	1	0	4	234	Read third time in full -- PASSED 22-12-1	Adds to existing law to provide for the establishment of the Idaho High-Needs Student Fund.	EDUCATION -- Adds to existing law to provide for the establishment of the Idaho High-Needs Student Fund.	batched:batch-05	imported in batch-05
S1291	2116879	house	1662169	2026-03-12	68-0	1	0	4	35	Read Third Time in Full -- PASSED 68-0-2	Amends and repeals existing law to remove obsolete provisions.	EDUCATION -- Amends and repeals existing law to remove obsolete provisions.	out-of-gate:not-divided	
S1291	2116879	senate	1647011	2026-02-26	34-0	1	0	4	35	Read third time in full -- PASSED 34-0-1	Amends and repeals existing law to remove obsolete provisions.	EDUCATION -- Amends and repeals existing law to remove obsolete provisions.	out-of-gate:not-divided	
S1292	2116862	house	1664784	2026-03-17	70-0	1	0	4	92	Read Third Time in Full -- PASSED 70-0-0	Amends existing law to provide for additional training requirements for foster parents.	LICENSING -- Amends existing law to provide for additional training requirements for foster parents.	out-of-gate:not-divided	
S1292	2116862	senate	1647058	2026-02-26	34-0	1	0	4	92	Read third time in full -- PASSED 34-0-1	Amends existing law to provide for additional training requirements for foster parents.	LICENSING -- Amends existing law to provide for additional training requirements for foster parents.	out-of-gate:not-divided	
S1293	2116890	house	1664927	2026-03-17	64-5	1	0	4	100		Amends existing law to provide that verification of lawful presence is not required to apply for or receive crime victims compensation.	PUBLIC BENEFITS -- Amends existing law to provide that verification of lawful presence is not required to apply for or receive crime victims compensation.	out-of-gate:not-divided	
S1293	2116890	senate	1646900	2026-02-26	34-0	1	0	4	100	Read third time in full -- PASSED 34-0-1	Amends existing law to provide that verification of lawful presence is not required to apply for or receive crime victims compensation.	PUBLIC BENEFITS -- Amends existing law to provide that verification of lawful presence is not required to apply for or receive crime victims compensation.	out-of-gate:not-divided	
S1294	2117002	house	1671296	2026-03-26	37-32	1	1	4	266		Adds to existing law to establish provisions regarding hearing loss screening.	INFANTS AND NEWBORNS -- Adds to existing law to establish provisions regarding hearing loss screening.	batched:batch-06	imported in batch-06
S1294	2117002	senate	1667232	2026-03-20	22-13	1	1	4	266	Read third time in full as amended -- PASSED 22-13-0	Adds to existing law to establish provisions regarding hearing loss screening.	INFANTS AND NEWBORNS -- Adds to existing law to establish provisions regarding hearing loss screening.	batched:batch-06	imported in batch-06
S1296	2116932	house	1664763	2026-03-17	70-0	1	0	4	78	Read Third Time in Full -- PASSED 70-0-0	Amends existing law to provide for criminal trespass of a church and to provide a penalty.	CRIMINAL TRESPASS -- Amends existing law to provide for criminal trespass of a church and to provide a penalty.	out-of-gate:not-divided	
S1296	2116932	senate	1652155	2026-03-03	33-0	1	0	4	78	Read third time in full -- PASSED 33-0-2	Amends existing law to provide for criminal trespass of a church and to provide a penalty.	CRIMINAL TRESPASS -- Amends existing law to provide for criminal trespass of a church and to provide a penalty.	out-of-gate:not-divided	
S1297	2116911	house	1671385	2026-03-26	54-12	1	1	4	249		Adds to existing law to establish the Conversational AI Safety Act.	ARTIFICIAL INTELLIGENCE -- Adds to existing law to establish the Conversational AI Safety Act.	out-of-gate:not-divided	
S1297	2116911	senate	1666665	2026-03-19	21-12	1	1	4	249	Read third time in full as amended -- PASSED 21-12-2	Adds to existing law to establish the Conversational AI Safety Act.	ARTIFICIAL INTELLIGENCE -- Adds to existing law to establish the Conversational AI Safety Act.	candidate:unbatched	
S1299	2117584	house	1671317	2026-03-26	70-0	1	1	4	250		Adds to existing law to establish provisions regarding limitations on digital identification.	DIGITAL IDENTIFICATION -- Adds to existing law to establish provisions regarding limitations on digital identification.	out-of-gate:not-divided	
S1299	2117584	senate	1666744	2026-03-19	35-0	1	1	4	250	Read third time in full as amended -- PASSED 35-0-0	Adds to existing law to establish provisions regarding limitations on digital identification.	DIGITAL IDENTIFICATION -- Adds to existing law to establish provisions regarding limitations on digital identification.	out-of-gate:not-divided	
S1300	2117421	house	1669006	2026-03-24	41-29	1	0	4	267		Amends current law to revise provisions regarding director appointments to certain executive agencies.	STATE GOVERNMENT -- Amends current law to revise provisions regarding director appointments to certain executive agencies.	batched:batch-06	imported in batch-06
S1300	2117421	senate	1649553	2026-03-02	21-14	1	0	4	267	Read third time in full -- PASSED 21-14-0	Amends current law to revise provisions regarding director appointments to certain executive agencies.	STATE GOVERNMENT -- Amends current law to revise provisions regarding director appointments to certain executive agencies.	batched:batch-06	imported in batch-06
S1301	2117443	house	1666700	2026-03-19	66-4	1	0	4	113	Read Third Time in Full -- PASSED 66-4-0	Amends existing law to revise provisions regarding sales by certain licensed brewers.	BEER -- Amends existing law to revise provisions regarding sales by certain licensed brewers.	out-of-gate:not-divided	
S1301	2117443	senate	1649768	2026-03-02	31-4	1	0	4	113	Read third time in full -- PASSED 31-4-0	Amends existing law to revise provisions regarding sales by certain licensed brewers.	BEER -- Amends existing law to revise provisions regarding sales by certain licensed brewers.	out-of-gate:not-divided	
S1303	2117695	house	1667839	2026-03-23	45-23	1	0	4	133	Read Third Time in Full -- PASSED 45-23-2	Amends existing law to revise the name of a fund and to revise a definition.	ENERGY RESOURCES FUND -- Amends existing law to revise the name of a fund and to revise a definition.	dropped:selection	renames a fund and revises a definition, not recognizable
S1303	2117695	senate	1661954	2026-03-12	27-8	1	0	4	133	Read third time in full -- PASSED 27-8-0	Amends existing law to revise the name of a fund and to revise a definition.	ENERGY RESOURCES FUND -- Amends existing law to revise the name of a fund and to revise a definition.	dropped:selection	renames a fund and revises a definition, not recognizable
S1304	2117629	house	1666642	2026-03-19	45-25	1	0	4	109	Read Third Time in Full -- PASSED 45-25-0	Amends existing law regarding irrigation conduits and rights-of-way.	IRRIGATION -- Amends existing law regarding irrigation conduits and rights-of-way.	candidate:unbatched	
S1304	2117629	senate	1652169	2026-03-03	29-5	1	0	4	109	Read third time in full -- PASSED 29-5-1	Amends existing law regarding irrigation conduits and rights-of-way.	IRRIGATION -- Amends existing law regarding irrigation conduits and rights-of-way.	out-of-gate:not-divided	
S1305	2117599	house	1666684	2026-03-19	59-11	1	0	4	110	Read Third Time in Full -- PASSED 59-11-0	Amends existing law to authorize water districts to charge certain fees.	WATER DISTRICTS -- Amends existing law to authorize water districts to charge certain fees.	out-of-gate:not-divided	
S1305	2117599	senate	1655316	2026-03-05	32-0	1	0	4	110	Read third time in full -- PASSED 32-0-3	Amends existing law to authorize water districts to charge certain fees.	WATER DISTRICTS -- Amends existing law to authorize water districts to charge certain fees.	out-of-gate:not-divided	
S1306	2117675	house	1666646	2026-03-19	59-11	1	0	4	111	Read Third Time in Full -- PASSED 59-11-0	Amends existing law to revise provisions regarding irrigation district hearings.	IRRIGATION DISTRICTS -- Amends existing law to revise provisions regarding irrigation district hearings.	out-of-gate:not-divided	
S1306	2117675	senate	1652099	2026-03-03	34-0	1	0	4	111	Read third time in full -- PASSED 34-0-1	Amends existing law to revise provisions regarding irrigation district hearings.	IRRIGATION DISTRICTS -- Amends existing law to revise provisions regarding irrigation district hearings.	out-of-gate:not-divided	
S1307	2117601	house	1666605	2026-03-19	60-10	1	0	4	112	Read Third Time in Full -- PASSED 60-10-0	Amends, repeals, and adds to existing law to provide for the delivery of water.	WATER -- Amends, repeals, and adds to existing law to provide for the delivery of water.	out-of-gate:not-divided	
S1307	2117601	senate	1651318	2026-03-03	34-0	1	0	4	112	Read third time in full -- PASSED 34-0-1	Amends, repeals, and adds to existing law to provide for the delivery of water.	WATER -- Amends, repeals, and adds to existing law to provide for the delivery of water.	out-of-gate:not-divided	
S1308	2117614	house	1664874	2026-03-17	68-0	1	0	4	103		Amends existing law to remove a provision regarding what a mediator may disclose.	UNIFORM MEDIATION ACT -- Amends existing law to remove a provision regarding what a mediator may disclose.	out-of-gate:not-divided	
S1308	2117614	senate	1650001	2026-03-02	35-0	1	0	4	103	Read third time in full -- PASSED 35-0-0	Amends existing law to remove a provision regarding what a mediator may disclose.	UNIFORM MEDIATION ACT -- Amends existing law to remove a provision regarding what a mediator may disclose.	out-of-gate:not-divided	
S1309	2117656	house	1664792	2026-03-17	69-0	1	0	4	93	Read Third Time in Full -- PASSED 69-0-1	Adds to existing law to establish provisions regarding the distribution of payments in cases under the Juvenile Corrections Act.	JUVENILE CORRECTIONS -- Adds to existing law to establish provisions regarding the distribution of payments in cases under the Juvenile Corrections Act.	out-of-gate:not-divided	
S1309	2117656	senate	1649948	2026-03-02	35-0	1	0	4	93	Read third time in full -- PASSED 35-0-0	Adds to existing law to establish provisions regarding the distribution of payments in cases under the Juvenile Corrections Act.	JUVENILE CORRECTIONS -- Adds to existing law to establish provisions regarding the distribution of payments in cases under the Juvenile Corrections Act.	out-of-gate:not-divided	
S1311	2117617	house	1667976	2026-03-23	40-28	1	0	4	134	Read Third Time in Full -- PASSED 40-28-2	Amends existing law to establish provisions regarding ignition interlock systems.	IGNITION INTERLOCK SYSTEMS -- Amends existing law to establish provisions regarding ignition interlock systems.	batched:batch-06	imported in batch-06
S1311	2117617	senate	1649959	2026-03-02	21-14	1	0	4	134	Read third time in full -- PASSED 21-14-0	Amends existing law to establish provisions regarding ignition interlock systems.	IGNITION INTERLOCK SYSTEMS -- Amends existing law to establish provisions regarding ignition interlock systems.	batched:batch-06	imported in batch-06
S1313	2117608	house	1676360	2026-04-02	46-10	1	0	4	314	Read Third Time in Full -- PASSED 46-10-14	Amends existing law to provide for the voluntary licensure of pharmacists as naturopathic doctors.	NATUROPATHIC DOCTOR LICENSING AND NATUROPATH REGISTRATION -- Amends existing law to provide for the voluntary licensure of pharmacists as naturopathic doctors.	out-of-gate:not-divided	
S1313	2117608	senate	1652088	2026-03-03	33-0	1	0	4	314	Read third time in full -- PASSED 33-0-2	Amends existing law to provide for the voluntary licensure of pharmacists as naturopathic doctors.	NATUROPATHIC DOCTOR LICENSING AND NATUROPATH REGISTRATION -- Amends existing law to provide for the voluntary licensure of pharmacists as naturopathic doctors.	out-of-gate:not-divided	
S1314	2117639	house	1658968	2026-03-10	61-9	1	0	4	25	Read Third Time in Full -- PASSED 61-9-0	Amends and repeals existing law to revise provisions regarding the Board of Health and Welfare, substate administrative regions, and regional behavioral health	DEPARTMENT OF HEALTH AND WELFARE -- Amends and repeals existing law to revise provisions regarding the Board of Health and Welfare, substate administrative regions, and regional behavioral health boards.	out-of-gate:not-divided	
S1314	2117639	senate	1649957	2026-03-02	28-7	1	0	4	25	Read third time in full -- PASSED 28-7-0	Amends and repeals existing law to revise provisions regarding the Board of Health and Welfare, substate administrative regions, and regional behavioral health	DEPARTMENT OF HEALTH AND WELFARE -- Amends and repeals existing law to revise provisions regarding the Board of Health and Welfare, substate administrative regions, and regional behavioral health boards.	candidate:unbatched	
S1316	2117687	house	1669062	2026-03-24	70-0	1	0	4	199	Read Third Time in Full -- PASSED 70-0-0	Amends existing law to revise provisions for exemptions for certain tests for infants and newborns.	HEALTH AND SAFETY -- Amends existing law to revise provisions for exemptions for certain tests for infants and newborns.	out-of-gate:not-divided	
S1316	2117687	senate	1649956	2026-03-02	35-0	1	0	4	199	Read third time in full -- PASSED 35-0-0	Amends existing law to revise provisions for exemptions for certain tests for infants and newborns.	HEALTH AND SAFETY -- Amends existing law to revise provisions for exemptions for certain tests for infants and newborns.	out-of-gate:not-divided	
S1317	2117697	senate	1649904	2026-03-02	16-19	1	0	1		Read third time in full -- FAILED 16-19-0	Adds to existing law to provide for regional service centers.	EDUCATION -- Adds to existing law to provide for regional service centers.	out-of-gate:not-enacted	
S1319	2118916	senate	1651298	2026-03-03	24-11	1	0	2		Read third time in full -- PASSED 24-11-0	Adds to existing law to establish the Emergency Care Affordability Act.	INSURANCE -- Adds to existing law to establish the Emergency Care Affordability Act.	out-of-gate:not-enacted	
S1320	2119011	house	1671541	2026-03-26	65-0	1	0	4	229		Amends existing law to remove obsolete provisions.	STATE CONTROLLER -- Amends existing law to remove obsolete provisions.	out-of-gate:not-divided	
S1320	2119011	senate	1652007	2026-03-03	33-0	1	0	4	229	Read third time in full -- PASSED 33-0-2	Amends existing law to remove obsolete provisions.	STATE CONTROLLER -- Amends existing law to remove obsolete provisions.	out-of-gate:not-divided	
S1321	2119060	house	1667225	2026-03-20	69-0	1	0	4	151	Read Third Time in Full -- PASSED 69-0-1	Amends existing law to revise provisions regarding reporting requirements and to establish provisions regarding noncompliance.	STATE CONTROLLER -- Amends existing law to revise provisions regarding reporting requirements and to establish provisions regarding noncompliance.	out-of-gate:not-divided	
S1321	2119060	senate	1652125	2026-03-03	33-0	1	0	4	151	Read third time in full -- PASSED 33-0-2	Amends existing law to revise provisions regarding reporting requirements and to establish provisions regarding noncompliance.	STATE CONTROLLER -- Amends existing law to revise provisions regarding reporting requirements and to establish provisions regarding noncompliance.	out-of-gate:not-divided	
S1322	2118932	house	1670012	2026-03-25	67-0	1	0	4	240		Amends existing law to add certain requirements for an affidavit in lieu of personal identification.	ELECTIONS -- Amends existing law to add certain requirements for an affidavit in lieu of personal identification.	out-of-gate:not-divided	
S1322	2118932	senate	1651398	2026-03-03	33-0	1	0	4	240	Read third time in full -- PASSED 33-0-2	Amends existing law to add certain requirements for an affidavit in lieu of personal identification.	ELECTIONS -- Amends existing law to add certain requirements for an affidavit in lieu of personal identification.	out-of-gate:not-divided	
S1323	2118897	senate	1656618	2026-03-06	31-1	1	0	2		Read third time in full -- PASSED 31-1-3	Amends existing law to provide for the specific performance of tendering the type or form of specie expressly designated in certain contracts.	IDAHO CONSTITUTIONAL MONEY ACT OF 2025 -- Amends existing law to provide for the specific performance of tendering the type or form of specie expressly designated in certain contracts.	out-of-gate:not-enacted	
S1325	2119169	house	1664745	2026-03-17	70-0	1	0	4	85	Read Third Time in Full -- PASSED 70-0-0	Amends and adds to existing law to establish a white and black license plate.	MOTOR VEHICLES -- Amends and adds to existing law to establish a white and black license plate.	out-of-gate:not-divided	
S1325	2119169	senate	1651070	2026-03-03	33-2	1	0	4	85	Read third time in full -- PASSED 33-2-0	Amends and adds to existing law to establish a white and black license plate.	MOTOR VEHICLES -- Amends and adds to existing law to establish a white and black license plate.	out-of-gate:not-divided	
S1326	2118903	house	1667745	2026-03-23	65-3	1	1	4	261	Read Third Time in Full -- PASSED 65-3-2	Adds to existing law to establish provisions regarding property rights protection.	PROPERTY RIGHTS -- Adds to existing law to establish provisions regarding property rights protection.	out-of-gate:not-divided	
S1326	2118903	senate	1657695	2026-03-09	30-5	1	1	4	261	Read third time in full as amended -- PASSED 30-5-0	Adds to existing law to establish provisions regarding property rights protection.	PROPERTY RIGHTS -- Adds to existing law to establish provisions regarding property rights protection.	out-of-gate:not-divided	
S1328	2118983	senate	1657539	2026-03-09	30-5	1	0	2		Read third time in full -- PASSED 30-5-0	Amends existing law regarding counsel for the Department of Lands.	DEPARTMENT OF LANDS -- Amends existing law regarding counsel for the Department of Lands.	out-of-gate:not-enacted	
S1330	2120215	house	1669975	2026-03-25	67-0	1	1	4	196	Read Third Time in Full -- PASSED 67-0-3	Amends existing law to revise provisions regarding the scope of a claim and attorney's fees.	SMALL CLAIMS DEPARTMENT OF THE MAGISTRATE DIVISION -- Amends existing law to revise provisions regarding the scope of a claim and attorney's fees.	out-of-gate:not-divided	
S1330	2120215	senate	1666722	2026-03-19	35-0	1	1	4	196	Read third time in full as amended -- PASSED 35-0-0	Amends existing law to revise provisions regarding the scope of a claim and attorney's fees.	SMALL CLAIMS DEPARTMENT OF THE MAGISTRATE DIVISION -- Amends existing law to revise provisions regarding the scope of a claim and attorney's fees.	out-of-gate:not-divided	
S1331	2121128	house	1656442	2026-03-06	48-22	1	0	4	45	Read Third Time in Full -- PASSED 48-22-0	Relates to reducing the appropriation for fiscal year 2026.	APPROPRIATIONS -- Rescissions -- Relates to reducing the appropriation for fiscal year 2026.	excluded:appropriations	agency budget bill; appropriations are excluded by standing campaign rule
S1331	2121128	senate	1649379	2026-03-02	18-17	1	0	4	45	Read third time in full -- PASSED 18-17-0	Relates to reducing the appropriation for fiscal year 2026.	APPROPRIATIONS -- Rescissions -- Relates to reducing the appropriation for fiscal year 2026.	excluded:appropriations	agency budget bill; appropriations are excluded by standing campaign rule
S1332	2121111	house	1657637	2026-03-09	59-9	1	0	4	42	Read Third Time in Full -- PASSED 59-9-2	Relates to the appropriation and transfer of moneys in the state treasury for fiscal years 2026 and 2027.	APPROPRIATIONS -- Relates to the appropriation and transfer of moneys in the state treasury for fiscal years 2026 and 2027.	out-of-gate:not-divided	
S1332	2121111	senate	1649976	2026-03-02	26-9	1	0	4	42	Read third time in full -- PASSED 26-9-0	Relates to the appropriation and transfer of moneys in the state treasury for fiscal years 2026 and 2027.	APPROPRIATIONS -- Relates to the appropriation and transfer of moneys in the state treasury for fiscal years 2026 and 2027.	excluded:appropriations	agency budget bill; appropriations are excluded by standing campaign rule
S1335	2121135	house	1671419	2026-03-26	54-16	1	1	4	246		Amends existing law to revise provisions regarding contract requirements for state-supported medical and veterinary students.	EDUCATION -- Amends existing law to revise provisions regarding contract requirements for state-supported medical and veterinary students.	candidate:unbatched	
S1335	2121135	senate	1666705	2026-03-19	33-2	1	1	4	246	Read third time in full as amended -- PASSED 33-2-0	Amends existing law to revise provisions regarding contract requirements for state-supported medical and veterinary students.	EDUCATION -- Amends existing law to revise provisions regarding contract requirements for state-supported medical and veterinary students.	out-of-gate:not-divided	
S1336	2122960	house	1676318	2026-04-02	54-12	1	1	4	317		Amends and adds to existing law to revise and establish provisions regarding civics education.	EDUCATION -- Amends and adds to existing law to revise and establish provisions regarding civics education.	out-of-gate:not-divided	
S1336	2122960	senate	1675359	2026-04-01	28-6	1	1	4	317	Read third time in full as amended -- PASSED 28-6-1	Amends and adds to existing law to revise and establish provisions regarding civics education.	EDUCATION -- Amends and adds to existing law to revise and establish provisions regarding civics education.	out-of-gate:not-divided	
S1337	2122990	house	1666707	2026-03-19	70-0	1	0	4	114	Read Third Time in Full -- PASSED 70-0-0	Amends existing law to revise provisions regarding irrigation district directors.	IRRIGATION DISTRICTS -- Amends existing law to revise provisions regarding irrigation district directors.	out-of-gate:not-divided	
S1337	2122990	senate	1661927	2026-03-12	34-0	1	0	4	114	Read third time in full -- PASSED 34-0-1	Amends existing law to revise provisions regarding irrigation district directors.	IRRIGATION DISTRICTS -- Amends existing law to revise provisions regarding irrigation district directors.	out-of-gate:not-divided	
S1338	2124094	senate	1656603	2026-03-06	24-8	1	0	2		Read third time in full -- PASSED 24-8-3	Amends existing law to provide that idle moneys may be invested in physical gold and silver in certain instances, to provide for storage of physical gold and si	STATE TREASURER -- Amends existing law to provide that idle moneys may be invested in physical gold and silver in certain instances, to provide for storage of physical gold and silver, and to provide for a maximum allowe	out-of-gate:not-enacted	
S1339	2123936	house	1668948	2026-03-24	52-17	1	0	4	177	Read Third Time in Full -- PASSED 52-17-1	Repeals and adds to existing law to provide for strategic performance plans and training.	EDUCATION -- Repeals and adds to existing law to provide for strategic performance plans and training.	candidate:unbatched	
S1339	2123936	senate	1661993	2026-03-12	34-0	1	0	4	177	Read third time in full -- PASSED 34-0-1	Repeals and adds to existing law to provide for strategic performance plans and training.	EDUCATION -- Repeals and adds to existing law to provide for strategic performance plans and training.	out-of-gate:not-divided	
S1340	2123837	house	1664834	2026-03-17	28-42	1	1	2		Read Third Time in Full -- FAILED 28-42-0	Amends existing law to require drivers to drive in the right-hand lane on multilane highways unless passing and to provide penalties for driving in the left-han	RULES OF THE ROAD -- Amends existing law to require drivers to drive in the right-hand lane on multilane highways unless passing and to provide penalties for driving in the left-hand lane of a controlled access highway a	out-of-gate:not-enacted	
S1340	2123837	senate	1657632	2026-03-09	21-14	1	1	2		Read third time in full as amended -- PASSED 21-14-0	Amends existing law to require drivers to drive in the right-hand lane on multilane highways unless passing and to provide penalties for driving in the left-han	RULES OF THE ROAD -- Amends existing law to require drivers to drive in the right-hand lane on multilane highways unless passing and to provide penalties for driving in the left-hand lane of a controlled access highway a	out-of-gate:not-enacted	
S1342	2125227	senate	1656437	2026-03-06	30-1	1	0	2		Read third time in full -- PASSED 30-1-4	Amends and adds to existing law to provide for household egg production.	EGGS -- Amends and adds to existing law to provide for household egg production.	out-of-gate:not-enacted	
S1345	2125681	house	1666644	2026-03-19	69-0	1	0	4	153	Read Third Time in Full -- PASSED 69-0-1	Amends existing law to provide for the transmission of certain tax-related documents through secure electronic communication.	TAXATION -- Amends existing law to provide for the transmission of certain tax-related documents through secure electronic communication.	out-of-gate:not-divided	
S1345	2125681	senate	1657550	2026-03-09	35-0	1	0	4	153	Read third time in full -- PASSED 35-0-0	Amends existing law to provide for the transmission of certain tax-related documents through secure electronic communication.	TAXATION -- Amends existing law to provide for the transmission of certain tax-related documents through secure electronic communication.	out-of-gate:not-divided	
S1347	2127527	house	1667230	2026-03-20	61-9	1	0	4	149	Read Third Time in Full -- PASSED 61-9-0	Amends existing law to revise provisions regarding reporting requirements for the Idaho Housing and Finance Association.	IDAHO HOUSING AND FINANCE ASSOCIATION -- Amends existing law to revise provisions regarding reporting requirements for the Idaho Housing and Finance Association.	out-of-gate:not-divided	
S1347	2127527	senate	1663930	2026-03-16	29-6	1	0	4	149	Read third time in full -- PASSED 29-6-0	Amends existing law to revise provisions regarding reporting requirements for the Idaho Housing and Finance Association.	IDAHO HOUSING AND FINANCE ASSOCIATION -- Amends existing law to revise provisions regarding reporting requirements for the Idaho Housing and Finance Association.	out-of-gate:not-divided	
S1348	2127548	house	1670486	2026-03-25	66-0	1	1	4	239	Read Third Time in Full -- PASSED 66-0-4	Amends and adds to existing law to establish provisions for the opening of the shotgun sporting complex adjacent to Farragut State Park.	PUBLIC OUTDOOR TARGET RANGES -- Amends and adds to existing law to establish provisions for the opening of the shotgun sporting complex adjacent to Farragut State Park.	out-of-gate:not-divided	
S1348	2127548	senate	1666698	2026-03-19	35-0	1	1	4	239	Read third time in full as amended -- PASSED 35-0-0	Amends and adds to existing law to establish provisions for the opening of the shotgun sporting complex adjacent to Farragut State Park.	PUBLIC OUTDOOR TARGET RANGES -- Amends and adds to existing law to establish provisions for the opening of the shotgun sporting complex adjacent to Farragut State Park.	out-of-gate:not-divided	
S1350	2127486	house	1669978	2026-03-25	44-23	1	0	4	241		Amends and adds to existing law to provide certain provisions regarding cash rounding.	CASH ROUNDING -- Amends and adds to existing law to provide certain provisions regarding cash rounding.	dropped:selection	cash rounding when a seller cannot settle to the cent; a shopper may gain or lose a cent, so no direction is defensible
S1350	2127486	senate	1660213	2026-03-11	24-9	1	0	4	241	Read third time in full -- PASSED 24-9-2	Amends and adds to existing law to provide certain provisions regarding cash rounding.	CASH ROUNDING -- Amends and adds to existing law to provide certain provisions regarding cash rounding.	dropped:selection	cash rounding when a seller cannot settle to the cent; a shopper may gain or lose a cent, so no direction is defensible
S1351	2127637	senate	1661852	2026-03-12	34-0	1	0	2		Read third time in full -- PASSED 34-0-1	Amends existing law to provide for certain ineligibility for reappointment to the same position following express Senate rejection.	STATE OFFICE VACANCIES AND DUTIES OF THE GOVERNOR -- Amends existing law to provide for certain ineligibility for reappointment to the same position following express Senate rejection.	out-of-gate:not-enacted	
S1352	2127594	house	1671400	2026-03-26	36-34	1	1	4	264		Adds to existing law to establish provisions regarding starter home subdivisions.	HOUSING -- Adds to existing law to establish provisions regarding starter home subdivisions.	batched:batch-05	imported in batch-05
S1352	2127594	senate	1666704	2026-03-19	25-10	1	1	4	264	Read third time in full as amended -- PASSED 25-10-0	Adds to existing law to establish provisions regarding starter home subdivisions.	HOUSING -- Adds to existing law to establish provisions regarding starter home subdivisions.	batched:batch-05	imported in batch-05
S1353	2127615	senate	1667136	2026-03-20	23-12	1	1	2		Read third time in full as amended -- PASSED 23-12-0	Adds to existing law to establish provisions regarding regulation of twin homes and duplexes.	HOUSING -- Adds to existing law to establish provisions regarding regulation of twin homes and duplexes.	out-of-gate:not-enacted	
S1354	2127723	house	1671344	2026-03-26	47-23	1	1	4	265		Amends and adds to existing law to revise provisions regarding prohibitions against restrictive covenants banning accessory dwelling units and to establish prov	ACCESSORY DWELLING UNITS -- Amends and adds to existing law to revise provisions regarding prohibitions against restrictive covenants banning accessory dwelling units and to establish provisions regarding accessory dwell	batched:batch-05	imported in batch-05
S1354	2127723	senate	1667128	2026-03-20	25-10	1	1	4	265	Read third time in full as amended -- PASSED 25-10-0	Amends and adds to existing law to revise provisions regarding prohibitions against restrictive covenants banning accessory dwelling units and to establish prov	ACCESSORY DWELLING UNITS -- Amends and adds to existing law to revise provisions regarding prohibitions against restrictive covenants banning accessory dwelling units and to establish provisions regarding accessory dwell	batched:batch-05	imported in batch-05
S1356	2127659	house	1675490	2026-04-01	47-20	1	0	4	333		Amends existing law to revise provisions regarding the election of commissioners in certain single countywide highway districts.	SINGLE COUNTYWIDE HIGHWAY DISTRICTS -- Amends existing law to revise provisions regarding the election of commissioners in certain single countywide highway districts.	dropped:selection	election of commissioners in single countywide highway districts, not recognizable
S1356	2127659	senate	1675489	2026-04-01	19-16	1	0	4	333	Read third time in full -- PASSED 19-16-0	Amends existing law to revise provisions regarding the election of commissioners in certain single countywide highway districts.	SINGLE COUNTYWIDE HIGHWAY DISTRICTS -- Amends existing law to revise provisions regarding the election of commissioners in certain single countywide highway districts.	dropped:selection	election of commissioners in single countywide highway districts, not recognizable
S1358	2127507	senate	1663772	2026-03-16	35-0	1	0	2		Read third time in full -- PASSED 35-0-0	Amends existing law to revise provisions regarding the career ladder for superintendents and building-level administrators.	EDUCATION -- Amends existing law to revise provisions regarding the career ladder for superintendents and building-level administrators.	out-of-gate:not-enacted	
S1359	2127573	house	1675325	2026-04-01	39-30	1	1	3			Adds to existing law to establish the Virtual Currency Kiosk Fraud Prevention Act.	VIRTUAL CURRENCY KIOSK FRAUD PREVENTION ACT -- Adds to existing law to establish the Virtual Currency Kiosk Fraud Prevention Act.	out-of-gate:not-enacted	
S1359	2127573	senate	1666529	2026-03-19	19-16	1	1	3		Read third time in full as amended -- PASSED 19-16-0	Adds to existing law to establish the Virtual Currency Kiosk Fraud Prevention Act.	VIRTUAL CURRENCY KIOSK FRAUD PREVENTION ACT -- Adds to existing law to establish the Virtual Currency Kiosk Fraud Prevention Act.	out-of-gate:not-enacted	
S1361	2127831	house	1662164	2026-03-12	56-10	1	0	4	99		Relates to the maintenance appropriation to Public Safety for fiscal year 2027.	APPROPRIATIONS -- PUBLIC SAFETY -- Relates to the maintenance appropriation to Public Safety for fiscal year 2027.	out-of-gate:not-divided	
S1361	2127831	senate	1659146	2026-03-10	24-11	1	0	4	99	Read third time in full -- PASSED 24-11-0	Relates to the maintenance appropriation to Public Safety for fiscal year 2027.	APPROPRIATIONS -- PUBLIC SAFETY -- Relates to the maintenance appropriation to Public Safety for fiscal year 2027.	excluded:appropriations	agency budget bill; appropriations are excluded by standing campaign rule
S1362	2128315	house	1675492	2026-04-01	53-14	1	0	4	330		Relates to the appropriation to the Public Schools Educational Support Program for fiscal year 2027.	APPROPRIATIONS -- PUBLIC SCHOOLS -- Relates to the appropriation to the Public Schools Educational Support Program for fiscal year 2027.	excluded:appropriations	agency budget bill; appropriations are excluded by standing campaign rule
S1362	2128315	senate	1675491	2026-04-01	21-13	1	0	4	330	Read third time in full -- PASSED 21-13-1	Relates to the appropriation to the Public Schools Educational Support Program for fiscal year 2027.	APPROPRIATIONS -- PUBLIC SCHOOLS -- Relates to the appropriation to the Public Schools Educational Support Program for fiscal year 2027.	excluded:appropriations	agency budget bill; appropriations are excluded by standing campaign rule
S1363	2128888	house	1662033	2026-03-12	62-6	1	0	4	34	Read Third Time in Full -- PASSED 62-6-2	Relates to the maintenance appropriation to Natural Resources for fiscal year 2027.	APPROPRIATIONS -- NATURAL RESOURCES -- Relates to the maintenance appropriation to Natural Resources for fiscal year 2027.	out-of-gate:not-divided	
S1363	2128888	senate	1659038	2026-03-10	28-7	1	0	4	34	Read third time in full -- PASSED 28-7-0	Relates to the maintenance appropriation to Natural Resources for fiscal year 2027.	APPROPRIATIONS -- NATURAL RESOURCES -- Relates to the maintenance appropriation to Natural Resources for fiscal year 2027.	excluded:appropriations	agency budget bill; appropriations are excluded by standing campaign rule
S1364	2129073	senate	1661917	2026-03-12	35-0	1	0	2		Read third time in full -- PASSED 35-0-0	Amends existing law to provide for the expiration of temporary rules.	RULES -- Amends existing law to provide for the expiration of temporary rules.	out-of-gate:not-enacted	
S1369	2129275	house	1667811	2026-03-23	68-0	1	0	4	163	Read Third Time in Full -- PASSED 68-0-2	Adds to and repeals existing law to establish provisions regarding place of trial for certain civil actions.	PLACE OF TRIAL OF CIVIL ACTIONS -- Adds to and repeals existing law to establish provisions regarding place of trial for certain civil actions.	out-of-gate:not-divided	
S1369	2129275	senate	1663910	2026-03-16	35-0	1	0	4	163	Read third time in full -- PASSED 35-0-0	Adds to and repeals existing law to establish provisions regarding place of trial for certain civil actions.	PLACE OF TRIAL OF CIVIL ACTIONS -- Adds to and repeals existing law to establish provisions regarding place of trial for certain civil actions.	out-of-gate:not-divided	
S1370	2129300	senate	1661871	2026-03-12	28-6	1	0	2		Read third time in full -- PASSED 28-6-1	Amends existing law to revise a provision regarding abortion trafficking.	ABORTION TRAFFICKING -- Amends existing law to revise a provision regarding abortion trafficking.	out-of-gate:not-enacted	
S1373	2129994	house	1663649	2026-03-16	54-15	1	0	4	70	Read Third Time in Full -- PASSED 54-15-1	Relates to the maintenance appropriation to Economic Development for fiscal year 2027.	APPROPRIATIONS -- ECONOMIC DEVELOPMENT -- Relates to the maintenance appropriation to Economic Development for fiscal year 2027.	excluded:appropriations	agency budget bill; appropriations are excluded by standing campaign rule
S1373	2129994	senate	1660499	2026-03-11	26-7	1	0	4	70	Read third time in full -- PASSED 26-7-2	Relates to the maintenance appropriation to Economic Development for fiscal year 2027.	APPROPRIATIONS -- ECONOMIC DEVELOPMENT -- Relates to the maintenance appropriation to Economic Development for fiscal year 2027.	excluded:appropriations	agency budget bill; appropriations are excluded by standing campaign rule
S1375	2130514	senate	1661774	2026-03-12	10-25	1	0	1		Read third time in full -- FAILED 10-25-0	Relates to the maintenance appropriations to the Department of Health and Welfare and the State Independent Living Council for fiscal year 2027.	APPROPRIATIONS -- HEALTH AND HUMAN SERVICES -- Relates to the maintenance appropriations to the Department of Health and Welfare and the State Independent Living Council for fiscal year 2027.	out-of-gate:not-enacted	
S1376	2131189	house	1671422	2026-03-26	64-6	1	0	4	235		Amends existing law to revise provisions regarding the filing of declarations of candidacy.	ELECTIONS -- Amends existing law to revise provisions regarding the filing of declarations of candidacy.	out-of-gate:not-divided	
S1376	2131189	senate	1666655	2026-03-19	35-0	1	0	4	235	Read third time in full -- PASSED 35-0-0	Amends existing law to revise provisions regarding the filing of declarations of candidacy.	ELECTIONS -- Amends existing law to revise provisions regarding the filing of declarations of candidacy.	out-of-gate:not-divided	
S1378	2131287	senate	1666657	2026-03-19	20-15	1	0	2		Read third time in full -- PASSED 20-15-0	Amends existing law regarding snowmobiles and off-highway vehicles.	RECREATION VEHICLES -- Amends existing law regarding snowmobiles and off-highway vehicles.	out-of-gate:not-enacted	
S1379	2131936	senate	1663725	2026-03-16	28-7	1	0	2		Read third time in full -- PASSED 28-7-0	Amends existing law to revise a provision regarding the Project Choice program fee.	PROJECT CHOICE PROGRAM FEE -- Amends existing law to revise a provision regarding the Project Choice program fee.	out-of-gate:not-enacted	
S1380	2131976	house	1667237	2026-03-20	60-10	1	0	4	128	Read Third Time in Full -- PASSED 60-10-0	Relates to the appropriation to the Endowment Fund Investment Board for fiscal year 2027.	APPROPRIATIONS -- ENDOWMENT FUND INVESTMENT BOARD -- Relates to the appropriation to the Endowment Fund Investment Board for fiscal year 2027.	out-of-gate:not-divided	
S1380	2131976	senate	1665646	2026-03-18	30-5	1	0	4	128	Read third time in full -- PASSED 30-5-0	Relates to the appropriation to the Endowment Fund Investment Board for fiscal year 2027.	APPROPRIATIONS -- ENDOWMENT FUND INVESTMENT BOARD -- Relates to the appropriation to the Endowment Fund Investment Board for fiscal year 2027.	out-of-gate:not-divided	
S1381	2131896	house	1667233	2026-03-20	36-34	1	0	4	152	Read Third Time in Full -- PASSED 36-34-0	Relates to the appropriation to the Idaho State Lottery for fiscal year 2027.	APPROPRIATIONS -- IDAHO STATE LOTTERY -- Relates to the appropriation to the Idaho State Lottery for fiscal year 2027.	excluded:appropriations	agency budget bill; appropriations are excluded by standing campaign rule
S1381	2131896	senate	1665635	2026-03-18	22-13	1	0	4	152	Read third time in full -- PASSED 22-13-0	Relates to the appropriation to the Idaho State Lottery for fiscal year 2027.	APPROPRIATIONS -- IDAHO STATE LOTTERY -- Relates to the appropriation to the Idaho State Lottery for fiscal year 2027.	excluded:appropriations	agency budget bill; appropriations are excluded by standing campaign rule
S1382	2132016	house	1668156	2026-03-23	32-36	1	0	2		Read Third Time in Full -- FAILED 32-36-2	Relates to the appropriation to the Department of Fish and Game for fiscal year 2027.	APPROPRIATIONS -- DEPARTMENT OF FISH AND GAME -- Relates to the appropriation to the Department of Fish and Game for fiscal year 2027.	out-of-gate:not-enacted	
S1382	2132016	senate	1665849	2026-03-18	23-12	1	0	2		Read third time in full -- PASSED 23-12-0	Relates to the appropriation to the Department of Fish and Game for fiscal year 2027.	APPROPRIATIONS -- DEPARTMENT OF FISH AND GAME -- Relates to the appropriation to the Department of Fish and Game for fiscal year 2027.	out-of-gate:not-enacted	
S1383	2132058	house	1667229	2026-03-20	65-5	1	0	4	155	Read Third Time in Full -- PASSED 65-5-0	Relates to the appropriation to the Division of Veterans Services for fiscal year 2027.	APPROPRIATIONS -- DIVISION OF VETERANS SERVICES -- Relates to the appropriation to the Division of Veterans Services for fiscal year 2027.	out-of-gate:not-divided	
S1383	2132058	senate	1665650	2026-03-18	32-3	1	0	4	155	Read third time in full -- PASSED 32-3-0	Relates to the appropriation to the Division of Veterans Services for fiscal year 2027.	APPROPRIATIONS -- DIVISION OF VETERANS SERVICES -- Relates to the appropriation to the Division of Veterans Services for fiscal year 2027.	out-of-gate:not-divided	
S1384	2132097	house	1667231	2026-03-20	39-30	1	0	4	129	Read Third Time in Full -- PASSED 39-30-1	Relates to the appropriation to the Public Utilities Commission for fiscal year 2027.	APPROPRIATIONS -- PUBLIC UTILITIES COMMISSION -- Relates to the appropriation to the Public Utilities Commission for fiscal year 2027.	excluded:appropriations	agency budget bill; appropriations are excluded by standing campaign rule
S1384	2132097	senate	1665633	2026-03-18	31-4	1	0	4	129	Read third time in full -- PASSED 31-4-0	Relates to the appropriation to the Public Utilities Commission for fiscal year 2027.	APPROPRIATIONS -- PUBLIC UTILITIES COMMISSION -- Relates to the appropriation to the Public Utilities Commission for fiscal year 2027.	out-of-gate:not-divided	
S1385	2131861	house	1667223	2026-03-20	36-34	1	0	4	144	Read Third Time in Full -- PASSED 36-34-0	Relates to the appropriation to the Industrial Commission for fiscal year 2027.	APPROPRIATIONS -- INDUSTRIAL COMMISSION -- Relates to the appropriation to the Industrial Commission for fiscal year 2027.	excluded:appropriations	agency budget bill; appropriations are excluded by standing campaign rule
S1385	2131861	senate	1665691	2026-03-18	23-12	1	0	4	144	Read third time in full -- PASSED 23-12-0	Relates to the appropriation to the Industrial Commission for fiscal year 2027.	APPROPRIATIONS -- INDUSTRIAL COMMISSION -- Relates to the appropriation to the Industrial Commission for fiscal year 2027.	excluded:appropriations	agency budget bill; appropriations are excluded by standing campaign rule
S1386	2132349	house	1667227	2026-03-20	49-21	1	0	4	130	Read Third Time in Full -- PASSED 49-21-0	Relates to the appropriation to the Commission of Pardons and Parole for fiscal years 2026 and 2027.	APPROPRIATIONS -- COMMISSION OF PARDONS AND PAROLE -- Relates to the appropriation to the Commission of Pardons and Parole for fiscal years 2026 and 2027.	excluded:appropriations	agency budget bill; appropriations are excluded by standing campaign rule
S1386	2132349	senate	1665634	2026-03-18	29-6	1	0	4	130	Read third time in full -- PASSED 29-6-0	Relates to the appropriation to the Commission of Pardons and Parole for fiscal years 2026 and 2027.	APPROPRIATIONS -- COMMISSION OF PARDONS AND PAROLE -- Relates to the appropriation to the Commission of Pardons and Parole for fiscal years 2026 and 2027.	out-of-gate:not-divided	
S1387	2134319	house	1667707	2026-03-23	62-6	1	0	4	136	Read Third Time in Full -- PASSED 62-6-2	Relates to the appropriation to the Idaho State Historical Society for fiscal year 2027.	APPROPRIATIONS -- IDAHO STATE HISTORICAL SOCIETY -- Relates to the appropriation to the Idaho State Historical Society for fiscal year 2027.	out-of-gate:not-divided	
S1387	2134319	senate	1665911	2026-03-18	31-3	1	0	4	136	Read third time in full -- PASSED 31-3-1	Relates to the appropriation to the Idaho State Historical Society for fiscal year 2027.	APPROPRIATIONS -- IDAHO STATE HISTORICAL SOCIETY -- Relates to the appropriation to the Idaho State Historical Society for fiscal year 2027.	out-of-gate:not-divided	
S1388	2134275	house	1668091	2026-03-23	46-21	1	0	4	156	Read Third Time in Full -- PASSED 46-21-3	Relates to the appropriation to the Department of Correction for fiscal years 2026 and 2027.	APPROPRIATIONS -- DEPARTMENT OF CORRECTION -- Relates to the appropriation to the Department of Correction for fiscal years 2026 and 2027.	excluded:appropriations	agency budget bill; appropriations are excluded by standing campaign rule
S1388	2134275	senate	1665862	2026-03-18	26-9	1	0	4	156	Read third time in full -- PASSED 26-9-0	Relates to the appropriation to the Department of Correction for fiscal years 2026 and 2027.	APPROPRIATIONS -- DEPARTMENT OF CORRECTION -- Relates to the appropriation to the Department of Correction for fiscal years 2026 and 2027.	excluded:appropriations	agency budget bill; appropriations are excluded by standing campaign rule
S1389	2134149	house	1673024	2026-03-30	66-0	1	0	4	288		Amends existing law to limit liability for owners of property used as a polling place.	POLLING PLACES -- Amends existing law to limit liability for owners of property used as a polling place.	out-of-gate:not-divided	
S1389	2134149	senate	1667226	2026-03-20	35-0	1	0	4	288	Read third time in full -- PASSED 35-0-0	Amends existing law to limit liability for owners of property used as a polling place.	POLLING PLACES -- Amends existing law to limit liability for owners of property used as a polling place.	out-of-gate:not-divided	
S1391	2134246	house	1673401	2026-03-30	66-0	1	0	4	278		Amends Senate Bill No. 1326 to provide for scope and applicability.	PROPERTY -- Amends Senate Bill No. 1326 to provide for scope and applicability.	out-of-gate:not-divided	
S1391	2134246	senate	1667236	2026-03-20	34-1	1	0	4	278	Read third time in full -- PASSED 34-1-0	Amends Senate Bill No. 1326 to provide for scope and applicability.	PROPERTY -- Amends Senate Bill No. 1326 to provide for scope and applicability.	out-of-gate:not-divided	
S1396	2134263	house	1673414	2026-03-30	67-0	1	0	4	280		Repeals existing law to remove obsolete provisions relating to membership on the Pacific Fisheries Legislative Task Force.	PACIFIC FISHERIES LEGISLATIVE TASK FORCE -- Repeals existing law to remove obsolete provisions relating to membership on the Pacific Fisheries Legislative Task Force.	out-of-gate:not-divided	
S1396	2134263	senate	1669805	2026-03-25	34-0	1	0	4	280	Read third time in full -- PASSED 34-0-1	Repeals existing law to remove obsolete provisions relating to membership on the Pacific Fisheries Legislative Task Force.	PACIFIC FISHERIES LEGISLATIVE TASK FORCE -- Repeals existing law to remove obsolete provisions relating to membership on the Pacific Fisheries Legislative Task Force.	out-of-gate:not-divided	
S1397	2134371	house	1671796	2026-03-27	18-51	1	0	2			Amends and adds to existing law to provide when wastewater corporations may be a public utility.	WASTEWATER CORPORATIONS -- Amends and adds to existing law to provide when wastewater corporations may be a public utility.	out-of-gate:not-enacted	
S1397	2134371	senate	1669822	2026-03-25	21-14	1	0	2		Read third time in full -- PASSED 21-14-0	Amends and adds to existing law to provide when wastewater corporations may be a public utility.	WASTEWATER CORPORATIONS -- Amends and adds to existing law to provide when wastewater corporations may be a public utility.	out-of-gate:not-enacted	
S1398	2134431	senate	1670397	2026-03-25	23-10	1	0	2		Read third time in full -- PASSED 23-10-2	Amends and adds to existing law to include the office of the president of the United States into the state primary election and to move the primary election dat	ELECTIONS -- Amends and adds to existing law to include the office of the president of the United States into the state primary election and to move the primary election date to the Tuesday following the first Monday in	out-of-gate:not-enacted	
S1401	2135635	house	1673000	2026-03-30	30-36	1	0	2			Relates to the appropriation to the Department of Health and Welfare for fiscal year 2027.	APPROPRIATIONS -- HEALTH AND WELFARE -- PUBLIC HEALTH SERVICES -- Relates to the appropriation to the Department of Health and Welfare for fiscal year 2027.	out-of-gate:not-enacted	
S1401	2135635	senate	1671704	2026-03-27	21-14	1	0	2		Read third time in full -- PASSED 21-14-0	Relates to the appropriation to the Department of Health and Welfare for fiscal year 2027.	APPROPRIATIONS -- HEALTH AND WELFARE -- PUBLIC HEALTH SERVICES -- Relates to the appropriation to the Department of Health and Welfare for fiscal year 2027.	out-of-gate:not-enacted	
S1402	2135678	house	1669102	2026-03-24	49-21	1	0	4	209		Relates to the appropriation to the Department of Juvenile Corrections for fiscal year 2027.	APPROPRIATIONS -- DEPARTMENT OF JUVENILE CORRECTIONS -- Relates to the appropriation to the Department of Juvenile Corrections for fiscal year 2027.	excluded:appropriations	agency budget bill; appropriations are excluded by standing campaign rule
S1402	2135678	senate	1667963	2026-03-23	25-9	1	0	4	209	Read third time in full -- PASSED 25-9-1	Relates to the appropriation to the Department of Juvenile Corrections for fiscal year 2027.	APPROPRIATIONS -- DEPARTMENT OF JUVENILE CORRECTIONS -- Relates to the appropriation to the Department of Juvenile Corrections for fiscal year 2027.	excluded:appropriations	agency budget bill; appropriations are excluded by standing campaign rule
S1403	2135630	house	1669086	2026-03-24	41-29	1	0	4	214		Relates to the appropriation to the Department of Environmental Quality for fiscal year 2027.	APPROPRIATIONS -- DEPARTMENT OF ENVIRONMENTAL QUALITY -- Relates to the appropriation to the Department of Environmental Quality for fiscal year 2027.	excluded:appropriations	agency budget bill; appropriations are excluded by standing campaign rule
S1403	2135630	senate	1667746	2026-03-23	24-9	1	0	4	214	Read third time in full -- PASSED 24-9-2	Relates to the appropriation to the Department of Environmental Quality for fiscal year 2027.	APPROPRIATIONS -- DEPARTMENT OF ENVIRONMENTAL QUALITY -- Relates to the appropriation to the Department of Environmental Quality for fiscal year 2027.	excluded:appropriations	agency budget bill; appropriations are excluded by standing campaign rule
S1404	2135668	house	1669039	2026-03-24	47-23	1	0	4	215		Relates to the appropriation to the Department of Agriculture for fiscal years 2026 and 2027.	APPROPRIATIONS -- DEPARTMENT OF AGRICULTURE -- Relates to the appropriation to the Department of Agriculture for fiscal years 2026 and 2027.	excluded:appropriations	agency budget bill; appropriations are excluded by standing campaign rule
S1404	2135668	senate	1667895	2026-03-23	26-8	1	0	4	215	Read third time in full -- PASSED 26-8-1	Relates to the appropriation to the Department of Agriculture for fiscal years 2026 and 2027.	APPROPRIATIONS -- DEPARTMENT OF AGRICULTURE -- Relates to the appropriation to the Department of Agriculture for fiscal years 2026 and 2027.	excluded:appropriations	agency budget bill; appropriations are excluded by standing campaign rule
S1405	2135582	house	1669075	2026-03-24	64-6	1	0	4	213		Relates to the appropriation to the Soil and Water Conservation Commission for fiscal years 2026 and 2027.	APPROPRIATIONS -- SOIL AND WATER CONSERVATION COMMISSION -- Relates to the appropriation to the Soil and Water Conservation Commission for fiscal years 2026 and 2027.	out-of-gate:not-divided	
S1405	2135582	senate	1667861	2026-03-23	30-4	1	0	4	213	Read third time in full -- PASSED 30-4-1	Relates to the appropriation to the Soil and Water Conservation Commission for fiscal years 2026 and 2027.	APPROPRIATIONS -- SOIL AND WATER CONSERVATION COMMISSION -- Relates to the appropriation to the Soil and Water Conservation Commission for fiscal years 2026 and 2027.	out-of-gate:not-divided	
S1406	2135658	house	1669042	2026-03-24	39-31	1	0	4	212		Relates to the appropriation to the Office of the State Public Defender for fiscal year 2027.	APPROPRIATIONS -- OFFICE OF THE STATE PUBLIC DEFENDER -- Relates to the appropriation to the Office of the State Public Defender for fiscal year 2027.	excluded:appropriations	agency budget bill; appropriations are excluded by standing campaign rule
S1406	2135658	senate	1667878	2026-03-23	22-12	1	0	4	212	Read third time in full -- PASSED 22-12-1	Relates to the appropriation to the Office of the State Public Defender for fiscal year 2027.	APPROPRIATIONS -- OFFICE OF THE STATE PUBLIC DEFENDER -- Relates to the appropriation to the Office of the State Public Defender for fiscal year 2027.	excluded:appropriations	agency budget bill; appropriations are excluded by standing campaign rule
S1407	2135601	house	1668909	2026-03-24	40-30	1	0	4	192		Relates to the appropriation to the Division of Occupational and Professional Licenses for fiscal year 2027.	APPROPRIATIONS -- DIVISION OF OCCUPATIONAL AND PROFESSIONAL LICENSES -- Relates to the appropriation to the Division of Occupational and Professional Licenses for fiscal year 2027.	excluded:appropriations	agency budget bill; appropriations are excluded by standing campaign rule
S1407	2135601	senate	1667860	2026-03-23	24-10	1	0	4	192	Read third time in full -- PASSED 24-10-1	Relates to the appropriation to the Division of Occupational and Professional Licenses for fiscal year 2027.	APPROPRIATIONS -- DIVISION OF OCCUPATIONAL AND PROFESSIONAL LICENSES -- Relates to the appropriation to the Division of Occupational and Professional Licenses for fiscal year 2027.	excluded:appropriations	agency budget bill; appropriations are excluded by standing campaign rule
S1408	2135589	house	1675494	2026-04-01	49-18	1	0	4	328		Relates to the appropriation to the Public Schools Educational Support Program's Division of Educational Services for the Deaf and the Blind for fiscal year 202	APPROPRIATIONS -- PUBLIC SCHOOLS -- EDUCATIONAL SERVICES FOR THE DEAF AND THE BLIND -- Relates to the appropriation to the Public Schools Educational Support Program's Division of Educational Services for the Deaf and th	excluded:appropriations	agency budget bill; appropriations are excluded by standing campaign rule
S1408	2135589	senate	1675493	2026-04-01	21-14	1	0	4	328	Read third time in full -- PASSED 21-14-0	Relates to the appropriation to the Public Schools Educational Support Program's Division of Educational Services for the Deaf and the Blind for fiscal year 202	APPROPRIATIONS -- PUBLIC SCHOOLS -- EDUCATIONAL SERVICES FOR THE DEAF AND THE BLIND -- Relates to the appropriation to the Public Schools Educational Support Program's Division of Educational Services for the Deaf and th	excluded:appropriations	agency budget bill; appropriations are excluded by standing campaign rule
S1409	2135717	house	1669068	2026-03-24	60-10	1	0	4	208		Relates to the appropriation to the Idaho State Police for fiscal year 2027.	APPROPRIATIONS -- IDAHO STATE POLICE -- Relates to the appropriation to the Idaho State Police for fiscal year 2027.	out-of-gate:not-divided	
S1409	2135717	senate	1667680	2026-03-23	28-5	1	0	4	208	Read third time in full -- PASSED 28-5-2	Relates to the appropriation to the Idaho State Police for fiscal year 2027.	APPROPRIATIONS -- IDAHO STATE POLICE -- Relates to the appropriation to the Idaho State Police for fiscal year 2027.	out-of-gate:not-divided	
S1410	2135764	house	1675496	2026-04-01	67-0	1	0	4	308		Adds to existing law to provide legislative approval for the Department of Health and Welfare to submit a state plan amendment regarding change in encounter rat	MEDICAID -- Adds to existing law to provide legislative approval for the Department of Health and Welfare to submit a state plan amendment regarding change in encounter rate due to change in scope of services.	out-of-gate:not-divided	
S1410	2135764	senate	1671551	2026-03-26	33-0	1	0	4	308	Read third time in full -- PASSED 33-0-2	Adds to existing law to provide legislative approval for the Department of Health and Welfare to submit a state plan amendment regarding change in encounter rat	MEDICAID -- Adds to existing law to provide legislative approval for the Department of Health and Welfare to submit a state plan amendment regarding change in encounter rate due to change in scope of services.	out-of-gate:not-divided	
S1412	2135839	house	1671473	2026-03-26	66-0	1	0	4	248		Adds to existing law to provide for the Idaho Student Safety and Educator Disclosure Act.	EDUCATION -- Adds to existing law to provide for the Idaho Student Safety and Educator Disclosure Act.	out-of-gate:not-divided	
S1412	2135839	senate	1669059	2026-03-24	34-0	1	0	4	248	Read third time in full -- PASSED 34-0-1	Adds to existing law to provide for the Idaho Student Safety and Educator Disclosure Act.	EDUCATION -- Adds to existing law to provide for the Idaho Student Safety and Educator Disclosure Act.	out-of-gate:not-divided	
S1416	2136255	house	1671458	2026-03-26	55-14	1	0	4	256		Relates to the appropriation to the Office of Species, Minerals, and Energy Coordination for fiscal year 2027.	APPROPRIATIONS -- SMEC -- Relates to the appropriation to the Office of Species, Minerals, and Energy Coordination for fiscal year 2027.	excluded:appropriations	agency budget bill; appropriations are excluded by standing campaign rule
S1416	2136255	senate	1669375	2026-03-24	30-3	1	0	4	256	Read third time in full -- PASSED 30-3-2	Relates to the appropriation to the Office of Species, Minerals, and Energy Coordination for fiscal year 2027.	APPROPRIATIONS -- SMEC -- Relates to the appropriation to the Office of Species, Minerals, and Energy Coordination for fiscal year 2027.	out-of-gate:not-divided	
S1417	2136226	house	1671323	2026-03-26	39-30	1	0	4	255		Relates to the appropriation to the Department of Parks and Recreation for fiscal years 2027 and 2026.	APPROPRIATIONS -- DEPARTMENT OF PARKS AND RECREATION -- Relates to the appropriation to the Department of Parks and Recreation for fiscal years 2027 and 2026.	excluded:appropriations	agency budget bill; appropriations are excluded by standing campaign rule
S1417	2136226	senate	1669021	2026-03-24	25-8	1	0	4	255	Read third time in full -- PASSED 25-8-2	Relates to the appropriation to the Department of Parks and Recreation for fiscal years 2027 and 2026.	APPROPRIATIONS -- DEPARTMENT OF PARKS AND RECREATION -- Relates to the appropriation to the Department of Parks and Recreation for fiscal years 2027 and 2026.	excluded:appropriations	agency budget bill; appropriations are excluded by standing campaign rule
S1418	2137014	senate	1673299	2026-03-30	15-20	1	1	1		Read third time in full as amended -- FAILED 15-20-0	Adds to existing law to establish the Idaho Kratom Consumer Protection and Safety Act.	KRATOM -- Adds to existing law to establish the Idaho Kratom Consumer Protection and Safety Act.	out-of-gate:not-enacted	
S1419	2136930	senate	1671532	2026-03-26	11-23	1	0	1		Read in full as required) -- FAILED 11-23-1	Amends and adds to existing law to establish the Idaho Child Care Program.	IDAHO CHILD CARE PROGRAM -- Amends and adds to existing law to establish the Idaho Child Care Program.	out-of-gate:not-enacted	
S1420	2137165	senate	1673261	2026-03-30	18-16	1	0	2		Read third time in full -- PASSED 18-16-1	Amends existing law to provide for the Medical Education Fund and to provide for certain funding.	MEDICAL EDUCATION -- Amends existing law to provide for the Medical Education Fund and to provide for certain funding.	out-of-gate:not-enacted	
S1423	2137136	senate	1671722	2026-03-27	22-13	1	0	2		Read third time in full -- PASSED 22-13-0	Adds to existing law to establish the Financial Accountability Stablecoin Transaction (FAST) Act to provide for the authorization and use of payment stablecoins	FINANCIAL ACCOUNTABILITY STABLECOIN TRANSACTION ACT -- Adds to existing law to establish the Financial Accountability Stablecoin Transaction (FAST) Act to provide for the authorization and use of payment stablecoins.	out-of-gate:not-enacted	
S1424	2137073	senate	1674035	2026-03-31	11-24	1	0	1		Read third time in full -- FAILED 11-24-0	Amends existing law to provide for an exception for licensed dealers in Idaho for a manufacturer or distributor with a manufacturer-owned or distributor-owned d	MOTOR VEHICLES -- Amends existing law to provide for an exception for licensed dealers in Idaho for a manufacturer or distributor with a manufacturer-owned or distributor-owned dealership.	out-of-gate:not-enacted	
S1426	2137337	house	1671958	2026-03-27	50-18	1	0	4	257		Relates to the funding of the Idaho Transportation Department for fiscal year 2027.	IDAHO TRANSPORTATION DEPARTMENT -- FUNDING -- Relates to the funding of the Idaho Transportation Department for fiscal year 2027.	candidate:unbatched	
S1426	2137337	senate	1671359	2026-03-26	30-4	1	0	4	257	Read third time in full -- PASSED 30-4-1	Relates to the funding of the Idaho Transportation Department for fiscal year 2027.	IDAHO TRANSPORTATION DEPARTMENT -- FUNDING -- Relates to the funding of the Idaho Transportation Department for fiscal year 2027.	out-of-gate:not-divided	
S1427	2137292	house	1671957	2026-03-27	36-33	1	0	4	258		Relates to the appropriation to the Department of Lands for fiscal years 2026 and 2027.	APPROPRIATIONS -- DEPARTMENT OF LANDS -- Relates to the appropriation to the Department of Lands for fiscal years 2026 and 2027.	excluded:appropriations	agency budget bill; appropriations are excluded by standing campaign rule
S1427	2137292	senate	1671361	2026-03-26	25-9	1	0	4	258	Read third time in full -- PASSED 25-9-1	Relates to the appropriation to the Department of Lands for fiscal years 2026 and 2027.	APPROPRIATIONS -- DEPARTMENT OF LANDS -- Relates to the appropriation to the Department of Lands for fiscal years 2026 and 2027.	excluded:appropriations	agency budget bill; appropriations are excluded by standing campaign rule
S1429	2137498	house	1673375	2026-03-30	39-27	1	0	4	272		Relates to the appropriation to the Department of Health and Welfare for the Behavioral Health Services Division for fiscal years 2026 and 2027.	APPROPRIATIONS -- HEALTH AND WELFARE -- BEHAVIORAL HEALTH SERVICES -- Relates to the appropriation to the Department of Health and Welfare for the Behavioral Health Services Division for fiscal years 2026 and 2027.	excluded:appropriations	agency budget bill; appropriations are excluded by standing campaign rule
S1429	2137498	senate	1671713	2026-03-27	21-14	1	0	4	272	Read third time in full -- PASSED 21-14-0	Relates to the appropriation to the Department of Health and Welfare for the Behavioral Health Services Division for fiscal years 2026 and 2027.	APPROPRIATIONS -- HEALTH AND WELFARE -- BEHAVIORAL HEALTH SERVICES -- Relates to the appropriation to the Department of Health and Welfare for the Behavioral Health Services Division for fiscal years 2026 and 2027.	excluded:appropriations	agency budget bill; appropriations are excluded by standing campaign rule
S1430	2137459	house	1675348	2026-04-01	60-8	1	0	4	295		Amends existing law to revise a provision regarding preemption of firearms regulation, to provide a penalty, and to provide for a cause of action.	FIREARMS -- Amends existing law to revise a provision regarding preemption of firearms regulation, to provide a penalty, and to provide for a cause of action.	out-of-gate:not-divided	
S1430	2137459	senate	1673078	2026-03-30	31-3	1	0	4	295	Read third time in full -- PASSED 31-3-1	Amends existing law to revise a provision regarding preemption of firearms regulation, to provide a penalty, and to provide for a cause of action.	FIREARMS -- Amends existing law to revise a provision regarding preemption of firearms regulation, to provide a penalty, and to provide for a cause of action.	out-of-gate:not-divided	
S1431	2137695	house	1673363	2026-03-30	48-18	1	0	4	269		Relates to the appropriation to the Department of Water Resources for fiscal year 2027.	APPROPRIATIONS -- DEPARTMENT OF WATER RESOURCES -- Relates to the appropriation to the Department of Water Resources for fiscal year 2027.	excluded:appropriations	agency budget bill; appropriations are excluded by standing campaign rule
S1431	2137695	senate	1671808	2026-03-27	26-7	1	0	4	269	Read third time in full -- PASSED 26-7-2	Relates to the appropriation to the Department of Water Resources for fiscal year 2027.	APPROPRIATIONS -- DEPARTMENT OF WATER RESOURCES -- Relates to the appropriation to the Department of Water Resources for fiscal year 2027.	excluded:appropriations	agency budget bill; appropriations are excluded by standing campaign rule
S1432	2138173	house	1674094	2026-03-31	42-24	1	0	4	284		Relates to the appropriation to the Department of Health and Welfare for fiscal year 2027.	APPROPRIATIONS -- HEALTH AND WELFARE -- OTHER PROGRAMS -- Relates to the appropriation to the Department of Health and Welfare for fiscal year 2027.	excluded:appropriations	agency budget bill; appropriations are excluded by standing campaign rule
S1432	2138173	senate	1673148	2026-03-30	23-11	1	0	4	284	Read third time in full -- PASSED 23-11-1	Relates to the appropriation to the Department of Health and Welfare for fiscal year 2027.	APPROPRIATIONS -- HEALTH AND WELFARE -- OTHER PROGRAMS -- Relates to the appropriation to the Department of Health and Welfare for fiscal year 2027.	excluded:appropriations	agency budget bill; appropriations are excluded by standing campaign rule
S1433	2138091	house	1673972	2026-03-31	35-32	1	0	4	285		Relates to the appropriation to the Department of Health and Welfare for fiscal years 2026 and 2027.	APPROPRIATIONS -- HEALTH AND WELFARE -- MEDICAID -- Relates to the appropriation to the Department of Health and Welfare for fiscal years 2026 and 2027.	excluded:appropriations	agency budget bill; appropriations are excluded by standing campaign rule
S1433	2138091	senate	1673073	2026-03-30	20-15	1	0	4	285	Read third time in full -- PASSED 20-15-0	Relates to the appropriation to the Department of Health and Welfare for fiscal years 2026 and 2027.	APPROPRIATIONS -- HEALTH AND WELFARE -- MEDICAID -- Relates to the appropriation to the Department of Health and Welfare for fiscal years 2026 and 2027.	excluded:appropriations	agency budget bill; appropriations are excluded by standing campaign rule
S1434	2138115	house	1673996	2026-03-31	46-21	1	0	4	287		Relates to the appropriation to the Department of Health and Welfare for fiscal year 2027.	APPROPRIATIONS -- HEALTH AND WELFARE -- DIVISION OF WELFARE -- Relates to the appropriation to the Department of Health and Welfare for fiscal year 2027.	excluded:appropriations	agency budget bill; appropriations are excluded by standing campaign rule
S1434	2138115	senate	1673052	2026-03-30	24-10	1	0	4	287	Read third time in full -- PASSED 24-10-1	Relates to the appropriation to the Department of Health and Welfare for fiscal year 2027.	APPROPRIATIONS -- HEALTH AND WELFARE -- DIVISION OF WELFARE -- Relates to the appropriation to the Department of Health and Welfare for fiscal year 2027.	excluded:appropriations	agency budget bill; appropriations are excluded by standing campaign rule
S1435	2138185	house	1673304	2026-03-30	43-25	1	0	4	271		Relates to the maintenance appropriations to the Department of Health and Welfare and the State Independent Living Council for fiscal year 2027.	APPROPRIATIONS -- HEALTH AND HUMAN SERVICES -- Relates to the maintenance appropriations to the Department of Health and Welfare and the State Independent Living Council for fiscal year 2027.	excluded:appropriations	agency budget bill; appropriations are excluded by standing campaign rule
S1435	2138185	senate	1671535	2026-03-26	22-13	1	0	4	271	Read in full as required) -- PASSED 22-13-0	Relates to the maintenance appropriations to the Department of Health and Welfare and the State Independent Living Council for fiscal year 2027.	APPROPRIATIONS -- HEALTH AND HUMAN SERVICES -- Relates to the maintenance appropriations to the Department of Health and Welfare and the State Independent Living Council for fiscal year 2027.	excluded:appropriations	agency budget bill; appropriations are excluded by standing campaign rule
S1436	2138138	house	1675437	2026-04-01	21-44	1	0	2			Amends existing law to revise provisions regarding cooperative and group discount purchasing.	STATE PROCUREMENT -- Amends existing law to revise provisions regarding cooperative and group discount purchasing.	out-of-gate:not-enacted	
S1436	2138138	senate	1673706	2026-03-31	30-4	1	0	2		Read third time in full -- PASSED 30-4-1	Amends existing law to revise provisions regarding cooperative and group discount purchasing.	STATE PROCUREMENT -- Amends existing law to revise provisions regarding cooperative and group discount purchasing.	out-of-gate:not-enacted	
S1437	2138263	house	1674150	2026-03-31	66-0	1	0	4	273		Relates to the appropriation to the Idaho State Police for fiscal year 2027.	APPROPRIATIONS -- IDAHO STATE POLICE -- Relates to the appropriation to the Idaho State Police for fiscal year 2027.	out-of-gate:not-divided	
S1437	2138263	senate	1673055	2026-03-30	35-0	1	0	4	273	Read third time in full -- PASSED 35-0-0	Relates to the appropriation to the Idaho State Police for fiscal year 2027.	APPROPRIATIONS -- IDAHO STATE POLICE -- Relates to the appropriation to the Idaho State Police for fiscal year 2027.	out-of-gate:not-divided	
S1438	2138326	house	1676361	2026-04-02	38-28	1	0	4	331		Relates to the appropriation to the Public Schools Educational Support Program's Division of the Idaho Digital Learning Academy for fiscal year 2027.	APPROPRIATIONS -- PUBLIC SCHOOLS -- IDAHO DIGITAL LEARNING ACADEMY DIVISION -- Relates to the appropriation to the Public Schools Educational Support Program's Division of the Idaho Digital Learning Academy for fiscal ye	excluded:appropriations	agency budget bill; appropriations are excluded by standing campaign rule
S1438	2138326	senate	1675429	2026-04-01	28-6	1	0	4	331	Read third time in full -- PASSED 28-6-1	Relates to the appropriation to the Public Schools Educational Support Program's Division of the Idaho Digital Learning Academy for fiscal year 2027.	APPROPRIATIONS -- PUBLIC SCHOOLS -- IDAHO DIGITAL LEARNING ACADEMY DIVISION -- Relates to the appropriation to the Public Schools Educational Support Program's Division of the Idaho Digital Learning Academy for fiscal ye	out-of-gate:not-divided	
S1439	2138382	house	1675353	2026-04-01	68-0	1	0	4	321		Amends existing law to revise provisions regarding the Model School Facility Council.	EDUCATION -- Amends existing law to revise provisions regarding the Model School Facility Council.	out-of-gate:not-divided	
S1439	2138382	senate	1673248	2026-03-30	35-0	1	0	4	321	Read third time in full -- PASSED 35-0-0	Amends existing law to revise provisions regarding the Model School Facility Council.	EDUCATION -- Amends existing law to revise provisions regarding the Model School Facility Council.	out-of-gate:not-divided	
S1442	2138838	senate	1675487	2026-04-01	28-6	1	1	2		Read third time in full as amended -- PASSED 28-6-1	Adds to existing law to establish provisions regarding an audit of the resettlement of refugees and to establish provisions regarding the immigration status and	IDAHO REFUGEE AND ILLEGAL ALIEN ACCOUNTABILITY ACT -- Adds to existing law to establish provisions regarding an audit of the resettlement of refugees and to establish provisions regarding the immigration status and natio	out-of-gate:not-enacted	
S1444	2139124	house	1676342	2026-04-02	56-9	1	0	4	336		Relates to the appropriation to the Public Schools Educational Support Program's Division of Student Support for fiscal years 2026 and 2027.	APPROPRIATIONS -- PUBLIC SCHOOLS -- DIVISION OF STUDENT SUPPORT -- Relates to the appropriation to the Public Schools Educational Support Program's Division of Student Support for fiscal years 2026 and 2027.	out-of-gate:not-divided	
S1444	2139124	senate	1675431	2026-04-01	25-9	1	0	4	336	Read third time in full -- PASSED 25-9-1	Relates to the appropriation to the Public Schools Educational Support Program's Division of Student Support for fiscal years 2026 and 2027.	APPROPRIATIONS -- PUBLIC SCHOOLS -- DIVISION OF STUDENT SUPPORT -- Relates to the appropriation to the Public Schools Educational Support Program's Division of Student Support for fiscal years 2026 and 2027.	excluded:appropriations	agency budget bill; appropriations are excluded by standing campaign rule
S1445	2139089	senate	1675386	2026-04-01	31-2	1	0	2		Read third time in full -- PASSED 31-2-2	Adds to existing law to provide that certain rats are invasive species.	INVASIVE SPECIES -- Adds to existing law to provide that certain rats are invasive species.	out-of-gate:not-enacted	
S1446	2139330	house	1675445	2026-04-01	55-13	1	0	4	306		Relates to the appropriation to the Department of Health and Welfare and the Judicial Branch for fiscal year 2027.	APPROPRIATIONS -- Relates to the appropriation to the Department of Health and Welfare and the Judicial Branch for fiscal year 2027.	out-of-gate:not-divided	
S1446	2139330	senate	1675444	2026-04-01	23-11	1	0	4	306	Read third time in full -- PASSED 23-11-1	Relates to the appropriation to the Department of Health and Welfare and the Judicial Branch for fiscal year 2027.	APPROPRIATIONS -- Relates to the appropriation to the Department of Health and Welfare and the Judicial Branch for fiscal year 2027.	excluded:appropriations	agency budget bill; appropriations are excluded by standing campaign rule
S1447	2139426	house	1675501	2026-04-01	50-16	1	0	4	329		Relates to the appropriation to the Public Schools Educational Support Program's Division of Student Support for fiscal year 2027.	APPROPRIATIONS -- PUBLIC SCHOOLS -- STUDENT SUPPORT DIVISION -- Relates to the appropriation to the Public Schools Educational Support Program's Division of Student Support for fiscal year 2027.	excluded:appropriations	agency budget bill; appropriations are excluded by standing campaign rule
S1447	2139426	senate	1675365	2026-04-01	29-4	1	0	4	329	Read third time in full -- PASSED 29-4-2 -Engelking	Relates to the appropriation to the Public Schools Educational Support Program's Division of Student Support for fiscal year 2027.	APPROPRIATIONS -- PUBLIC SCHOOLS -- STUDENT SUPPORT DIVISION -- Relates to the appropriation to the Public Schools Educational Support Program's Division of Student Support for fiscal year 2027.	out-of-gate:not-divided	
S1448	2139560	house	1676336	2026-04-02	54-11	1	0	4	343		Amends existing law to revise provisions regarding material harmful to minors.	MINORS -- Amends existing law to revise provisions regarding material harmful to minors.	out-of-gate:not-divided	
S1448	2139560	senate	1675440	2026-04-01	28-6	1	0	4	343	Read third time in full -- PASSED 28-6-1	Amends existing law to revise provisions regarding material harmful to minors.	MINORS -- Amends existing law to revise provisions regarding material harmful to minors.	out-of-gate:not-divided	
S1452	2140584	house	1676337	2026-04-02	61-3	1	0	4	327		Relates to the appropriation to the Public Schools Educational Support Program's Division of the Idaho Digital Learning Academy for fiscal year 2027.	APPROPRIATIONS -- PUBLIC SCHOOLS -- IDAHO DIGITAL LEARNING ACADEMY -- Relates to the appropriation to the Public Schools Educational Support Program's Division of the Idaho Digital Learning Academy for fiscal year 2027.	out-of-gate:not-divided	
S1452	2140584	senate	1675435	2026-04-01	29-6	1	0	4	327	Read third time in full -- PASSED 29-6-0	Relates to the appropriation to the Public Schools Educational Support Program's Division of the Idaho Digital Learning Academy for fiscal year 2027.	APPROPRIATIONS -- PUBLIC SCHOOLS -- IDAHO DIGITAL LEARNING ACADEMY -- Relates to the appropriation to the Public Schools Educational Support Program's Division of the Idaho Digital Learning Academy for fiscal year 2027.	out-of-gate:not-divided	
S1453	2140475	house	1676221	2026-04-02	46-20	1	0	4	313		Relates to the appropriation to the Department of Health and Welfare for rural health care for fiscal year 2027.	APPROPRIATIONS -- HEALTH AND WELFARE -- RURAL HEALTH -- Relates to the appropriation to the Department of Health and Welfare for rural health care for fiscal year 2027.	excluded:appropriations	agency budget bill; appropriations are excluded by standing campaign rule
S1453	2140475	senate	1675430	2026-04-01	20-15	1	0	4	313	Read third time in full -- PASSED 20-15-0	Relates to the appropriation to the Department of Health and Welfare for rural health care for fiscal year 2027.	APPROPRIATIONS -- HEALTH AND WELFARE -- RURAL HEALTH -- Relates to the appropriation to the Department of Health and Welfare for rural health care for fiscal year 2027.	excluded:appropriations	agency budget bill; appropriations are excluded by standing campaign rule
S1454	2140631	house	1676345	2026-04-02	42-25	1	0	4	318		Relates to the appropriation to the Department of Health and Welfare for fiscal years 2026 and 2027.	APPROPRIATIONS -- HEALTH AND WELFARE -- EARLY LEARNING AND DEVELOPMENT, YOUTH SAFETY AND PERMANENCY, AND FAMILY AND COMMUNITY PARTNERSHIPS -- Relates to the appropriation to the Department of Health and Welfare for fisca	excluded:appropriations	agency budget bill; appropriations are excluded by standing campaign rule
S1454	2140631	senate	1675432	2026-04-01	27-8	1	0	4	318	Read third time in full -- PASSED 27-8-0	Relates to the appropriation to the Department of Health and Welfare for fiscal years 2026 and 2027.	APPROPRIATIONS -- HEALTH AND WELFARE -- EARLY LEARNING AND DEVELOPMENT, YOUTH SAFETY AND PERMANENCY, AND FAMILY AND COMMUNITY PARTNERSHIPS -- Relates to the appropriation to the Department of Health and Welfare for fisca	excluded:appropriations	agency budget bill; appropriations are excluded by standing campaign rule
