measure	chamber	roll	date	question	yea	nay	earlier_rolls	bill_type	status	title	description	disposition	reason
HB1003	house	1607872	2025-05-15	fourth reading	60	21	1607869	B	4	Crimes and punishments; modifying age limitations for certain prohibited acts.	Crimes and punishments; modifying age limitations for certain prohibited acts.		
HB1062	house	1608329	2025-03-10	third reading	60	33		B	4	Alcoholic beverages; employee license; age; restrictions; effective date.	Alcoholic beverages; employee license; age; restrictions; effective date.		
HB1393	house	1607831	2025-03-26	third reading	71	23		B	4	Special education; individual education program; parental consent; effective date; emergency.	Special education; individual education program; parental consent; effective date; emergency.		
HB1427	house	1662881	2026-03-12	fourth reading	57	20	1605204	B	4	Tax credit; expanding forms of taxation for which a credit is allowed; clean-burning vehicle fuel; hydrogen fuel cells; effective date.	Tax credit; expanding forms of taxation for which a credit is allowed; clean-burning vehicle fuel; hydrogen fuel cells; effective date.		
HB1575	house	1604610	2025-05-14	fourth reading	59	28	1604607	B	4	Public assistance programs; directing certain feasibility study and request for information; requiring certain report.	Public assistance programs; directing certain feasibility study and request for information; requiring certain report.		
HB1576	house	1605042	2025-05-22	fourth reading	68	21	1605037	B	4	Medicaid; terms; Oklahoma Health Care Authority; coverage; Medicaid; criteria; medical necessity; discretion; Chief Operating Officer; Health Information Portability and Accountability Act; scientific research; consent; research; opting-out; minors; promulgation of rules and regulations; waiver application; effective date; emergency.	Medicaid; terms; Oklahoma Health Care Authority; coverage; Medicaid; criteria; medical necessity; discretion; Chief Operating Officer; Health Information Portability and Accountability Act; scientific research; consent; research; opting-out; minors; promulgation of rules and regulations; waiver application; effective date; emergency.		
HB1601	house	1606324	2025-03-17	third reading	58	27		B	4	Schools; creating the Advancing Rights for Caregiving, Health, and Extended Recovery (Maternity Leave Protection for Teachers) Act; effective date.	Schools; creating the Advancing Rights for Caregiving, Health, and Extended Recovery (Maternity Leave Protection for Teachers) Act; effective date.		
HB1727	house	1605731	2025-05-28	fourth reading	60	27	1605726	B	4	Higher education; Oklahoma Higher Learning Access Program; eligibility for children of certain teachers; effective date; emergency.	Higher education; Oklahoma Higher Learning Access Program; eligibility for children of certain teachers; effective date; emergency.		
HB1850	house	1605673	2025-05-14	fourth reading	60	23	1605670	B	4	Trusts; creating the Uniform Trust Code; definitions; creditor claims; revocable trusts; trustees; duties and powers of trustee; trustee liability; severability; effective date.	Trusts; creating the Uniform Trust Code; definitions; creditor claims; revocable trusts; trustees; duties and powers of trustee; trustee liability; severability; effective date.		
HB1955	house	1605594	2025-05-15	fourth reading	52	28	1605591	B	4	Education; Education Leadership Oklahoma program; clarifying award coverage; increasing maximum amount; repayment; reimbursement; effective date.	Education; Education Leadership Oklahoma program; clarifying award coverage; increasing maximum amount; repayment; reimbursement; effective date.		
HB1979	house	1693076	2026-05-04	fourth reading	65	26	1663376	B	4	Children; Early Childhood Task Force; membership; election; reports; compensation or reimbursement; expenses; Open Records Act; Open Meeting Act; advice; vision statement; mission; principles; codification; effective date.	Children; Early Childhood Task Force; membership; election; reports; compensation or reimbursement; expenses; Open Records Act; Open Meeting Act; advice; vision statement; mission; principles; codification; effective date.		
HB2013	house	1607233	2025-05-15	fourth reading	60	22	1607230	B	4	Sudden unexpected death in epilepsy (SUDEP); Dylan's Law; Service Oklahoma; driver license; unique symbol; voluntary; State Commissioner of Health; power and duty; Division of Health Care Information; autopsy; findings; records; determination; effective date.	Sudden unexpected death in epilepsy (SUDEP); Dylan's Law; Service Oklahoma; driver license; unique symbol; voluntary; State Commissioner of Health; power and duty; Division of Health Care Information; autopsy; findings; records; determination; effective date.		
HB2036	house	1607105	2025-05-14	fourth reading	66	17	1607102	B	4	Condemnation proceedings; establishing requirements for reimbursement of certain expenses; effective date.	Condemnation proceedings; establishing requirements for reimbursement of certain expenses; effective date.		
HB2072	house	1604661	2025-03-25	third reading	60	26		B	4	Banks and trust companies; repeal; Task Force for the Study of State Banking Services; effective date.	Banks and trust companies; repeal; Task Force for the Study of State Banking Services; effective date.		
HB2110	house	1604780	2025-05-15	fourth reading	58	27	1604776	B	4	Revenue and taxation; Bringing Sitcoms Home from Hollywood Pilot Program Act; short title; definitions; incentives; procedures; revolving fund; effective date.	Revenue and taxation; Bringing Sitcoms Home from Hollywood Pilot Program Act; short title; definitions; incentives; procedures; revolving fund; effective date.		
HB2147	house	1608040	2025-05-29	veto override without emergency	70	18	1608035;1608038	B	4	Cities and towns; Municipal Code Lien Enforcement Act of 2025; lien; violations; housing; building code; foreclosure; real property; effective date.	Cities and towns; Municipal Code Lien Enforcement Act of 2025; lien; violations; housing; building code; foreclosure; real property; effective date.		
HB2263	house	1605826	2025-05-29	veto override without emergency	68	21	1605822	B	4	Motor vehicles; making certain use of cellular telephones and electronic devices unlawful on certain stretches of road; penalty; municipal ordinances; effective date.	Motor vehicles; making certain use of cellular telephones and electronic devices unlawful on certain stretches of road; penalty; municipal ordinances; effective date.		
HB2268	house	1693889	2026-05-05	fourth reading	68	21	1606175	B	4	Oklahoma Health Care Authority; making an appropriation; effective date; emergency.	Oklahoma Health Care Authority; making an appropriation; effective date; emergency.		
HB2398	house	1658361	2026-03-10	third reading	70	20		B	4	Education; authorizing the State Regents for Higher Education and the Department of Career and Technology Education to designate a credential of value.	Education; authorizing the State Regents for Higher Education and the Department of Career and Technology Education to designate a credential of value.		
HB2764	house	1606363	2025-05-20	third reading	74	19		B	4	Revenue and taxation; duties of the State Board of Equalization; certification of revenue amounts; income tax rate reduction; effective date.	Revenue and taxation; duties of the State Board of Equalization; certification of revenue amounts; income tax rate reduction; effective date.		
HB2765	house	1606310	2025-05-20	third reading	55	32		B	4	State investing; Invest in Oklahoma Program; reassigning program; investments; rules renaming Cash Management and Investment Oversight Commission the Invest in Oklahoma Board; effective date.	State investing; Invest in Oklahoma Program; reassigning program; investments; rules renaming Cash Management and Investment Oversight Commission the Invest in Oklahoma Board; effective date.		
HB2766	house	1605244	2025-05-20	third reading	73	20		B	4	General appropriations; various agencies, authorities, boards, bureaus, commission, funds and programs; effective date.	General appropriations; various agencies, authorities, boards, bureaus, commission, funds and programs; effective date.		
HB2768	house	1607387	2025-05-20	third reading	58	30		B	4	Revenue and taxation; Oklahoma Quality Jobs Incentive Leverage Act; increasing certain limitation caps related to qualifying investment amounts.	Revenue and taxation; Oklahoma Quality Jobs Incentive Leverage Act; increasing certain limitation caps related to qualifying investment amounts.		
HB2776	house	1606237	2025-05-20	third reading	65	20		B	4	Capitol Improvement Authority; utilization of Legacy Capital Fund authorizations by the Office of Management and Enterprise Services; increasing certain amount.	Capitol Improvement Authority; utilization of Legacy Capital Fund authorizations by the Office of Management and Enterprise Services; increasing certain amount.		
HB2781	house	1604483	2025-05-20	third reading	56	34		B	4	Economic development; creating the Reindustrialize Oklahoma Act of 2025; investment rebate program; creating the ROA-25 Revolving Fund and the ROA-25 Beneficiary Revolving Fund.	Economic development; creating the Reindustrialize Oklahoma Act of 2025; investment rebate program; creating the ROA-25 Revolving Fund and the ROA-25 Beneficiary Revolving Fund.		
HB2783	house	1607151	2025-05-20	third reading	60	30		B	4	Tobacco Settlement Endowment Trust; Board of Directors; providing appointees serve at the pleasure of their appointing authority.	Tobacco Settlement Endowment Trust; Board of Directors; providing appointees serve at the pleasure of their appointing authority.		
HB2787	house	1638867	2026-02-19	third reading	70	19		B	4	State Department of Health; making an appropriation; source; purpose; emergency.	State Department of Health; making an appropriation; source; purpose; emergency.		
HB2790	house	1607464	2025-05-20	third reading	68	18		B	4	Office of Juvenile Affairs; making an appropriation; accounts; deposits or transfers; procedures; reports; requiring appearance before certain joint committee; effective date; emergency.	Office of Juvenile Affairs; making an appropriation; accounts; deposits or transfers; procedures; reports; requiring appearance before certain joint committee; effective date; emergency.		
HB2791	house	1604967	2025-05-20	third reading	61	26		B	4	Department of Human Services; making appropriations; source; amounts; creating certain special accounts; deposits or transfers; procedures; reports; requiring appearance before certain joint committee.	Department of Human Services; making appropriations; source; amounts; creating certain special accounts; deposits or transfers; procedures; reports; requiring appearance before certain joint committee.		
HB2794	house	1604430	2025-05-20	third reading	61	30		B	4	Department of Commerce; making appropriations; sources; amounts; purposes.	Department of Commerce; making appropriations; sources; amounts; purposes.		
HB2894	house	1694494	2026-05-06	fourth reading	59	33	1607142	B	4	Oklahoma Rural Jobs Act; cap on capital investment tax credits; authorizing and limiting additional participation in program under certain conditions.	Oklahoma Rural Jobs Act; cap on capital investment tax credits; authorizing and limiting additional participation in program under certain conditions.		
HB3005	house	1662865	2026-03-12	third reading	62	22		B	4	State government; Oklahoma Climatological Survey; sunset; effective date; emergency.	State government; Oklahoma Climatological Survey; sunset; effective date; emergency.		
HB3127	house	1662879	2026-03-12	third reading	47	46		B	4	Medical marijuana; policy for applicants and employees; exceptions; effective date.	Medical marijuana; policy for applicants and employees; exceptions; effective date.		
HB3151	house	1661140	2026-03-11	third reading	62	28		B	4	Schools; length of school year; increasing minimum days of instruction; requiring parent-teacher conferences to have an in-person option; contingent effective date.	Schools; length of school year; increasing minimum days of instruction; requiring parent-teacher conferences to have an in-person option; contingent effective date.		
HB3372	house	1662872	2026-03-12	third reading	53	36		B	4	Charter schools; Revolving Loan Fund Program for Charter School Capital Expenditures; Statewide Charter School Board issuing low-interest loans to charter schools through a revolving fund; Charter School Loan Revolving Fund; appropriation; Charter School Bond Credit Enhancement Program; allowing charter schools to issue bonds; Charter School Bond Credit Enhancement Fund; interest allocation; default; special obligations; effective date.	Charter schools; Revolving Loan Fund Program for Charter School Capital Expenditures; Statewide Charter School Board issuing low-interest loans to charter schools through a revolving fund; Charter School Loan Revolving Fund; appropriation; Charter School Bond Credit Enhancement Program; allowing charter schools to issue bonds; Charter School Bond Credit Enhancement Fund; interest allocation; default; special obligations; effective date.		
HB3462	house	1694771	2026-05-06	fourth reading	70	21	1670543	B	4	Professions and occupations; plumbing licenses; definitions; examinations; qualifications; effective date.	Professions and occupations; plumbing licenses; definitions; examinations; qualifications; effective date.		
HB3501	house	1670464	2026-03-25	third reading	71	24		B	4	Alcoholic beverages; ABLE Commission; multiple licenses; manufacturing beverages; alternating proprietorship or premises; effective date.	Alcoholic beverages; ABLE Commission; multiple licenses; manufacturing beverages; alternating proprietorship or premises; effective date.		
HB3521	house	1694844	2026-05-06	fourth reading	65	23	1669895	B	4	Financial institutions; Oklahoma Money Transmission Modernization Act; Banking Commissioner; Oklahoma State Banking Board; licenses; felony; repealer; effective date.	Financial institutions; Oklahoma Money Transmission Modernization Act; Banking Commissioner; Oklahoma State Banking Board; licenses; felony; repealer; effective date.		
HB3590	house	1669293	2026-03-24	third reading	71	19		B	4	Revenue and taxation; Oklahoma Equal Opportunity Education Scholarship Act; eligibility; removing federal law reference; authorizing payment be made via secure electronic funds transfer; effective date.	Revenue and taxation; Oklahoma Equal Opportunity Education Scholarship Act; eligibility; removing federal law reference; authorizing payment be made via secure electronic funds transfer; effective date.		
HB3644	house	1693845	2026-05-05	fourth reading	68	21	1653064	B	4	Venous thromboembolism; creating the Blake Burgess Act; requiring certain hospital policies and training; establishing certain registry and reporting requirements; imposing certain requirements on assisted living centers; effective date; emergency.	Venous thromboembolism; creating the Blake Burgess Act; requiring certain hospital policies and training; establishing certain registry and reporting requirements; imposing certain requirements on assisted living centers; effective date; emergency.		
HB3704	house	1667599	2026-03-23	third reading	73	20		B	4	Revenue and taxation; income tax; federal income tax credit; election to participate; scholarship granting organizations; Oklahoma Tax Commission; effective date.	Revenue and taxation; income tax; federal income tax credit; election to participate; scholarship granting organizations; Oklahoma Tax Commission; effective date.		
HB3705	house	1679854	2026-04-09	third reading	70	19		B	4	Schools; Parental Choice Tax Credit Program; increasing the amount of credits authorized.	Schools; Parental Choice Tax Credit Program; increasing the amount of credits authorized.		
HB3718	house	1694848	2026-05-06	fourth reading	71	19	1660920	B	4	Special education; Lindsey Nicole Henry Scholarships for Students with Disabilities Program; requiring certain meeting in certain time period; evaluations; exceptions; eligibility; calculation of scholarship; effective date.	Special education; Lindsey Nicole Henry Scholarships for Students with Disabilities Program; requiring certain meeting in certain time period; evaluations; exceptions; eligibility; calculation of scholarship; effective date.		
HB3834	house	1694669	2026-05-06	fourth reading	69	21	1660509	B	4	Ibogaine clinical trials; Oklahoma Breakthrough Therapy Act; terms; requirements for drug developers; contractual terms; intellectual property rights; reports; intellectual property account; effective date.	Ibogaine clinical trials; Oklahoma Breakthrough Therapy Act; terms; requirements for drug developers; contractual terms; intellectual property rights; reports; intellectual property account; effective date.		
HB3880	house	1694987	2026-05-06	fourth reading	60	29	1662863	B	4	Tourism; commissions from tourism magazine and digital prints; additional employee compensation; effective date.	Tourism; commissions from tourism magazine and digital prints; additional employee compensation; effective date.		
HB4028	house	1686836	2026-04-21	third reading	54	27		B	4	Revenue and taxation; certain income tax deduction; taxable years for which deductible allowable; effective date.	Revenue and taxation; certain income tax deduction; taxable years for which deductible allowable; effective date.		
HB4036	house	1682430	2026-04-14	third reading	53	42		B	4	Bringing Sitcoms Home from Hollywood Pilot Program Revolving Fund; making an appropriation; source; purpose; noncodification.	Bringing Sitcoms Home from Hollywood Pilot Program Revolving Fund; making an appropriation; source; purpose; noncodification.		
HB4053	house	1682490	2026-04-14	third reading	58	32		B	4	Capitol Improvement Authority; allocation of funds from the Legacy Capital Financing Fund; utilization; University of Oklahoma; recapitalization payments; distributions; limiting conditions; codification.	Capitol Improvement Authority; allocation of funds from the Legacy Capital Financing Fund; utilization; University of Oklahoma; recapitalization payments; distributions; limiting conditions; codification.		
HB4054	house	1682137	2026-04-14	third reading	66	27		B	4	Capitol Improvement Authority; allocation of funds from the Legacy Capital Financing Fund; utilization; Oklahoma State University; recapitalization payments; distributions; limiting conditions; codification.	Capitol Improvement Authority; allocation of funds from the Legacy Capital Financing Fund; utilization; Oklahoma State University; recapitalization payments; distributions; limiting conditions; codification.		
HB4071	house	1681732	2026-04-14	third reading	61	30		B	4	Investment accounts; creating the Oklahoma Dream Accounts Investment Program Act; creating the Oklahoma Dream Account Investment Program; contributions.	Investment accounts; creating the Oklahoma Dream Accounts Investment Program Act; creating the Oklahoma Dream Account Investment Program; contributions.		
HB4072	house	1682511	2026-04-14	third reading	68	25		B	4	Public Finance; creating the Taxpayer Endowment Trust Fund Act; creating the Taxpayer Endowment Trust Fund; effective date; emergency.	Public Finance; creating the Taxpayer Endowment Trust Fund Act; creating the Taxpayer Endowment Trust Fund; effective date; emergency.		
HB4191	house	1694939	2026-05-06	fourth reading	58	21	1660788	B	4	Revenue and taxation; Small Employer Quality Jobs Act; definitions; eligibility criteria; effective date.	Revenue and taxation; Small Employer Quality Jobs Act; definitions; eligibility criteria; effective date.		
HB4322	house	1664564	2026-03-17	third reading	61	17		B	4	Professions and occupations; funeral director in charge; definitions; license requirements; effective date.	Professions and occupations; funeral director in charge; definitions; license requirements; effective date.		
HB4324	house	1695101	2026-05-06	veto override without emergency	69	18	1668559	B	5	Criminal procedure; authorizing district attorneys to adjust sentences; effective date.	Criminal procedure; authorizing district attorneys to adjust sentences; effective date.		
HB4408	house	1668998	2026-03-24	third reading	67	30		B	4	State question 780 data; calculation of savings and averted costs from implementation of the Oklahoma Smart Justice Reform Act; Department of Corrections; Legislative Office of Fiscal Transparency; Administrator of the Courts; effective date.	State question 780 data; calculation of savings and averted costs from implementation of the Oklahoma Smart Justice Reform Act; Department of Corrections; Legislative Office of Fiscal Transparency; Administrator of the Courts; effective date.		
HB4426	house	1642214	2026-02-24	third reading	76	20		B	4	Revenue and taxation; income tax; income tax credit for qualified economic development expenditures; effective date.	Revenue and taxation; income tax; income tax credit for qualified economic development expenditures; effective date.		
SB1027	house	1606294	2025-05-07	third reading	69	23		B	4	Initiative and referendum; establishing requirements for gist of proposition; establishing requirements for collection of signatures; requiring certain disclosures. Emergency.	Initiative and referendum; establishing requirements for gist of proposition; establishing requirements for collection of signatures; requiring certain disclosures. Emergency.		
SB1032	house	1608581	2025-05-07	third reading	60	28		B	4	Alcoholic beverages; licensed establishments; employees; affirmative defense; violations; authorizing ABLE Commission to present evidence. Effective date.	Alcoholic beverages; licensed establishments; employees; affirmative defense; violations; authorizing ABLE Commission to present evidence. Effective date.		
SB1039	house	1604625	2025-05-28	fourth reading	68	22	1604623	B	4	Medical marijuana license; modifying grounds for certain denials; notice; fees. Effective date.	Medical marijuana license; modifying grounds for certain denials; notice; fees. Effective date.		
SB105	house	1608304	2025-04-29	third reading	70	23		B	4	Lindsey Nicole Henry Scholarships for Students with Disabilities Program; removing prior public school enrollment requirement; modifying eligibility requirements. Effective date. Emergency.	Lindsey Nicole Henry Scholarships for Students with Disabilities Program; removing prior public school enrollment requirement; modifying eligibility requirements. Effective date. Emergency.		
SB109	house	1605411	2025-05-22	fourth reading	68	20	1605409	B	4	Health insurance; requiring coverage of certain genetic testing and cancer imaging; providing exclusions. Effective date.	Health insurance; requiring coverage of certain genetic testing and cancer imaging; providing exclusions. Effective date.		
SB111	house	1604963	2025-04-30	third reading	52	27		B	4	Contractors; decreasing number of sewage disposal system installations for certain certification. Effective date.	Contractors; decreasing number of sewage disposal system installations for certain certification. Effective date.		
SB1122	house	1686251	2026-04-21	third reading	56	38		B	4	Ad valorem tax; requiring the State Board of Equalization to assess certain broadband property.at certain radio Effective date.	Ad valorem tax; requiring the State Board of Equalization to assess certain broadband property.at certain radio Effective date.		
SB1129	house	1605869	2025-05-22	third reading	62	30		B	4	Office of Educational Quality and Accountability; requiring certain funds be utilized for certain purpose; providing for distribution of grants. Effective date. Emergency.	Office of Educational Quality and Accountability; requiring certain funds be utilized for certain purpose; providing for distribution of grants. Effective date. Emergency.		
SB1133	house	1690115	2026-04-27	third reading	68	24		B	4	Department of Mental Health and Substance Abuse Services; making an appropriation; stating purpose. Effective date. Emergency.	Department of Mental Health and Substance Abuse Services; making an appropriation; stating purpose. Effective date. Emergency.		
SB1142	house	1690103	2026-04-27	third reading	68	21		B	4	Department of Human Services; making an appropriation; stating purpose. Effective date. Emergency.	Department of Human Services; making an appropriation; stating purpose. Effective date. Emergency.		
SB1162	house	1684236	2026-04-16	third reading	68	17		B	4	State Department of Health; making an appropriation; stating purpose of certain disbursement. Effective date. Emergency.	State Department of Health; making an appropriation; stating purpose of certain disbursement. Effective date. Emergency.		
SB1178	house	1608104	2025-05-22	third reading	70	19		B	4	Department of Mental Health and Substance Abuse Services; making an appropriation; identifying sources of funds. Emergency.	Department of Mental Health and Substance Abuse Services; making an appropriation; identifying sources of funds. Emergency.		
SB1181	house	1607280	2025-05-22	third reading	65	23		B	4	Office of Management and Enterprise Services; making an appropriation; identifying source of funds.	Office of Management and Enterprise Services; making an appropriation; identifying source of funds.		
SB1217	house	1693105	2026-05-04	third reading	68	17		B	4	Real estate brokers; prohibiting requirement to enter into certain agreements. Effective date.	Real estate brokers; prohibiting requirement to enter into certain agreements. Effective date.		
SB1255	house	1691181	2026-04-28	third reading	73	19		B	4	Pardons and paroles; requiring medical director of the Department of Corrections to make certain request. Effective date.	Pardons and paroles; requiring medical director of the Department of Corrections to make certain request. Effective date.		
SB1327	house	1691142	2026-04-28	third reading	57	32		B	4	Oklahoma Tourism and Recreation Commission; transferring certain duties to the Commission; authorizing the Commission to appoint Executive Director. Effective date.	Oklahoma Tourism and Recreation Commission; transferring certain duties to the Commission; authorizing the Commission to appoint Executive Director. Effective date.		
SB1344	house	1691501	2026-04-29	third reading	68	22		B	4	Prescription drugs; creating the Insulin Access and Affordability Program; requiring certain financial support and agreement. Effective date. Emergency.	Prescription drugs; creating the Insulin Access and Affordability Program; requiring certain financial support and agreement. Effective date. Emergency.		
SB1365	house	1690560	2026-04-28	third reading	43	42		B	4	Central Purchasing Act; exempting certain purchases made by the Oklahoma Tourism and Recreation Department.	Central Purchasing Act; exempting certain purchases made by the Oklahoma Tourism and Recreation Department.		
SB137	house	1690364	2026-04-28	third reading	72	18		B	4	Department of Corrections; modifying elements of the Electronic Monitoring Program. Effective date.	Department of Corrections; modifying elements of the Electronic Monitoring Program. Effective date.		
SB139	house	1606947	2025-04-29	third reading	51	39		B	4	Schools; requiring school district boards of education to adopt certain cell phone policy.	Schools; requiring school district boards of education to adopt certain cell phone policy.		
SB1443	house	1693704	2026-05-05	third reading	68	17		B	4	Health benefit plans; requiring certain health benefit plans to consider certain factors when determining payments for services. Effective date.	Health benefit plans; requiring certain health benefit plans to consider certain factors when determining payments for services. Effective date.		
SB1509	house	1692994	2026-05-04	third reading	61	28		B	4	Groundwater use; modifying provisions related to spacing of wells. Effective date.	Groundwater use; modifying provisions related to spacing of wells. Effective date.		
SB1525	house	1691114	2026-04-28	third reading	58	28		B	4	Tourism; allowing the Oklahoma Tourism and Recreation Department to enter into certain contracts and agreements; establishing certain conditions for contracts and agreements. Emergency.	Tourism; allowing the Oklahoma Tourism and Recreation Department to enter into certain contracts and agreements; establishing certain conditions for contracts and agreements. Emergency.		
SB1530	house	1680764	2026-04-13	third reading	58	27		B	4	State government; Oklahoma Research and Development Rebate Fund; authorizing increase in certain rebate amount under specified condition; imposing certain duties on the Oklahoma Department of Commerce. Effective date.	State government; Oklahoma Research and Development Rebate Fund; authorizing increase in certain rebate amount under specified condition; imposing certain duties on the Oklahoma Department of Commerce. Effective date.		
SB1589	house	1698224	2026-05-14	veto override without emergency	68	19	1693003	B	4	Crimes and punishments; modifying scope of certain offense related to gambling. Effective date.	Crimes and punishments; modifying scope of certain offense related to gambling. Effective date.		
SB1618	house	1693121	2026-05-04	third reading	62	23		B	4	Criminal procedure; creating the Public Protection Act; conditions of release; public safety reports. Effective date.	Criminal procedure; creating the Public Protection Act; conditions of release; public safety reports. Effective date.		
SB1732	house	1695140	2026-05-06	third reading	52	35		B	4	Professional licensing fees; establishing license fees. Effective date.	Professional licensing fees; establishing license fees. Effective date.		
SB176	house	1608572	2025-05-22	fourth reading	65	25	1608570	B	4	Health benefit plans; requiring coverage for certain prescription. Effective date.	Health benefit plans; requiring coverage for certain prescription. Effective date.		
SB1826	house	1691732	2026-04-29	third reading	55	30		B	4	Oklahoma Local Development and Enterprise Zone Incentive Leverage Act; omitting sunset date. Effective date.	Oklahoma Local Development and Enterprise Zone Incentive Leverage Act; omitting sunset date. Effective date.		
SB1827	house	1695151	2026-05-06	third reading	71	19		B	4	Governmental Tort Claims Act; modifying definitions. Effective date.	Governmental Tort Claims Act; modifying definitions. Effective date.		
SB1833	house	1691377	2026-04-29	third reading	62	17		B	4	Supplemental Nutrition Assistance Program; directing the Department of Human Services to seek certain federal waiver. Effective date.	Supplemental Nutrition Assistance Program; directing the Department of Human Services to seek certain federal waiver. Effective date.		
SB1916	house	1694718	2026-05-06	third reading	52	33		B	4	Insurance Department; creating certain division within the Insurance Department; establishing powers for certain conservator; allowing contacts. Effective date.	Insurance Department; creating certain division within the Insurance Department; establishing powers for certain conservator; allowing contacts. Effective date.		
SB1946	house	1695016	2026-05-06	third reading	52	34		B	4	Alcoholic beverages; decreasing alcohol license fee; allowing sale of certain sample spirits at certain events; removing certain production limits for distilleries. Effective date.	Alcoholic beverages; decreasing alcohol license fee; allowing sale of certain sample spirits at certain events; removing certain production limits for distilleries. Effective date.		
SB1992	house	1681099	2026-04-13	third reading	65	24		B	4	"Income tax credit; defining ""strategic finance partner."" Effective date."	"Income tax credit; defining ""strategic finance partner."" Effective date."		
SB2060	house	1681942	2026-04-14	third reading	54	40		B	4	Improvement districts; master development districts; requirements and procedures; bonds. Effective date.	Improvement districts; master development districts; requirements and procedures; bonds. Effective date.		
SB2084	house	1695078	2026-05-06	third reading	70	21		B	4	Governmental Tort Claims Act; limiting settlement awards for wrongful termination claims; providing for inclusion of certain damages. Effective date.	Governmental Tort Claims Act; limiting settlement awards for wrongful termination claims; providing for inclusion of certain damages. Effective date.		
SB209	house	1604650	2025-05-22	fourth reading	51	30	1604648	B	4	Economic development; creating the Taiwan Regional Trade Office; stating duties and responsibilities.	Economic development; creating the Taiwan Regional Trade Office; stating duties and responsibilities.		
SB2095	house	1693938	2026-05-05	third reading	68	20		B	4	Game and fish; prohibiting taking of game for compensation without certain licenses. Effective date.	Game and fish; prohibiting taking of game for compensation without certain licenses. Effective date.		
SB212	house	1605886	2025-05-22	fourth reading	51	29	1605884	B	4	Teacher preparation; directing the Commission for Educational Quality and Accountability to establish TeachForwardOK.	Teacher preparation; directing the Commission for Educational Quality and Accountability to establish TeachForwardOK.		
SB2134	house	1686502	2026-04-21	third reading	71	20		B	4	Agriculture; providing for the State Board of Agriculture to promulgate rules; requiring wreckers to take certain action in certain circumstance. Effective date.	Agriculture; providing for the State Board of Agriculture to promulgate rules; requiring wreckers to take certain action in certain circumstance. Effective date.		
SB249	house	1605468	2025-04-29	third reading	59	26		B	4	Oklahoma Tourism Development Act; increasing cumulative inducement per year. Effective date.	Oklahoma Tourism Development Act; increasing cumulative inducement per year. Effective date.		
SB250	house	1606105	2025-05-05	third reading	74	19		B	4	Oklahoma Minimum Wage Act; allowing for alternative computation for wage under certain circumstances. Effective date.	Oklahoma Minimum Wage Act; allowing for alternative computation for wage under certain circumstances. Effective date.		
SB287	house	1607954	2025-05-22	fourth reading	60	17	1607952	B	4	Income tax; modifying tax years for aerospace tax credit. Effective date.	Income tax; modifying tax years for aerospace tax credit. Effective date.		
SB364	house	1606574	2025-04-30	third reading	63	25		B	4	Schools; prohibiting use of corporal punishment on any student identified with a disability.	Schools; prohibiting use of corporal punishment on any student identified with a disability.		
SB44	house	1692877	2026-05-04	third reading	62	26		B	4	Sales tax; extending sales tax exemption to contractors in connection to performance of a contract with a tax exempt entity. Effective date.	Sales tax; extending sales tax exemption to contractors in connection to performance of a contract with a tax exempt entity. Effective date.		
SB453	house	1608078	2025-05-22	fourth reading	61	19	1608076	B	4	Civil actions; creating the Oklahoma Expedited Actions Act; providing for application of expedited actions process. Effective date.	Civil actions; creating the Oklahoma Expedited Actions Act; providing for application of expedited actions process. Effective date.		
SB460	house	1604843	2025-04-23	third reading	70	19		B	4	Natural gas; modifying natural gas energy standard. Effective date. Emergency.	Natural gas; modifying natural gas energy standard. Effective date. Emergency.		
SB490	house	1604518	2025-04-28	third reading	69	19		B	4	Student Athlete Name, Image, and Likeness Rights Act; modifying terms and requirements for certain agreements between student athletes and postsecondary institutions or authorized third parties. Emergency.	Student Athlete Name, Image, and Likeness Rights Act; modifying terms and requirements for certain agreements between student athletes and postsecondary institutions or authorized third parties. Emergency.		
SB504	house	1695006	2026-05-06	third reading	51	36		B	4	Marriage; imposing age restriction on eligibility to marry; removing exceptions. Effective date.	Marriage; imposing age restriction on eligibility to marry; removing exceptions. Effective date.		
SB575	house	1608760	2025-05-06	third reading	66	24		B	4	Oklahoma Local Development and Enterprise Zone Leverage Act; prescribing reporting requirements. Effective date.	Oklahoma Local Development and Enterprise Zone Leverage Act; prescribing reporting requirements. Effective date.		
SB578	house	1604701	2025-04-28	third reading	56	34		B	4	Oklahoma Quality Events Incentive Act; extending date of effectiveness of act.	Oklahoma Quality Events Incentive Act; extending date of effectiveness of act.		
SB586	house	1606487	2025-04-30	third reading	51	40		B	4	Oklahoma Quality Jobs Program Act; modifying definition to establish certain relationship between employer and leased or contracted employee. Effective date.	Oklahoma Quality Jobs Program Act; modifying definition to establish certain relationship between employer and leased or contracted employee. Effective date.		
SB59	house	1605780	2025-05-22	fourth reading	51	34	1605778	B	4	Sales tax; providing exemption for certain organization providing clothing or supplies to certain students. Effective date.	Sales tax; providing exemption for certain organization providing clothing or supplies to certain students. Effective date.		
SB631	house	1605860	2025-05-29	veto override without emergency	68	17	1605858	B	4	Crimes and punishments; expanding scope of acts that require service of minimum percentage of sentence. Effective date.	Crimes and punishments; expanding scope of acts that require service of minimum percentage of sentence. Effective date.		
SB641	house	1608559	2025-05-08	third reading	58	32		B	4	Motor vehicle repair; creating the Oklahoma Motor Vehicle Consumer Protection Act; establishing certain hourly market rate for labor. Effective date.	Motor vehicle repair; creating the Oklahoma Motor Vehicle Consumer Protection Act; establishing certain hourly market rate for labor. Effective date.		
SB658	house	1608868	2025-05-06	third reading	68	19		B	4	Oklahoma Children's Code; prohibiting certain actions by the Department of Human Services in relation to adoptive and foster parents. Effective date.	Oklahoma Children's Code; prohibiting certain actions by the Department of Human Services in relation to adoptive and foster parents. Effective date.		
SB662	house	1607632	2025-05-06	third reading	67	20		B	4	Workforce development; authorizing the Oklahoma Workforce Commission to implement certain programs. Effective date.	Workforce development; authorizing the Oklahoma Workforce Commission to implement certain programs. Effective date.		
SB663	house	1607706	2025-05-06	third reading	63	23		B	4	Workforce Coordination Revolving Fund; transferring power of fund to the Oklahoma Workforce Commission. Emergency.	Workforce Coordination Revolving Fund; transferring power of fund to the Oklahoma Workforce Commission. Emergency.		
SB674	house	1605688	2025-05-06	third reading	61	20		B	4	Charter schools; Charter Schools Incentive Fund; renaming; state funding; calculation; payments.	Charter schools; Charter Schools Incentive Fund; renaming; state funding; calculation; payments.		
SB680	house	1669430	2026-03-24	third reading	52	38		B	4	Tobacco products; modifying definition; providing exemption. Effective date.	Tobacco products; modifying definition; providing exemption. Effective date.		
SB684	house	1604764	2025-05-21	fourth reading	68	23	1604762	B	4	Income tax credit; relating to the Oklahoma Parental Choice Tax Credit Act; modifying tax years for which certain annual credit limit is enforced; prescribing procedure for enforcement of annual limit. Effective date. Emergency.	Income tax credit; relating to the Oklahoma Parental Choice Tax Credit Act; modifying tax years for which certain annual credit limit is enforced; prescribing procedure for enforcement of annual limit. Effective date. Emergency.		
SB688	house	1608221	2025-05-08	third reading	69	22		B	4	Ad valorem tax; providing exception to certain payroll requirements for manufacturing exemption. Emergency.	Ad valorem tax; providing exception to certain payroll requirements for manufacturing exemption. Emergency.		
SB701	house	1604597	2025-05-06	third reading	51	43		B	4	Higher education; authorizing the approval of functional exceptions; expanding classes and programs offered to the people of Muskogee. Effective date.	Higher education; authorizing the approval of functional exceptions; expanding classes and programs offered to the people of Muskogee. Effective date.		
SB713	house	1605179	2025-05-30	veto override without emergency	68	17	1605176	B	4	Wind energy facilities; requiring newly-established facilities to apply for certain technology system by certain date; providing for certain cost recovery. Effective date.	Wind energy facilities; requiring newly-established facilities to apply for certain technology system by certain date; providing for certain cost recovery. Effective date.		
SB743	house	1606789	2025-05-06	third reading	73	21		B	4	Criminal disturbance; specifying range of punishment for certain offenses; modifying elements of certain offense. Emergency.	Criminal disturbance; specifying range of punishment for certain offenses; modifying elements of certain offense. Emergency.		
SB758	house	1608099	2025-04-29	third reading	53	32		B	4	Schools; providing conditions under which virtual instruction may count toward certain required instructional hours or days.	Schools; providing conditions under which virtual instruction may count toward certain required instructional hours or days.		
SB889	house	1605300	2025-05-07	third reading	51	38		B	4	Hospitals; requiring hospitals to make public certain file and list; authorizing compliance monitoring and enforcement; prohibiting certain collection actions. Effective date.	Hospitals; requiring hospitals to make public certain file and list; authorizing compliance monitoring and enforcement; prohibiting certain collection actions. Effective date.		
SB942	house	1606425	2025-04-30	third reading	56	29		B	4	Education; prohibiting certain discrimination on certain basis against students or employees.	Education; prohibiting certain discrimination on certain basis against students or employees.		
SB987	house	1607747	2025-05-05	third reading	62	30		B	4	Oklahoma Department of Commerce; creating the Oklahoma Department of Commerce Board; providing for qualifications for Board members. Effective date.	Oklahoma Department of Commerce; creating the Oklahoma Department of Commerce Board; providing for qualifications for Board members. Effective date.		
SB991	house	1608374	2025-04-30	third reading	62	24		B	4	Discrimination; adopting certain definition of anti-Semitism; stating purposes for use of certain definition.	Discrimination; adopting certain definition of anti-Semitism; stating purposes for use of certain definition.		
SB998	house	1608521	2025-05-06	third reading	51	39		B	4	Public utilities; cost of transmission upgrades; modifying application process for construction of certain facilities; establishing cost recovery provisions.	Public utilities; cost of transmission upgrades; modifying application process for construction of certain facilities; establishing cost recovery provisions.		
HB1017	senate	1606645	2025-04-29	third reading	32	13		B	4	Higher education; Oklahoma College Athletic Conference Act; Oklahoma NCAA Division II Athletic Conference Exploration Commission; emergency.	Higher education; Oklahoma College Athletic Conference Act; Oklahoma NCAA Division II Athletic Conference Exploration Commission; emergency.		
HB1034	senate	1607911	2025-05-07	third reading	32	8		B	4	Sunset; Archives and Records Commission; extending sunset year.	Sunset; Archives and Records Commission; extending sunset year.		
HB1062	senate	1608331	2025-04-28	third reading	25	17		B	4	Alcoholic beverages; employee license; age; restrictions; effective date.	Alcoholic beverages; employee license; age; restrictions; effective date.		
HB1087	senate	1606355	2025-05-28	fourth reading	35	12	1606354	B	4	Education; length of school year; extending amount of classroom instruction time; minimum salary schedule; adding years of experience to minimum salary amounts; effective date; emergency.	Education; length of school year; extending amount of classroom instruction time; minimum salary schedule; adding years of experience to minimum salary amounts; effective date; emergency.		
HB1168	senate	1692107	2026-04-30	third reading	37	10		B	4	Abortion-inducing drugs; terms; trafficking; felony; exceptions; effective date.	Abortion-inducing drugs; terms; trafficking; felony; exceptions; effective date.		
HB1178	senate	1608000	2025-05-29	veto override no emergency	35	9	1607999	B	4	Service animals; making certain acts unlawful; penalties; effective date.	Service animals; making certain acts unlawful; penalties; effective date.		
HB1187	senate	1605618	2025-04-28	third reading	35	9		B	4	Oklahoma Employees Insurance and Benefits Act; opt-out option; removing group insurance; effective date.	Oklahoma Employees Insurance and Benefits Act; opt-out option; removing group insurance; effective date.		
HB1287	senate	1606684	2025-05-28	fourth reading	28	18	1606683	B	4	Schools; authorizing the Board of Regents of the University of Oklahoma to create a math tutoring pilot program for certain students; effective date; emergency.	Schools; authorizing the Board of Regents of the University of Oklahoma to create a math tutoring pilot program for certain students; effective date; emergency.		
HB1356	senate	1606915	2025-05-29	veto override no emergency	32	11	1606913	B	4	Agriculture; livestock gates; requiring gates to be closed at all times; exceptions; penalties; rules; codification; effective date.	Agriculture; livestock gates; requiring gates to be closed at all times; exceptions; penalties; rules; codification; effective date.		
HB1392	senate	1607292	2025-04-28	third reading	28	14		B	4	Counties and county officers; county treasurer fee; effective date.	Counties and county officers; county treasurer fee; effective date.		
HB1409	senate	1664729	2026-03-17	third reading	32	10		B	4	Open meetings; Oklahoma Open Meeting Act; email distribution systems; effective date.	Open meetings; Oklahoma Open Meeting Act; email distribution systems; effective date.		
HB1427	senate	1605207	2025-05-07	third reading	17	25		B	4	Tax credit; expanding forms of taxation for which a credit is allowed; clean-burning vehicle fuel; hydrogen fuel cells; effective date.	Tax credit; expanding forms of taxation for which a credit is allowed; clean-burning vehicle fuel; hydrogen fuel cells; effective date.		
HB1543	senate	1605525	2025-05-29	veto override no emergency	32	13	1605524	B	4	Oklahoma Conservation Commission; expanding powers and duties of the Commission; effective date.	Oklahoma Conservation Commission; expanding powers and duties of the Commission; effective date.		
HB1575	senate	1604609	2025-05-06	third reading	32	13		B	4	Public assistance programs; directing certain feasibility study and request for information; requiring certain report.	Public assistance programs; directing certain feasibility study and request for information; requiring certain report.		
HB1576	senate	1605043	2025-05-29	veto override with emergency	36	9	1605040;1605041	B	4	Medicaid; terms; Oklahoma Health Care Authority; coverage; Medicaid; criteria; medical necessity; discretion; Chief Operating Officer; Health Information Portability and Accountability Act; scientific research; consent; research; opting-out; minors; promulgation of rules and regulations; waiver application; effective date; emergency.	Medicaid; terms; Oklahoma Health Care Authority; coverage; Medicaid; criteria; medical necessity; discretion; Chief Operating Officer; Health Information Portability and Accountability Act; scientific research; consent; research; opting-out; minors; promulgation of rules and regulations; waiver application; effective date; emergency.		
HB1646	senate	1607051	2025-04-30	third reading	34	11		B	4	Professions and occupations; real estate appraisers; educational requirements as specified by the Appraiser Qualifications Board of the Appraisal Foundation; effective date.	Professions and occupations; real estate appraisers; educational requirements as specified by the Appraiser Qualifications Board of the Appraisal Foundation; effective date.		
HB1663	senate	1605192	2025-05-05	third reading	33	12		B	4	Revenue and taxation; ad valorem tax; delinquent tax; sale procedures; online procedures; effective date.	Revenue and taxation; ad valorem tax; delinquent tax; sale procedures; online procedures; effective date.		
HB1675	senate	1691563	2026-04-29	third reading	30	16		B	4	Emergency management; defining terms; assessments and reviews; warning systems; drills; recreational campgrounds; emergency plans on file; effective date.	Emergency management; defining terms; assessments and reviews; warning systems; drills; recreational campgrounds; emergency plans on file; effective date.		
HB1727	senate	1605730	2025-05-28	fourth reading	35	10	1605729	B	4	Higher education; Oklahoma Higher Learning Access Program; eligibility for children of certain teachers; effective date; emergency.	Higher education; Oklahoma Higher Learning Access Program; eligibility for children of certain teachers; effective date; emergency.		
HB1819	senate	1608609	2025-05-29	veto override no emergency	33	11	1608608	B	4	Professions and occupations; optometry licenses; annual fees; effective date.	Professions and occupations; optometry licenses; annual fees; effective date.		
HB1833	senate	1608535	2025-05-05	third reading	29	16		B	4	Labor; creating the Rethinking Paying Subminimal Wage to Persons with Disabilities Task Force; purpose; membership; reporting; effective date.	Labor; creating the Rethinking Paying Subminimal Wage to Persons with Disabilities Task Force; purpose; membership; reporting; effective date.		
HB2011	senate	1605353	2025-05-08	third reading	33	11		B	4	Tax credits; Fighting Chance for Firefighters Act; income tax credit for certain unreimbursed medical costs incurred by firefighters; limitation; effective date.	Tax credits; Fighting Chance for Firefighters Act; income tax credit for certain unreimbursed medical costs incurred by firefighters; limitation; effective date.		
HB2036	senate	1607104	2025-05-07	third reading	36	11		B	4	Condemnation proceedings; establishing requirements for reimbursement of certain expenses; effective date.	Condemnation proceedings; establishing requirements for reimbursement of certain expenses; effective date.		
HB2049	senate	1605785	2025-04-30	third reading	33	11		B	4	Medicaid parity; coverage; mental health and substance use disorders; contract compliance; noncompliance reviews; Oklahoma Health Care Authority; complaints; publication of reports; effective date.	Medicaid parity; coverage; mental health and substance use disorders; contract compliance; noncompliance reviews; Oklahoma Health Care Authority; complaints; publication of reports; effective date.		
HB2105	senate	1604690	2025-05-06	third reading	35	9		B	4	Felony reclassification; modifying classifications for certain crimes; effective date.	Felony reclassification; modifying classifications for certain crimes; effective date.		
HB2110	senate	1604779	2025-05-06	third reading	31	14		B	4	Revenue and taxation; Bringing Sitcoms Home from Hollywood Pilot Program Act; short title; definitions; incentives; procedures; revolving fund; effective date.	Revenue and taxation; Bringing Sitcoms Home from Hollywood Pilot Program Act; short title; definitions; incentives; procedures; revolving fund; effective date.		
HB2131	senate	1605967	2025-05-29	veto override no emergency	32	13	1605966	B	4	Criminal procedure; procedures for advising grand juries; transcripts; hearings; witnesses; effective date.	Criminal procedure; procedures for advising grand juries; transcripts; hearings; witnesses; effective date.		
HB2153	senate	1691516	2026-04-29	third reading	35	12		B	4	Schools; school athletic association requirements; requirement that certain hearings be subject to certain act; effective date; emergency.	Schools; school athletic association requirements; requirement that certain hearings be subject to certain act; effective date; emergency.		
HB2167	senate	1605832	2025-05-29	veto override no emergency	35	10	1605831	B	4	Fees; publications; legal notices; fees; effective date.	Fees; publications; legal notices; fees; effective date.		
HB2260	senate	1605518	2025-05-29	veto override no emergency	34	11	1605515;1605516	B	4	Revenue and taxation; income tax credit; civil engineering; effective date.	Revenue and taxation; income tax credit; civil engineering; effective date.		
HB2261	senate	1608937	2025-04-30	third reading	34	10		B	4	Professions and occupations; licensing; social workers; compact; procedures; commission; effective date.	Professions and occupations; licensing; social workers; compact; procedures; commission; effective date.		
HB2268	senate	1691694	2026-04-29	third reading	34	9		B	4	Oklahoma Health Care Authority; making an appropriation; effective date; emergency.	Oklahoma Health Care Authority; making an appropriation; effective date; emergency.		
HB2286	senate	1605748	2025-05-05	third reading	25	20		B	4	Professions and occupations; Oklahoma Funeral Board appointment; creating assistant funeral director license; establishing requirements; creating procedures; establishing certain fees; effective date; emergency.	Professions and occupations; Oklahoma Funeral Board appointment; creating assistant funeral director license; establishing requirements; creating procedures; establishing certain fees; effective date; emergency.		
HB2298	senate	1605628	2025-05-30	veto override no emergency	32	14	1605625	B	4	Practice of nursing; providing for independent prescriptive authority of Advanced Practice Registered Nurses who meet certain requirements; modifying various provisions of the Oklahoma Pharmacy Act, the Oklahoma Nursing Practice Act, and the Uniform Controlled Dangerous Substances Act; effective date.	Practice of nursing; providing for independent prescriptive authority of Advanced Practice Registered Nurses who meet certain requirements; modifying various provisions of the Oklahoma Pharmacy Act, the Oklahoma Nursing Practice Act, and the Uniform Controlled Dangerous Substances Act; effective date.		
HB2374	senate	1606015	2025-05-29	veto override with emergency	36	9	1606014	B	4	Revenue and taxation; Filmed in Oklahoma Act of 2021; procedures for withholding tax; income tax treatment; set aside amount for economic impact reviews; effective date; emergency.	Revenue and taxation; Filmed in Oklahoma Act of 2021; procedures for withholding tax; income tax treatment; set aside amount for economic impact reviews; effective date; emergency.		
HB2398	senate	1683210	2026-04-15	third reading	36	9		B	4	Education; authorizing the State Regents for Higher Education and the Department of Career and Technology Education to designate a credential of value.	Education; authorizing the State Regents for Higher Education and the Department of Career and Technology Education to designate a credential of value.		
HB2516	senate	1607210	2025-05-22	fourth reading	30	12	1607209	B	4	Military infrastructure funding; creating the Base Infrastructure Needs and Development-Schools Revolving Fund; Military Department; budgeting; utilizations of funds; effective date; emergency.	Military infrastructure funding; creating the Base Infrastructure Needs and Development-Schools Revolving Fund; Military Department; budgeting; utilizations of funds; effective date; emergency.		
HB2584	senate	1607894	2025-05-30	veto override no emergency	33	13	1607891	B	4	Physicians assistants; Pharmacy Act; prescriptions for controlled dangerous substances; Physician Assistant Act; Committee; members; requirements; Public Health Code; authority for physician assistants to carry out certain functions; prescribing and administering controlled substances; supervision.	Physicians assistants; Pharmacy Act; prescriptions for controlled dangerous substances; Physician Assistant Act; Committee; members; requirements; Public Health Code; authority for physician assistants to carry out certain functions; prescribing and administering controlled substances; supervision.		
HB2673	senate	1608265	2025-05-08	third reading	28	18		B	4	State government; Oklahoma Museum of Popular Culture Supplemental Revolving Fund; modifying determined funds provided for expenditures; effective date.	State government; Oklahoma Museum of Popular Culture Supplemental Revolving Fund; modifying determined funds provided for expenditures; effective date.		
HB2744	senate	1608116	2025-05-05	third reading	33	13		B	4	Appropriations and budget; reappropriation; Department of Commerce; emergency.	Appropriations and budget; reappropriation; Department of Commerce; emergency.		
HB2746	senate	1604930	2025-04-30	third reading	32	14		B	4	Revenue and Taxation; Remote Quality Jobs Incentive Act; eligibility requirements for basic health benefits plans; effective date.	Revenue and Taxation; Remote Quality Jobs Incentive Act; eligibility requirements for basic health benefits plans; effective date.		
HB2749	senate	1693640	2026-05-04	third reading	34	10		B	4	Medicaid; directing establishment of certain nursing facility add-on rate under specified conditions; effective date; emergency.	Medicaid; directing establishment of certain nursing facility add-on rate under specified conditions; effective date; emergency.		
HB2762	senate	1607362	2025-05-07	third reading	26	17		B	4	International corporation agents; creating the International Corporation Agent Political Activity Oversight Act of 2025; effective date.	International corporation agents; creating the International Corporation Agent Political Activity Oversight Act of 2025; effective date.		
HB2764	senate	1606364	2025-05-22	third reading	34	11		B	4	Revenue and taxation; duties of the State Board of Equalization; certification of revenue amounts; income tax rate reduction; effective date.	Revenue and taxation; duties of the State Board of Equalization; certification of revenue amounts; income tax rate reduction; effective date.		
HB2765	senate	1606311	2025-05-22	third reading	35	11		B	4	State investing; Invest in Oklahoma Program; reassigning program; investments; rules renaming Cash Management and Investment Oversight Commission the Invest in Oklahoma Board; effective date.	State investing; Invest in Oklahoma Program; reassigning program; investments; rules renaming Cash Management and Investment Oversight Commission the Invest in Oklahoma Board; effective date.		
HB2766	senate	1605245	2025-05-22	third reading	27	19		B	4	General appropriations; various agencies, authorities, boards, bureaus, commission, funds and programs; effective date.	General appropriations; various agencies, authorities, boards, bureaus, commission, funds and programs; effective date.		
HB2768	senate	1607388	2025-05-22	third reading	31	15		B	4	Revenue and taxation; Oklahoma Quality Jobs Incentive Leverage Act; increasing certain limitation caps related to qualifying investment amounts.	Revenue and taxation; Oklahoma Quality Jobs Incentive Leverage Act; increasing certain limitation caps related to qualifying investment amounts.		
HB2769	senate	1607274	2025-05-29	veto override no emergency	32	14	1607273	B	4	Militia; Military Department; Adjutant General's duties; eligibility; authority; technology hardware or software; exempting federal programs; nonjudicial punishment; court-martial; creating National Guard CareerTech Assistance Program; creating revolving fund; effective date.	Militia; Military Department; Adjutant General's duties; eligibility; authority; technology hardware or software; exempting federal programs; nonjudicial punishment; court-martial; creating National Guard CareerTech Assistance Program; creating revolving fund; effective date.		
HB2770	senate	1604718	2025-05-22	third reading	29	16		B	4	Courts; judicial salaries; applicability; exceptions; modifying salary references; effective date; emergency.	Courts; judicial salaries; applicability; exceptions; modifying salary references; effective date; emergency.		
HB2771	senate	1606285	2025-05-22	third reading	34	10		B	4	Courts; special judges; increasing number in specific counties; effective date; emergency.	Courts; special judges; increasing number in specific counties; effective date; emergency.		
HB2773	senate	1607227	2025-05-22	third reading	34	10		B	4	Capitol Improvement Authority; allocation of funds from Legacy Capital Financing Funds; utilization of certain amount for the Oklahoma State University Veterinary Medicine Authority.	Capitol Improvement Authority; allocation of funds from Legacy Capital Financing Funds; utilization of certain amount for the Oklahoma State University Veterinary Medicine Authority.		
HB2774	senate	1606639	2025-05-22	third reading	34	10		B	4	Capitol Improvement Authority; allocation of funds from the Legacy Capital Financing Fund; utilizing certain amount for the University Hospitals Authority.	Capitol Improvement Authority; allocation of funds from the Legacy Capital Financing Fund; utilizing certain amount for the University Hospitals Authority.		
HB2776	senate	1606238	2025-05-22	third reading	31	13		B	4	Capitol Improvement Authority; utilization of Legacy Capital Fund authorizations by the Office of Management and Enterprise Services; increasing certain amount.	Capitol Improvement Authority; utilization of Legacy Capital Fund authorizations by the Office of Management and Enterprise Services; increasing certain amount.		
HB2778	senate	1606320	2025-05-29	veto override no emergency	36	9	1606319	B	4	Children; sunset; creating the Teacher Recrutiment and Retention Program; income exemption; child care subsidy program; notice to Department of Human Services; effective date.	Children; sunset; creating the Teacher Recrutiment and Retention Program; income exemption; child care subsidy program; notice to Department of Human Services; effective date.		
HB2781	senate	1604484	2025-05-22	third reading	36	9		B	4	Economic development; creating the Reindustrialize Oklahoma Act of 2025; investment rebate program; creating the ROA-25 Revolving Fund and the ROA-25 Beneficiary Revolving Fund.	Economic development; creating the Reindustrialize Oklahoma Act of 2025; investment rebate program; creating the ROA-25 Revolving Fund and the ROA-25 Beneficiary Revolving Fund.		
HB2782	senate	1605535	2025-05-22	third reading	31	14		B	4	Health Care Authority; Rate Preservation Fund; adding authorized uses of funds; authorization; requiring conditions for return of funds; emergency.	Health Care Authority; Rate Preservation Fund; adding authorized uses of funds; authorization; requiring conditions for return of funds; emergency.		
HB2784	senate	1605278	2025-05-22	third reading	31	13		B	4	Public health; Oklahoma State University Medical Authority; Medicaid supplemental payments; agreements and contract; benefits; waivers; creating the Emergency Medicine Revolving Fund; effective date.	Public health; Oklahoma State University Medical Authority; Medicaid supplemental payments; agreements and contract; benefits; waivers; creating the Emergency Medicine Revolving Fund; effective date.		
HB2786	senate	1643409	2026-02-24	third reading	38	10		B	4	Department of Mental Health and Substance Abuse Services; making an appropriation; source; amount; purpose; emergency.	Department of Mental Health and Substance Abuse Services; making an appropriation; source; amount; purpose; emergency.		
HB2790	senate	1607465	2025-05-22	third reading	36	9		B	4	Office of Juvenile Affairs; making an appropriation; accounts; deposits or transfers; procedures; reports; requiring appearance before certain joint committee; effective date; emergency.	Office of Juvenile Affairs; making an appropriation; accounts; deposits or transfers; procedures; reports; requiring appearance before certain joint committee; effective date; emergency.		
HB2791	senate	1604969	2025-05-22	third reading	31	14		B	4	Department of Human Services; making appropriations; source; amounts; creating certain special accounts; deposits or transfers; procedures; reports; requiring appearance before certain joint committee.	Department of Human Services; making appropriations; source; amounts; creating certain special accounts; deposits or transfers; procedures; reports; requiring appearance before certain joint committee.		
HB2792	senate	1606569	2025-05-22	third reading	35	9		B	4	Progressing Rural Economic Prosperity Fund; declaring the fund a continuing fund; source; reappropriation of funds; emergency.	Progressing Rural Economic Prosperity Fund; declaring the fund a continuing fund; source; reappropriation of funds; emergency.		
HB2793	senate	1606530	2025-05-22	third reading	31	12		B	4	Emergency Medicine Revolving Fund; making an appropriation; source; amount; effective date; emergency.	Emergency Medicine Revolving Fund; making an appropriation; source; amount; effective date; emergency.		
HB2794	senate	1604431	2025-05-22	third reading	25	20		B	4	Department of Commerce; making appropriations; sources; amounts; purposes.	Department of Commerce; making appropriations; sources; amounts; purposes.		
HB2797	senate	1607469	2025-05-22	third reading	35	10		B	4	Health Care Authority; prohibiting use of certain methodology; audits; fraud reporting; requiring joint collaboration between Department of Mental Health and Substance Abuse Services and Department of Human Services; duties; emergency.	Health Care Authority; prohibiting use of certain methodology; audits; fraud reporting; requiring joint collaboration between Department of Mental Health and Substance Abuse Services and Department of Human Services; duties; emergency.		
HB2804	senate	1604741	2025-04-30	third reading	33	10		B	4	Alcoholic beverages; prohibited acts of licensees; effective date.	Alcoholic beverages; prohibited acts of licensees; effective date.		
HB2837	senate	1608193	2025-05-05	third reading	31	14		B	4	Medical marijuana; requiring medical marijuana business employees to submit proof of completion of education training; effective date.	Medical marijuana; requiring medical marijuana business employees to submit proof of completion of education training; effective date.		
HB2894	senate	1690328	2026-04-28	third reading	34	10		B	4	Oklahoma Rural Jobs Act; cap on capital investment tax credits; authorizing and limiting additional participation in program under certain conditions.	Oklahoma Rural Jobs Act; cap on capital investment tax credits; authorizing and limiting additional participation in program under certain conditions.		
HB3000	senate	1691595	2026-04-29	third reading	25	19		B	4	Professions and occupations; State Board of Cosmetology and Barbering; licenses and fees; extending sunset; modifying certain membership qualification under certain condition; effective date; emergency.	Professions and occupations; State Board of Cosmetology and Barbering; licenses and fees; extending sunset; modifying certain membership qualification under certain condition; effective date; emergency.		
HB3005	senate	1685576	2026-04-20	third reading	36	10		B	4	State government; Oklahoma Climatological Survey; sunset; effective date; emergency.	State government; Oklahoma Climatological Survey; sunset; effective date; emergency.		
HB3016	senate	1688851	2026-04-23	third reading	34	10		B	4	Schools; Binocular Vision Screening Pilot Program; eye disorders; students in kindergarten, first, or third grades; State Department of Education; State Department of Health; comprehensive binocular vision screenings; Binocular Screening Revolving Fund; effective date; emergency.	Schools; Binocular Vision Screening Pilot Program; eye disorders; students in kindergarten, first, or third grades; State Department of Education; State Department of Health; comprehensive binocular vision screenings; Binocular Screening Revolving Fund; effective date; emergency.		
HB3151	senate	1690007	2026-04-27	third reading	30	17		B	4	Schools; length of school year; increasing minimum days of instruction; requiring parent-teacher conferences to have an in-person option; contingent effective date.	Schools; length of school year; increasing minimum days of instruction; requiring parent-teacher conferences to have an in-person option; contingent effective date.		
HB3320	senate	1691459	2026-04-29	third reading	33	13		B	5	Sunsets; removing sunsets from certain agencies, boards, and commissions; repealing the Oklahoma Sunset Act; repealers; emergency.	Sunsets; removing sunsets from certain agencies, boards, and commissions; repealing the Oklahoma Sunset Act; repealers; emergency.		
HB3467	senate	1691843	2026-04-29	third reading	36	10		B	4	Education employees; maternity leave; adoption; purpose; effective date; emergency.	Education employees; maternity leave; adoption; purpose; effective date; emergency.		
HB3590	senate	1691513	2026-04-29	third reading	36	9		B	4	Revenue and taxation; Oklahoma Equal Opportunity Education Scholarship Act; eligibility; removing federal law reference; authorizing payment be made via secure electronic funds transfer; effective date.	Revenue and taxation; Oklahoma Equal Opportunity Education Scholarship Act; eligibility; removing federal law reference; authorizing payment be made via secure electronic funds transfer; effective date.		
HB3622	senate	1688932	2026-04-23	third reading	32	11		B	4	2030 Census; creating the U.S. Decennial Census Revolving Fund; establishing fund at Commerce; deeming funds appropriated; requirements and limitations; effective date.	2030 Census; creating the U.S. Decennial Census Revolving Fund; establishing fund at Commerce; deeming funds appropriated; requirements and limitations; effective date.		
HB3644	senate	1690366	2026-04-28	third reading	36	11		B	4	Venous thromboembolism; creating the Blake Burgess Act; requiring certain hospital policies and training; establishing certain registry and reporting requirements; imposing certain requirements on assisted living centers; effective date; emergency.	Venous thromboembolism; creating the Blake Burgess Act; requiring certain hospital policies and training; establishing certain registry and reporting requirements; imposing certain requirements on assisted living centers; effective date; emergency.		
HB3649	senate	1687874	2026-04-22	third reading	37	10		B	4	Real property; Department of Mental Health and Substance Abuse Services; trust; proceeds of sales; Department of Mental Health and Substance Abuse Services Real Property Trust; permissible use of proceeds; descriptions of tracts of land; effective date.	Real property; Department of Mental Health and Substance Abuse Services; trust; proceeds of sales; Department of Mental Health and Substance Abuse Services Real Property Trust; permissible use of proceeds; descriptions of tracts of land; effective date.		
HB3661	senate	1693608	2026-05-05	third reading	34	13		B	4	Revenue and taxation; sales tax; exemptions; commercial forestry equipment; effective date.	Revenue and taxation; sales tax; exemptions; commercial forestry equipment; effective date.		
HB3718	senate	1694131	2026-05-05	third reading	33	13		B	4	Special education; Lindsey Nicole Henry Scholarships for Students with Disabilities Program; requiring certain meeting in certain time period; evaluations; exceptions; eligibility; calculation of scholarship; effective date.	Special education; Lindsey Nicole Henry Scholarships for Students with Disabilities Program; requiring certain meeting in certain time period; evaluations; exceptions; eligibility; calculation of scholarship; effective date.		
HB3800	senate	1693070	2026-05-04	third reading	36	11		B	4	Roofing contractors; Roofing Contractor Registration Act; definitions; violations; fees; fines; application; repealer; effective date.	Roofing contractors; Roofing Contractor Registration Act; definitions; violations; fees; fines; application; repealer; effective date.		
HB3831	senate	1687684	2026-04-22	third reading	37	10		B	4	Emergency management Services; recognizing Oklahoma Task Force 1 as the official deployment asset team; creating the Oklahoma Task Force 1 Revolving Fund; source; purpose; restrictions; codification; effective date.	Emergency management Services; recognizing Oklahoma Task Force 1 as the official deployment asset team; creating the Oklahoma Task Force 1 Revolving Fund; source; purpose; restrictions; codification; effective date.		
HB3834	senate	1691781	2026-04-29	third reading	33	9		B	4	Ibogaine clinical trials; Oklahoma Breakthrough Therapy Act; terms; requirements for drug developers; contractual terms; intellectual property rights; reports; intellectual property account; effective date.	Ibogaine clinical trials; Oklahoma Breakthrough Therapy Act; terms; requirements for drug developers; contractual terms; intellectual property rights; reports; intellectual property account; effective date.		
HB3880	senate	1693725	2026-05-05	third reading	32	14		B	4	Tourism; commissions from tourism magazine and digital prints; additional employee compensation; effective date.	Tourism; commissions from tourism magazine and digital prints; additional employee compensation; effective date.		
HB3940	senate	1691821	2026-04-29	third reading	28	17		B	4	Oklahoma National Guard; requiring certain compensation to be provided by the Oklahoma National Guard Supplemental Retention Pay Revolving Fund; effective date.	Oklahoma National Guard; requiring certain compensation to be provided by the Oklahoma National Guard Supplemental Retention Pay Revolving Fund; effective date.		
HB3979	senate	1691703	2026-04-29	third reading	32	12		B	4	Public finance; Oklahoma Economic Development Pooled Finance Act; Infrastructure Pool; Economic Development Pool; caps; effective date; emergency.	Public finance; Oklahoma Economic Development Pooled Finance Act; Infrastructure Pool; Economic Development Pool; caps; effective date; emergency.		
HB3980	senate	1690255	2026-04-27	third reading	28	19		B	4	District Attorneys Council; Rural District Attorney Loan Repayment Assistance Program; Rural District Attorney Loan Repayment Assistance Program Revolving Fund; codification; effective date.	District Attorneys Council; Rural District Attorney Loan Repayment Assistance Program; Rural District Attorney Loan Repayment Assistance Program Revolving Fund; codification; effective date.		
HB3981	senate	1689923	2026-04-27	third reading	26	22		B	4	District Attorneys Council; District Attorney Locality Incentive Program; District Attorney Locality Incentive Program Revolving Fund; codification; effective date.	District Attorneys Council; District Attorney Locality Incentive Program; District Attorney Locality Incentive Program Revolving Fund; codification; effective date.		
HB3985	senate	1691905	2026-04-29	third reading	30	16		B	4	Property; Oklahoma Safe Neighborhoods Act of 2026; requiring compensation for certain property damage; claims; effective date.	Property; Oklahoma Safe Neighborhoods Act of 2026; requiring compensation for certain property damage; claims; effective date.		
HB4028	senate	1689931	2026-04-27	third reading	26	20		B	4	Revenue and taxation; certain income tax deduction; taxable years for which deductible allowable; effective date.	Revenue and taxation; certain income tax deduction; taxable years for which deductible allowable; effective date.		
HB4036	senate	1684185	2026-04-16	third reading	30	15		B	4	Bringing Sitcoms Home from Hollywood Pilot Program Revolving Fund; making an appropriation; source; purpose; noncodification.	Bringing Sitcoms Home from Hollywood Pilot Program Revolving Fund; making an appropriation; source; purpose; noncodification.		
HB4038	senate	1684256	2026-04-16	third reading	28	17		B	4	Transportation; requiring portions of funds be used for certain purposes; limitations; lapse of funds; making an appropriation; effective date; emergency.	Transportation; requiring portions of funds be used for certain purposes; limitations; lapse of funds; making an appropriation; effective date; emergency.		
HB4042	senate	1684353	2026-04-16	third reading	35	9		B	4	Department of Commerce; appropriating certain funds for certain purpose; effective date; emergency.	Department of Commerce; appropriating certain funds for certain purpose; effective date; emergency.		
HB4047	senate	1684247	2026-04-16	third reading	30	16		B	4	Department of Commerce; making appropriations; sources; purposes; effective date; emergency.	Department of Commerce; making appropriations; sources; purposes; effective date; emergency.		
HB4048	senate	1684026	2026-04-16	third reading	36	10		B	4	Department of Transportation; making appropriations; sources of funds; purposes; effective date; emergency.	Department of Transportation; making appropriations; sources of funds; purposes; effective date; emergency.		
HB4052	senate	1684244	2026-04-16	third reading	30	14		B	4	Capitol Improvement Authority; allocation of funds from the Legacy Capital Financing Fund; utilization; Service Oklahoma; recapitalization payments; distributions; codification.	Capitol Improvement Authority; allocation of funds from the Legacy Capital Financing Fund; utilization; Service Oklahoma; recapitalization payments; distributions; codification.		
HB4053	senate	1684292	2026-04-16	third reading	30	15		B	4	Capitol Improvement Authority; allocation of funds from the Legacy Capital Financing Fund; utilization; University of Oklahoma; recapitalization payments; distributions; limiting conditions; codification.	Capitol Improvement Authority; allocation of funds from the Legacy Capital Financing Fund; utilization; University of Oklahoma; recapitalization payments; distributions; limiting conditions; codification.		
HB4054	senate	1684542	2026-04-16	third reading	34	11		B	4	Capitol Improvement Authority; allocation of funds from the Legacy Capital Financing Fund; utilization; Oklahoma State University; recapitalization payments; distributions; limiting conditions; codification.	Capitol Improvement Authority; allocation of funds from the Legacy Capital Financing Fund; utilization; Oklahoma State University; recapitalization payments; distributions; limiting conditions; codification.		
HB4071	senate	1684205	2026-04-16	third reading	25	19		B	4	Investment accounts; creating the Oklahoma Dream Accounts Investment Program Act; creating the Oklahoma Dream Account Investment Program; contributions.	Investment accounts; creating the Oklahoma Dream Accounts Investment Program Act; creating the Oklahoma Dream Account Investment Program; contributions.		
HB4072	senate	1684290	2026-04-16	third reading	28	18		B	4	Public Finance; creating the Taxpayer Endowment Trust Fund Act; creating the Taxpayer Endowment Trust Fund; effective date; emergency.	Public Finance; creating the Taxpayer Endowment Trust Fund Act; creating the Taxpayer Endowment Trust Fund; effective date; emergency.		
HB4074	senate	1689950	2026-04-27	third reading	38	10		B	4	Health Care Workforce Training Commission; identifying funds appropriated; Health Care Workforce Revolving Fund; authorizing transfer and allocate between funds as needed for certain purposes; emergency.	Health Care Workforce Training Commission; identifying funds appropriated; Health Care Workforce Revolving Fund; authorizing transfer and allocate between funds as needed for certain purposes; emergency.		
HB4076	senate	1690113	2026-04-27	third reading	36	12		B	4	Department of Commerce; making an appropriation to the Pandemic Relief Primary Source Revolving Fund; utilization of funds; emergency.	Department of Commerce; making an appropriation to the Pandemic Relief Primary Source Revolving Fund; utilization of funds; emergency.		
HB4078	senate	1690241	2026-04-27	third reading	35	11		B	4	Administration; making appropriations; sources of funds; destination of funds; purposes; emergency.	Administration; making appropriations; sources of funds; destination of funds; purposes; emergency.		
HB4143	senate	1693697	2026-05-05	third reading	32	16		B	4	Motor vehicles; modifying damage amount requiring a written report of collision; effective date.	Motor vehicles; modifying damage amount requiring a written report of collision; effective date.		
HB4191	senate	1693637	2026-05-05	third reading	25	21		B	4	Revenue and taxation; Small Employer Quality Jobs Act; definitions; eligibility criteria; effective date.	Revenue and taxation; Small Employer Quality Jobs Act; definitions; eligibility criteria; effective date.		
HB4426	senate	1691915	2026-04-29	third reading	28	14		B	4	Revenue and taxation; income tax; income tax credit for qualified economic development expenditures; effective date.	Revenue and taxation; income tax; income tax credit for qualified economic development expenditures; effective date.		
HB4432	senate	1698233	2026-05-14	veto override no emergency	35	10	1690292	B	4	Revenue and taxation; adjustments; eliminating limitation on itemization of wagering losses for certain tax years; effective date.	Revenue and taxation; adjustments; eliminating limitation on itemization of wagering losses for certain tax years; effective date.		
HJR1088	senate	1698046	2026-05-14	third reading	35	10		JR	4	Joint Resolution; education state agencies; approving certain proposed permanent rules; directing distribution.	Joint Resolution; education state agencies; approving certain proposed permanent rules; directing distribution.		
HJR1090	senate	1698050	2026-05-14	third reading	29	16		JR	4	Joint Resolution; energy and agricultural state agencies; approving certain proposed permanent rules; directing distribution.	Joint Resolution; energy and agricultural state agencies; approving certain proposed permanent rules; directing distribution.		
HJR1091	senate	1698054	2026-05-14	third reading	30	16		JR	4	Joint Resolution; business and commerce state agencies; approving certain proposed permanent rules; disapproving in part certain proposed rule of the New Motor Vehicle Commission; excluding certain proposed rules; directing distribution.	Joint Resolution; business and commerce state agencies; approving certain proposed permanent rules; disapproving in part certain proposed rule of the New Motor Vehicle Commission; excluding certain proposed rules; directing distribution.		
HJR1092	senate	1698063	2026-05-14	third reading	37	10		JR	4	Joint Resolution; Oklahoma Uniform Building Code Commission; approving certain proposed permanent rule changes; directing distribution.	Joint Resolution; Oklahoma Uniform Building Code Commission; approving certain proposed permanent rule changes; directing distribution.		
HJR1093	senate	1698061	2026-05-14	third reading	31	16		JR	4	Joint Resolution; state health-related agencies; approving certain proposed permanent rules; excluding certain rules; directing distribution.	Joint Resolution; state health-related agencies; approving certain proposed permanent rules; excluding certain rules; directing distribution.		
HJR1095	senate	1698081	2026-05-14	third reading	34	11		JR	4	Joint Resolution; general government state agencies; approving certain proposed permanent rules; excluding certain Office of Management and Enterprise Services proposed major rule changes; directing distribution.	Joint Resolution; general government state agencies; approving certain proposed permanent rules; excluding certain Office of Management and Enterprise Services proposed major rule changes; directing distribution.		
HJR1099	senate	1698059	2026-05-14	third reading	32	15		JR	4	Joint Resolution; Oklahoma Health Care Authority; approving certain proposed permanent major rules; directing distribution.	Joint Resolution; Oklahoma Health Care Authority; approving certain proposed permanent major rules; directing distribution.		
HJR1100	senate	1698194	2026-05-14	third reading	31	15		JR	4	Joint Resolution; approving certain Office of Management and Enterprise Services proposed major rule changes; directing distribution.	Joint Resolution; approving certain Office of Management and Enterprise Services proposed major rule changes; directing distribution.		
SB1028	senate	1604509	2025-03-27	third reading	29	17		B	4	Notaries public; requiring certain national criminal history record check; increasing certain fees and bond requirements for commission. Effective date.	Notaries public; requiring certain national criminal history record check; increasing certain fees and bond requirements for commission. Effective date.		
SB1031	senate	1606730	2025-05-21	fourth reading	29	14	1606725	B	4	Alcoholic beverage licenses; grounds to deny license; excluding certain license from certain provision.	Alcoholic beverage licenses; grounds to deny license; excluding certain license from certain provision.		
SB1039	senate	1604624	2025-05-28	fourth reading	37	10		B	4	Medical marijuana license; modifying grounds for certain denials; notice; fees. Effective date.	Medical marijuana license; modifying grounds for certain denials; notice; fees. Effective date.		
SB105	senate	1608306	2025-05-13	fourth reading	32	9	1608300	B	4	Lindsey Nicole Henry Scholarships for Students with Disabilities Program; removing prior public school enrollment requirement; modifying eligibility requirements. Effective date. Emergency.	Lindsey Nicole Henry Scholarships for Students with Disabilities Program; removing prior public school enrollment requirement; modifying eligibility requirements. Effective date. Emergency.		
SB1067	senate	1604505	2025-05-21	fourth reading	32	13	1604502	B	4	Health insurance; ambulance service provider; providing for establishment of certain database; modifying reimbursement rates and criteria for certain ambulance services. Effective date.	Health insurance; ambulance service provider; providing for establishment of certain database; modifying reimbursement rates and criteria for certain ambulance services. Effective date.		
SB109	senate	1605410	2025-05-21	fourth reading	35	11	1605405	B	4	Health insurance; requiring coverage of certain genetic testing and cancer imaging; providing exclusions. Effective date.	Health insurance; requiring coverage of certain genetic testing and cancer imaging; providing exclusions. Effective date.		
SB111	senate	1604959	2025-03-12	third reading	33	12		B	4	Contractors; decreasing number of sewage disposal system installations for certain certification. Effective date.	Contractors; decreasing number of sewage disposal system installations for certain certification. Effective date.		
SB1122	senate	1655031	2026-03-05	third reading	28	19		B	4	Ad valorem tax; requiring the State Board of Equalization to assess certain broadband property.at certain radio Effective date.	Ad valorem tax; requiring the State Board of Equalization to assess certain broadband property.at certain radio Effective date.		
SB1126	senate	1607455	2025-05-20	third reading	31	15		B	4	Education; specifying apportionment of certain appropriated funds; providing for budgeting of funds in certain categories and amounts. Effective date. Emergency.	Education; specifying apportionment of certain appropriated funds; providing for budgeting of funds in certain categories and amounts. Effective date. Emergency.		
SB1129	senate	1605868	2025-05-20	third reading	30	13		B	4	Office of Educational Quality and Accountability; requiring certain funds be utilized for certain purpose; providing for distribution of grants. Effective date. Emergency.	Office of Educational Quality and Accountability; requiring certain funds be utilized for certain purpose; providing for distribution of grants. Effective date. Emergency.		
SB1130	senate	1686896	2026-04-21	third reading	34	11		B	4	University Hospitals Authority; making an appropriation; stating purpose. Effective date. Emergency.	University Hospitals Authority; making an appropriation; stating purpose. Effective date. Emergency.		
SB1133	senate	1686704	2026-04-21	third reading	34	10		B	4	Department of Mental Health and Substance Abuse Services; making an appropriation; stating purpose. Effective date. Emergency.	Department of Mental Health and Substance Abuse Services; making an appropriation; stating purpose. Effective date. Emergency.		
SB1134	senate	1686879	2026-04-21	third reading	33	11		B	4	Oklahoma State University Medical Authority; making an appropriation; stating purpose. Effective date. Emergency.	Oklahoma State University Medical Authority; making an appropriation; stating purpose. Effective date. Emergency.		
SB1136	senate	1607314	2025-05-20	third reading	31	14		B	4	Oklahoma Health Care Authority; requiring portions of certain appropriated funds be used for certain purposes; providing for duties and compensation of administrators and employees.	Oklahoma Health Care Authority; requiring portions of certain appropriated funds be used for certain purposes; providing for duties and compensation of administrators and employees.		
SB1137	senate	1606098	2025-05-20	third reading	35	11		B	4	Department of Human Services; requiring certain funds be utilized for certain purpose; appropriating certain federal funds for certain program. Effective date. Emergency.	Department of Human Services; requiring certain funds be utilized for certain purpose; appropriating certain federal funds for certain program. Effective date. Emergency.		
SB1140	senate	1608210	2025-05-20	third reading	34	12		B	4	Department of Mental Health and Substance Abuse Services; requiring portions of certain appropriated funds be used for certain purposes; authorizing request for early transfers of certain funds for specific purpose. Effective date. Emergency.	Department of Mental Health and Substance Abuse Services; requiring portions of certain appropriated funds be used for certain purposes; authorizing request for early transfers of certain funds for specific purpose. Effective date. Emergency.		
SB1141	senate	1605195	2025-05-20	third reading	33	13		B	4	State Department of Health; requiring portions of certain appropriated funds be used for certain purposes; stating purpose of certain disbursement; requiring use of certain date. Effective date. Emergency.	State Department of Health; requiring portions of certain appropriated funds be used for certain purposes; stating purpose of certain disbursement; requiring use of certain date. Effective date. Emergency.		
SB1142	senate	1686665	2026-04-21	third reading	34	10		B	4	Department of Human Services; making an appropriation; stating purpose. Effective date. Emergency.	Department of Human Services; making an appropriation; stating purpose. Effective date. Emergency.		
SB1148	senate	1682466	2026-04-14	third reading	38	10		B	4	Uniform Retirement System for Justices and Judges; authorizing benefit increase for certain retired members. Effective dates.	Uniform Retirement System for Justices and Judges; authorizing benefit increase for certain retired members. Effective dates.		
SB1150	senate	1605919	2025-05-20	third reading	30	16		B	4	Oklahoma Department of Aerospace and Aeronautics; making an appropriation; identifying source of funds. Effective date. Emergency.	Oklahoma Department of Aerospace and Aeronautics; making an appropriation; identifying source of funds. Effective date. Emergency.		
SB1151	senate	1606627	2025-05-20	third reading	28	16		B	4	Oklahoma Water Resources Board; making appropriations; identifying sources of funds. Effective date. Emergency.	Oklahoma Water Resources Board; making appropriations; identifying sources of funds. Effective date. Emergency.		
SB1152	senate	1608538	2025-05-20	third reading	31	14		B	4	State parks; Oklahoma State Park Trust fund; authorizing construction of new facility. Effective date. Emergency.	State parks; Oklahoma State Park Trust fund; authorizing construction of new facility. Effective date. Emergency.		
SB1153	senate	1608627	2025-05-20	third reading	35	9		B	4	Oklahoma Department of Agriculture, Food, and Forestry; requiring that portions of certain appropriated funds be used for certain purposes. Effective date. Emergency.	Oklahoma Department of Agriculture, Food, and Forestry; requiring that portions of certain appropriated funds be used for certain purposes. Effective date. Emergency.		
SB1155	senate	1606248	2025-05-20	third reading	29	15		B	4	Oklahoma Department of Commerce; requiring portions of certain appropriated funds be used for certain purposes. Effective date. Emergency.	Oklahoma Department of Commerce; requiring portions of certain appropriated funds be used for certain purposes. Effective date. Emergency.		
SB1161	senate	1682439	2026-04-14	third reading	33	13		B	4	Oklahoma Health Care Authority; general appropriations; modifying certain date; providing for duties and compensation of administrators and employees. Effective date. Emergency.	Oklahoma Health Care Authority; general appropriations; modifying certain date; providing for duties and compensation of administrators and employees. Effective date. Emergency.		
SB1162	senate	1682555	2026-04-14	third reading	33	13		B	4	State Department of Health; making an appropriation; stating purpose of certain disbursement. Effective date. Emergency.	State Department of Health; making an appropriation; stating purpose of certain disbursement. Effective date. Emergency.		
SB1163	senate	1682388	2026-04-14	third reading	32	12		B	4	Department of Human Services; making an appropriation; requiring that certain funds be utilized for certain purpose; requiring certain funding be maintained at certain levels. Effective date. Emergency.	Department of Human Services; making an appropriation; requiring that certain funds be utilized for certain purpose; requiring certain funding be maintained at certain levels. Effective date. Emergency.		
SB1177	senate	1678291	2026-04-07	third reading	28	17		B	4	General appropriations; making appropriations to multiple agencies. Effective date.	General appropriations; making appropriations to multiple agencies. Effective date.		
SB1178	senate	1608103	2025-05-20	third reading	29	16		B	4	Department of Mental Health and Substance Abuse Services; making an appropriation; identifying sources of funds. Emergency.	Department of Mental Health and Substance Abuse Services; making an appropriation; identifying sources of funds. Emergency.		
SB1180	senate	1607906	2025-05-20	third reading	32	12		B	4	Legislative Service Bureau; making appropriation; identifying source of funds. Effective date. Emergency.	Legislative Service Bureau; making appropriation; identifying source of funds. Effective date. Emergency.		
SB1181	senate	1607279	2025-05-20	third reading	25	19		B	4	Office of Management and Enterprise Services; making an appropriation; identifying source of funds.	Office of Management and Enterprise Services; making an appropriation; identifying source of funds.		
SB1327	senate	1659832	2026-03-11	third reading	27	12		B	4	Oklahoma Tourism and Recreation Commission; transferring certain duties to the Commission; authorizing the Commission to appoint Executive Director. Effective date.	Oklahoma Tourism and Recreation Commission; transferring certain duties to the Commission; authorizing the Commission to appoint Executive Director. Effective date.		
SB1344	senate	1669258	2026-03-24	third reading	32	13		B	4	Prescription drugs; creating the Insulin Access and Affordability Program; requiring certain financial support and agreement. Effective date. Emergency.	Prescription drugs; creating the Insulin Access and Affordability Program; requiring certain financial support and agreement. Effective date. Emergency.		
SB1365	senate	1645170	2026-02-25	third reading	35	11		B	4	Central Purchasing Act; exempting certain purchases made by the Oklahoma Tourism and Recreation Department.	Central Purchasing Act; exempting certain purchases made by the Oklahoma Tourism and Recreation Department.		
SB139	senate	1606944	2025-03-13	third reading	30	15		B	4	Schools; requiring school district boards of education to adopt certain cell phone policy.	Schools; requiring school district boards of education to adopt certain cell phone policy.		
SB140	senate	1607763	2025-05-28	fourth reading	35	12	1607759	B	4	Mathematics instruction; directing expenditure of certain funds; creating the Oklahoma Math Achievement and Proficiency Act. Effective date. Emergency.	Mathematics instruction; directing expenditure of certain funds; creating the Oklahoma Math Achievement and Proficiency Act. Effective date. Emergency.		
SB1400	senate	1670664	2026-03-25	third reading	34	12		B	4	Sales tax exemption; combining certain exemptions for aircraft maintenance, manufacturing, and parts. Effective date.	Sales tax exemption; combining certain exemptions for aircraft maintenance, manufacturing, and parts. Effective date.		
SB1405	senate	1663410	2026-03-16	third reading	34	13		B	4	Tax refund donation; reauthorizing checkoff for Wildlife Diversity Fund. Effective date.	Tax refund donation; reauthorizing checkoff for Wildlife Diversity Fund. Effective date.		
SB1451	senate	1698177	2026-05-14	fourth reading	35	9	1668024	B	4	Voter registration; requiring certain information to be included on voter registration applications. Emergency.	Voter registration; requiring certain information to be included on voter registration applications. Emergency.		
SB1455	senate	1660642	2026-03-11	third reading	28	11		B	4	Board of Governors of the Architects, Landscape Architects and Licensed Interior Designers of Oklahoma; extending sunset date. Effective date. Emergency.	Board of Governors of the Architects, Landscape Architects and Licensed Interior Designers of Oklahoma; extending sunset date. Effective date. Emergency.		
SB1463	senate	1669093	2026-03-23	third reading	35	9		B	4	Polygraph Examiners Board; extending sunset date. Effective date. Emergency.	Polygraph Examiners Board; extending sunset date. Effective date. Emergency.		
SB1531	senate	1698209	2026-05-14	fourth reading	35	11	1655284	B	4	Aerospace, aircraft, and aviation infrastructure; authorizing the Oklahoma Department of Aerospace and Aeronautics to take certain actions. Effective date.	Aerospace, aircraft, and aviation infrastructure; authorizing the Oklahoma Department of Aerospace and Aeronautics to take certain actions. Effective date.		
SB1567	senate	1668094	2026-03-23	third reading	28	16		B	4	Practice of nursing; modifying restriction on supervision fees for Advanced Practice Registered Nurses; prohibiting certain requirements by the Oklahoma Board of Nursing. Effective date.	Practice of nursing; modifying restriction on supervision fees for Advanced Practice Registered Nurses; prohibiting certain requirements by the Oklahoma Board of Nursing. Effective date.		
SB1589	senate	1698223	2026-05-14	veto override no emergency	34	10	1649714	B	4	Crimes and punishments; modifying scope of certain offense related to gambling. Effective date.	Crimes and punishments; modifying scope of certain offense related to gambling. Effective date.		
SB1651	senate	1659796	2026-03-11	third reading	32	9		B	4	State Board of Medical Licensure and Supervision; modifying various provisions related to physicians and allied health professionals. Effective date.	State Board of Medical Licensure and Supervision; modifying various provisions related to physicians and allied health professionals. Effective date.		
SB1653	senate	1663927	2026-03-16	third reading	33	12		B	4	Professions and occupations; enacting the Occupational Therapy Licensure Compact. Effective date.	Professions and occupations; enacting the Occupational Therapy Licensure Compact. Effective date.		
SB1732	senate	1651709	2026-03-03	third reading	35	9		B	4	Professional licensing fees; establishing license fees. Effective date.	Professional licensing fees; establishing license fees. Effective date.		
SB176	senate	1608571	2025-05-21	fourth reading	30	16	1608567	B	4	Health benefit plans; requiring coverage for certain prescription. Effective date.	Health benefit plans; requiring coverage for certain prescription. Effective date.		
SB1826	senate	1663340	2026-03-16	third reading	32	13		B	4	Oklahoma Local Development and Enterprise Zone Incentive Leverage Act; omitting sunset date. Effective date.	Oklahoma Local Development and Enterprise Zone Incentive Leverage Act; omitting sunset date. Effective date.		
SB1827	senate	1668109	2026-03-23	third reading	31	11		B	4	Governmental Tort Claims Act; modifying definitions. Effective date.	Governmental Tort Claims Act; modifying definitions. Effective date.		
SB1847	senate	1685459	2026-04-20	fourth reading	35	11	1657155	B	4	Medicaid home- and community-based services; modifying eligibility criteria for the ADvantage Waiver Program. Effective date. Emergency.	Medicaid home- and community-based services; modifying eligibility criteria for the ADvantage Waiver Program. Effective date. Emergency.		
SB1991	senate	1668134	2026-03-23	third reading	34	10		B	4	Long Range Capital Planning Commission; directing certain monies to OCAMP Fund; combining certain capital maintenance programs. Effective date. Emergency.	Long Range Capital Planning Commission; directing certain monies to OCAMP Fund; combining certain capital maintenance programs. Effective date. Emergency.		
SB1992	senate	1667971	2026-03-23	third reading	30	14		B	4	"Income tax credit; defining ""strategic finance partner."" Effective date."	"Income tax credit; defining ""strategic finance partner."" Effective date."		
SB20	senate	1607941	2025-05-21	fourth reading	36	10	1607937	B	4	Commercial driver licenses; creating the Secure Roads and Safe Trucking Act of 2025. Emergency.	Commercial driver licenses; creating the Secure Roads and Safe Trucking Act of 2025. Emergency.		
SB2018	senate	1671441	2026-03-26	third reading	31	11		B	4	Ad valorem tax; prescribing valuation method for certain real property for certain period. Effective date.	Ad valorem tax; prescribing valuation method for certain real property for certain period. Effective date.		
SB2060	senate	1683556	2026-04-15	fourth reading	29	14	1670644	B	4	Improvement districts; master development districts; requirements and procedures; bonds. Effective date.	Improvement districts; master development districts; requirements and procedures; bonds. Effective date.		
SB212	senate	1605885	2025-05-22	fourth reading	34	10	1605881	B	4	Teacher preparation; directing the Commission for Educational Quality and Accountability to establish TeachForwardOK.	Teacher preparation; directing the Commission for Educational Quality and Accountability to establish TeachForwardOK.		
SB235	senate	1606996	2025-05-28	fourth reading	36	10	1606992	B	4	Teachers; establishing the Grow Your Own Educator Program; providing for grant application process. Effective date. Emergency.	Teachers; establishing the Grow Your Own Educator Program; providing for grant application process. Effective date. Emergency.		
SB248	senate	1698218	2026-05-14	fourth reading	35	13	1670858	B	4	Tourism; Oklahoma Tourism and Recreation Department Revolving Fund; properties; funds appropriated; creating the Real Property Proceeds Revolving Fund; funds appropriated; interest. Effective date.	Tourism; Oklahoma Tourism and Recreation Department Revolving Fund; properties; funds appropriated; creating the Real Property Proceeds Revolving Fund; funds appropriated; interest. Effective date.		
SB259	senate	1698160	2026-05-14	fourth reading	38	10		B	4	Water and water rights; establishing procedures for permitting, monitoring, and reporting of groundwater use. Effective date.	Water and water rights; establishing procedures for permitting, monitoring, and reporting of groundwater use. Effective date.		
SB269	senate	1604897	2025-05-13	fourth reading	27	15	1604893	B	4	Carbon sequestration; modifying jurisdiction over certain injection wells; establishing provisions for establishment of certain CO2 sequestration facilities and storage units. Effective date.	Carbon sequestration; modifying jurisdiction over certain injection wells; establishing provisions for establishment of certain CO2 sequestration facilities and storage units. Effective date.		
SB287	senate	1607953	2025-05-22	fourth reading	32	13	1607949	B	4	Income tax; modifying tax years for aerospace tax credit. Effective date.	Income tax; modifying tax years for aerospace tax credit. Effective date.		
SB324	senate	1607375	2025-05-29	veto override no emergency	33	14	1607369;1607373	B	4	Incentives; creating the Oklahoma Research and Development Rebate Fund; prescribing sources of funds; creating a research and development rebate program; authorizing promulgation of rules.	Incentives; creating the Oklahoma Research and Development Rebate Fund; prescribing sources of funds; creating a research and development rebate program; authorizing promulgation of rules.		
SB364	senate	1606572	2025-02-25	third reading	31	16		B	4	Schools; prohibiting use of corporal punishment on any student identified with a disability.	Schools; prohibiting use of corporal punishment on any student identified with a disability.		
SB54	senate	1606467	2025-05-29	veto override no emergency	33	14	1606463	B	4	Motor vehicles; modifying scope and sentencing provisions for certain offenses. Effective date.	Motor vehicles; modifying scope and sentencing provisions for certain offenses. Effective date.		
SB540	senate	1631054	2026-02-11	third reading	35	12		B	4	Professions and occupations; enacting the Dentist and Dental Hygienist Compact and authorizing the Governor to enter into Compact with certain jurisdictions. Effective date.	Professions and occupations; enacting the Dentist and Dental Hygienist Compact and authorizing the Governor to enter into Compact with certain jurisdictions. Effective date.		
SB574	senate	1607512	2025-05-29	veto override no emergency	33	14	1607508	B	4	Attorney General; broadening approved purposes for opioid grant awards; authorizing certain use of funds by the Attorney General. Effective date.	Attorney General; broadening approved purposes for opioid grant awards; authorizing certain use of funds by the Attorney General. Effective date.		
SB578	senate	1604698	2025-03-17	third reading	34	11		B	4	Oklahoma Quality Events Incentive Act; extending date of effectiveness of act.	Oklahoma Quality Events Incentive Act; extending date of effectiveness of act.		
SB582	senate	1606479	2025-03-12	third reading	34	11		B	4	State fiscal affairs; modifying fiscal years requiring estimated revenue collections. Effective date.	State fiscal affairs; modifying fiscal years requiring estimated revenue collections. Effective date.		
SB586	senate	1606484	2025-03-11	third reading	27	17		B	4	Oklahoma Quality Jobs Program Act; modifying definition to establish certain relationship between employer and leased or contracted employee. Effective date.	Oklahoma Quality Jobs Program Act; modifying definition to establish certain relationship between employer and leased or contracted employee. Effective date.		
SB641	senate	1608560	2025-05-19	fourth reading	33	13		B	4	Motor vehicle repair; creating the Oklahoma Motor Vehicle Consumer Protection Act; establishing certain hourly market rate for labor. Effective date.	Motor vehicle repair; creating the Oklahoma Motor Vehicle Consumer Protection Act; establishing certain hourly market rate for labor. Effective date.		
SB662	senate	1607633	2025-05-19	fourth reading	28	18	1607629	B	4	Workforce development; authorizing the Oklahoma Workforce Commission to implement certain programs. Effective date.	Workforce development; authorizing the Oklahoma Workforce Commission to implement certain programs. Effective date.		
SB663	senate	1607708	2025-05-20	fourth reading	25	17	1607703	B	4	Workforce Coordination Revolving Fund; transferring power of fund to the Oklahoma Workforce Commission. Emergency.	Workforce Coordination Revolving Fund; transferring power of fund to the Oklahoma Workforce Commission. Emergency.		
SB667	senate	1698243	2026-05-14	fourth reading	36	11	1638389	B	4	Chiropractors; requiring use of licensure portals; modifying certain licensing requirements; modifying requirements for notification of disapproval. Effective date.	Chiropractors; requiring use of licensure portals; modifying certain licensing requirements; modifying requirements for notification of disapproval. Effective date.		
SB680	senate	1606558	2025-03-26	third reading	31	14		B	4	Tobacco products; modifying definition; providing exemption. Effective date.	Tobacco products; modifying definition; providing exemption. Effective date.		
SB713	senate	1605178	2025-05-29	veto override no emergency	32	15	1605173;1605177	B	4	Wind energy facilities; requiring newly-established facilities to apply for certain technology system by certain date; providing for certain cost recovery. Effective date.	Wind energy facilities; requiring newly-established facilities to apply for certain technology system by certain date; providing for certain cost recovery. Effective date.		
SB743	senate	1623252	2026-02-04	fourth reading	31	15	1606786	B	4	Criminal disturbance; specifying range of punishment for certain offenses; modifying elements of certain offense. Emergency.	Criminal disturbance; specifying range of punishment for certain offenses; modifying elements of certain offense. Emergency.		
SB758	senate	1608096	2025-03-27	third reading	33	14		B	4	Schools; providing conditions under which virtual instruction may count toward certain required instructional hours or days.	Schools; providing conditions under which virtual instruction may count toward certain required instructional hours or days.		
SB805	senate	1606370	2025-05-21	fourth reading	28	12	1606366	B	4	Professions and occupations; enacting the Dietitian Licensure Compact; authorizing the Governor to enter into Compact with certain jurisdictions. Effective date.	Professions and occupations; enacting the Dietitian Licensure Compact; authorizing the Governor to enter into Compact with certain jurisdictions. Effective date.		
SB906	senate	1604477	2025-03-24	third reading	28	18		B	4	Practice of pharmacy; establishing certain pharmacy staffing ratio. Effective date.	Practice of pharmacy; establishing certain pharmacy staffing ratio. Effective date.		
SB942	senate	1606422	2025-03-25	third reading	31	15		B	4	Education; prohibiting certain discrimination on certain basis against students or employees.	Education; prohibiting certain discrimination on certain basis against students or employees.		
SB987	senate	1607744	2025-03-18	third reading	30	15		B	4	Oklahoma Department of Commerce; creating the Oklahoma Department of Commerce Board; providing for qualifications for Board members. Effective date.	Oklahoma Department of Commerce; creating the Oklahoma Department of Commerce Board; providing for qualifications for Board members. Effective date.		
SB991	senate	1608371	2025-03-25	third reading	27	15		B	4	Discrimination; adopting certain definition of anti-Semitism; stating purposes for use of certain definition.	Discrimination; adopting certain definition of anti-Semitism; stating purposes for use of certain definition.		
SB998	senate	1608518	2025-03-27	third reading	26	20		B	4	Public utilities; cost of transmission upgrades; modifying application process for construction of certain facilities; establishing cost recovery provisions.	Public utilities; cost of transmission upgrades; modifying application process for construction of certain facilities; establishing cost recovery provisions.		
