bill	chamber	roll_call_id	date	yea	nay	margin_pct	reach	same_day_peers	earlier_rolls	partial_veto	question	title	description	disposition	reason
HB1012	senate	1550720	2025-04-16	32	16	50.0	19		0		Senate 3rd Reading & Final Passage	Authorizing the women's commission to solicit gifts, grants, and endowments from public or private sources.	Authorizing the women's commission to solicit gifts, grants, and endowments from public or private sources.	candidate	unbatched
HB1046	house	1551997	2025-04-17	60	36	60.0	87		1		House Final Passage as Amended by the Senate	Protecting the vulnerable by providing immunity from civil liability for damage to a motor vehicle arising from the rescue of vulnerable persons or do	Protecting the vulnerable by providing immunity from civil liability for damage to a motor vehicle arising from the rescue of vulnerable persons or domestic animals.	candidate	unbatched
HB1046	senate	1547741	2025-04-14	36	12	33.3	19		0		Senate 3rd Reading & Final Passage as Amended by the Senate	Protecting the vulnerable by providing immunity from civil liability for damage to a motor vehicle arising from the rescue of vulnerable persons or do	Protecting the vulnerable by providing immunity from civil liability for damage to a motor vehicle arising from the rescue of vulnerable persons or domestic animals.	candidate	unbatched
HB1052	house	1552240	2025-04-18	59	38	64.4	87		1		House Final Passage as Amended by the Senate	Clarifying a hate crime offense.	Clarifying a hate crime offense.	batch-01	imported
HB1052	senate	1535722	2025-04-03	30	19	63.3	19		0		Senate 3rd Reading & Final Passage as Amended by the Senate	Clarifying a hate crime offense.	Clarifying a hate crime offense.	batch-01	imported
HB1068	house	1504127	2025-03-03	72	25	34.7	87		0		House 3rd Reading & Final Passage	Removing the exclusion from interest arbitration of Washington management service employees at the department of corrections.	Removing the exclusion from interest arbitration of Washington management service employees at the department of corrections.	candidate	unbatched
HB1068	senate	1549262	2025-04-15	36	12	33.3	19		0		Senate 3rd Reading & Final Passage	Removing the exclusion from interest arbitration of Washington management service employees at the department of corrections.	Removing the exclusion from interest arbitration of Washington management service employees at the department of corrections.	candidate	unbatched
HB1069	senate	1653579	2026-03-04	31	18	58.1	19		0		Senate 3rd Reading & Final Passage as Amended by the Senate	Allowing collective bargaining over contributions for certain supplemental retirement benefits.	Allowing collective bargaining over contributions for certain supplemental retirement benefits.	candidate	unbatched
HB1081	house	1505287	2025-03-04	56	39	69.6	87		0		House 3rd Reading & Final Passage	Establishing consumer protections for owners of solicited real estate.	Establishing consumer protections for owners of solicited real estate.	candidate	unbatched
HB1081	senate	1543578	2025-04-10	30	19	63.3	19		0		Senate 3rd Reading & Final Passage	Establishing consumer protections for owners of solicited real estate.	Establishing consumer protections for owners of solicited real estate.	candidate	unbatched
HB1094	house	1516489	2025-03-12	58	39	67.2	87		0		House 3rd Reading & Final Passage	Providing a property tax exemption for property owned by a qualifying nonprofit organization and loaned, leased, or rented to and used by any governme	Providing a property tax exemption for property owned by a qualifying nonprofit organization and loaned, leased, or rented to and used by any government entity to provide character-building, benevolent, protective, or rehabilitative social services.	candidate	unbatched
HB1094	senate	1527712	2025-03-26	37	12	32.4	19		0		Senate 3rd Reading & Final Passage	Providing a property tax exemption for property owned by a qualifying nonprofit organization and loaned, leased, or rented to and used by any governme	Providing a property tax exemption for property owned by a qualifying nonprofit organization and loaned, leased, or rented to and used by any government entity to provide character-building, benevolent, protective, or rehabilitative social services.	candidate	unbatched
HB1119	house	1552250	2025-04-18	53	43	81.1	87		0		House 3rd Reading & Final Passage	Concerning supervision compliance credit.	Concerning supervision compliance credit.	candidate	unbatched
HB1119	senate	1558659	2025-04-26	28	18	64.3	19		0		Senate 3rd Reading & Final Passage	Concerning supervision compliance credit.	Concerning supervision compliance credit.	candidate	unbatched
HB1128	house	1657377	2026-03-09	68	27	39.7	87		1		House Final Passage as Amended by the Senate	Establishing a child care workforce standards board.	Establishing a child care workforce standards board.	candidate	unbatched
HB1128	senate	1652781	2026-03-04	28	19	67.9	19		0		Senate 3rd Reading & Final Passage as Amended by the Senate	Establishing a child care workforce standards board.	Establishing a child care workforce standards board.	candidate	unbatched
HB1131	house	1554935	2025-04-22	50	46	92.0	87		2	yes	House Final Passage as Amended by the Senate	Concerning clemency and pardons.	Concerning clemency and pardons.	candidate	unbatched
HB1131	senate	1548468	2025-04-15	28	19	67.9	19		0	yes	Senate 3rd Reading & Final Passage as Amended by the Senate	Concerning clemency and pardons.	Concerning clemency and pardons.	candidate	unbatched
HB1135	house	1504897	2025-03-04	56	40	71.4	87		0		House 3rd Reading & Final Passage	Ensuring that local government planning complies with the growth management act.	Ensuring that local government planning complies with the growth management act.	candidate	unbatched
HB1135	senate	1528426	2025-03-26	30	19	63.3	19		0		Senate 3rd Reading & Final Passage	Ensuring that local government planning complies with the growth management act.	Ensuring that local government planning complies with the growth management act.	candidate	unbatched
HB1141	house	1515688	2025-03-11	55	40	72.7	87		0		House 3rd Reading & Final Passage	Concerning collective bargaining for agricultural cannabis workers.	Concerning collective bargaining for agricultural cannabis workers.	candidate	unbatched
HB1141	senate	1547614	2025-04-14	29	20	69.0	19		0		Senate 3rd Reading & Final Passage	Concerning collective bargaining for agricultural cannabis workers.	Concerning collective bargaining for agricultural cannabis workers.	candidate	unbatched
HB1154	house	1552588	2025-04-21	57	39	68.4	87		1		House Final Passage as Amended by the Senate	Ensuring environmental and public health protection from solid waste handling facility operations.	Ensuring environmental and public health protection from solid waste handling facility operations.	candidate	unbatched
HB1154	senate	1549091	2025-04-15	28	20	71.4	19		0		Senate 3rd Reading & Final Passage as Amended by the Senate	Ensuring environmental and public health protection from solid waste handling facility operations.	Ensuring environmental and public health protection from solid waste handling facility operations.	candidate	unbatched
HB1155	house	1656971	2026-03-09	62	33	53.2	87		1		House Final Passage as Amended by the Senate	Prohibiting noncompetition agreements and clarifying nonsolicitation agreements.	Prohibiting noncompetition agreements and clarifying nonsolicitation agreements.	batch-01	imported
HB1155	senate	1655093	2026-03-05	30	19	63.3	19		0		Senate 3rd Reading & Final Passage as Amended by the Senate	Prohibiting noncompetition agreements and clarifying nonsolicitation agreements.	Prohibiting noncompetition agreements and clarifying nonsolicitation agreements.	batch-01	imported
HB1163	house	1554288	2025-04-22	57	39	68.4	87		1		House Final Passage as Amended by the Senate	Enhancing requirements relating to the purchase, transfer, and possession of firearms.	Enhancing requirements relating to the purchase, transfer, and possession of firearms.	batch-01	imported
HB1163	senate	1547807	2025-04-14	29	19	65.5	19		0		Senate 3rd Reading & Final Passage as Amended by the Senate	Enhancing requirements relating to the purchase, transfer, and possession of firearms.	Enhancing requirements relating to the purchase, transfer, and possession of firearms.	batch-01	imported
HB1170	house	1659862	2026-03-11	55	38	69.1	87		1		House Final Passage as Amended by the Senate	Informing users when content is developed or modified by artificial intelligence.	Informing users when content is developed or modified by artificial intelligence.	candidate	unbatched
HB1171	senate	1547556	2025-04-14	39	10	25.6	19		0		Senate 3rd Reading & Final Passage as Amended by the Senate	Exempting attorney higher education employees from certain mandated reporting of child abuse and neglect.	Exempting attorney higher education employees from certain mandated reporting of child abuse and neglect.	candidate	unbatched
HB1174	house	1506601	2025-03-05	66	31	47.0	87		0		House 3rd Reading & Final Passage	Concerning court interpreters.	Concerning court interpreters.	candidate	unbatched
HB1177	house	1503658	2025-03-03	62	35	56.5	87		0		House 3rd Reading & Final Passage	Concerning the child welfare housing assistance program.	Concerning the child welfare housing assistance program.	candidate	unbatched
HB1177	senate	1549219	2025-04-15	30	18	60.0	19		0		Senate 3rd Reading & Final Passage	Concerning the child welfare housing assistance program.	Concerning the child welfare housing assistance program.	candidate	unbatched
HB1183	house	1515649	2025-03-11	56	39	69.6	87		0		House 3rd Reading & Final Passage	Concerning building code and development regulation reform.	Concerning building code and development regulation reform.	candidate	unbatched
HB1183	senate	1547907	2025-04-14	28	21	75.0	19		0		Senate 3rd Reading & Final Passage	Concerning building code and development regulation reform.	Concerning building code and development regulation reform.	candidate	unbatched
HB1185	senate	1550128	2025-04-16	37	12	32.4	19		0		Senate 3rd Reading & Final Passage	Concerning membership on the correctional industries advisory committee.	Concerning membership on the correctional industries advisory committee.	candidate	unbatched
HB1201	house	1505040	2025-03-04	69	26	37.7	87		0		House 3rd Reading & Final Passage	Identifying accommodations allowing pets in an emergency or extreme weather event.	Identifying accommodations allowing pets in an emergency or extreme weather event.	candidate	unbatched
HB1201	senate	1546280	2025-04-11	38	11	28.9	19		0		Senate 3rd Reading & Final Passage	Identifying accommodations allowing pets in an emergency or extreme weather event.	Identifying accommodations allowing pets in an emergency or extreme weather event.	candidate	unbatched
HB1207	house	1558657	2025-04-26	54	44	81.5	87		1		House Final Passage as Amended by the Senate	Concerning superior court clerk fees.	Concerning superior court clerk fees.	candidate	unbatched
HB1207	senate	1558656	2025-04-26	27	21	77.8	19		0		Senate 3rd Reading & Final Passage as Amended by the Senate	Concerning superior court clerk fees.	Concerning superior court clerk fees.	candidate	unbatched
HB1210	senate	1656680	2026-03-06	28	20	71.4	19		0		Senate 3rd Reading & Final Passage	Concerning targeted urban area tax preferences.	Concerning targeted urban area tax preferences.	candidate	unbatched
HB1213	house	1552360	2025-04-19	57	38	66.7	87		1		House Final Passage as Amended by the Senate	Expanding protections for workers in the state paid family and medical leave program.	Expanding protections for workers in the state paid family and medical leave program.	candidate	unbatched
HB1213	senate	1548981	2025-04-15	28	20	71.4	19		0		Senate 3rd Reading & Final Passage as Amended by the Senate	Expanding protections for workers in the state paid family and medical leave program.	Expanding protections for workers in the state paid family and medical leave program.	candidate	unbatched
HB1215	house	1489418	2025-02-13	57	36	63.2	87		0		House 3rd Reading & Final Passage	Removing references to pregnancy from the model directive form under the natural death act.	Removing references to pregnancy from the model directive form under the natural death act.	candidate	unbatched
HB1215	senate	1538541	2025-04-07	30	19	63.3	19		0		Senate 3rd Reading & Final Passage	Removing references to pregnancy from the model directive form under the natural death act.	Removing references to pregnancy from the model directive form under the natural death act.	candidate	unbatched
HB1217	house	1558685	2025-04-27	54	44	81.5	87		1		House Final Passage as Recommended by the Conference Committee	Improving housing stability for tenants subject to the residential landlord-tenant act and the manufactured/mobile home landlord-tenant act by limitin	Improving housing stability for tenants subject to the residential landlord-tenant act and the manufactured/mobile home landlord-tenant act by limiting rent and fee increases, requiring notice of rent and fee increases, limiting fees and deposits, establishing a landlord resource center and associat	batch-01	imported
HB1217	senate	1558684	2025-04-27	27	20	74.1	19		1		Senate Final Passage as Recommended by Conference Committee	Improving housing stability for tenants subject to the residential landlord-tenant act and the manufactured/mobile home landlord-tenant act by limitin	Improving housing stability for tenants subject to the residential landlord-tenant act and the manufactured/mobile home landlord-tenant act by limiting rent and fee increases, requiring notice of rent and fee increases, limiting fees and deposits, establishing a landlord resource center and associat	batch-01	imported
HB1219	house	1553126	2025-04-21	68	29	42.6	87		1		House Final Passage as Amended by the Senate	Concerning the interbranch advisory committee.	Concerning the interbranch advisory committee.	candidate	unbatched
HB1219	senate	1550346	2025-04-16	29	20	69.0	19		0		Senate 3rd Reading & Final Passage as Amended by the Senate	Concerning the interbranch advisory committee.	Concerning the interbranch advisory committee.	candidate	unbatched
HB1222	house	1489371	2025-02-13	73	21	28.8	87		0		House 3rd Reading & Final Passage	Concerning public inspection and copying of proprietary financial and security information submitted to or obtained by the gambling commission.	Concerning public inspection and copying of proprietary financial and security information submitted to or obtained by the gambling commission.	candidate	unbatched
HB1232	house	1508889	2025-03-07	56	38	67.9	87		0		House 3rd Reading & Final Passage	Concerning private detention facilities.	Concerning private detention facilities.	candidate	batch-02 candidate: private detention facilities, not yet read
HB1232	senate	1555829	2025-04-23	29	19	65.5	19		1		Senate Final Passage without Senate Amendments	Concerning private detention facilities.	Concerning private detention facilities.	candidate	batch-02 candidate: private detention facilities, not yet read
HB1244	house	1504129	2025-03-03	58	39	67.2	87	1504128	0		House Final Passage on Reconsideration	Concerning training as an alternative to driver license suspension for the accumulation of certain traffic infractions.	Concerning training as an alternative to driver license suspension for the accumulation of certain traffic infractions.	candidate	unbatched
HB1244	senate	1550701	2025-04-16	34	15	44.1	19		0		Senate 3rd Reading & Final Passage	Concerning training as an alternative to driver license suspension for the accumulation of certain traffic infractions.	Concerning training as an alternative to driver license suspension for the accumulation of certain traffic infractions.	candidate	unbatched
HB1258	house	1552376	2025-04-19	57	38	66.7	87		1		House Final Passage as Amended by the Senate	Providing funding for municipalities participating in the regional 911 emergency communications system.	Providing funding for municipalities participating in the regional 911 emergency communications system.	candidate	unbatched
HB1258	senate	1541891	2025-04-09	28	21	75.0	19		0		Senate 3rd Reading & Final Passage as Amended by the Senate	Providing funding for municipalities participating in the regional 911 emergency communications system.	Providing funding for municipalities participating in the regional 911 emergency communications system.	candidate	unbatched
HB1264	house	1552977	2025-04-21	70	27	38.6	87		1		House Final Passage as Amended by the Senate	Concerning the salaries of ferry system collective bargaining units.	Concerning the salaries of ferry system collective bargaining units.	candidate	unbatched
HB1264	senate	1549239	2025-04-15	29	19	65.5	19		0		Senate 3rd Reading & Final Passage as Amended by the Senate	Concerning the salaries of ferry system collective bargaining units.	Concerning the salaries of ferry system collective bargaining units.	candidate	unbatched
HB1293	senate	1558654	2025-04-26	27	20	74.1	19		1		Senate 3rd Reading & Final Passage as Amended by the Senate	Concerning litter.	Concerning litter.	candidate	unbatched
HB1296	house	1557823	2025-04-24	59	39	66.1	87		1		House Final Passage as Amended by the Senate	Promoting a safe and supportive public education system.	Promoting a safe and supportive public education system.	candidate	batch-02 candidate: safe and supportive education, not yet read
HB1296	senate	1546315	2025-04-11	30	19	63.3	19		0		Senate 3rd Reading & Final Passage as Amended by the Senate	Promoting a safe and supportive public education system.	Promoting a safe and supportive public education system.	candidate	batch-02 candidate: safe and supportive education, not yet read
HB1302	house	1614212	2026-01-15	76	21	27.6	87		1		House 3rd Reading & Final Passage	Concerning utility connection charge waivers.	Concerning utility connection charge waivers.	candidate	unbatched
HB1308	house	1551830	2025-04-17	56	40	71.4	87		1		House Final Passage as Amended by the Senate	Concerning access to personnel records.	Concerning access to personnel records.	candidate	unbatched
HB1308	senate	1542482	2025-04-09	32	17	53.1	19		0		Senate 3rd Reading & Final Passage as Amended by the Senate	Concerning access to personnel records.	Concerning access to personnel records.	candidate	unbatched
HB1321	house	1509184	2025-03-10	58	37	63.8	87		0		House 3rd Reading & Final Passage	Concerning the governor's authority to limit outside militia activities within the state.	Concerning the governor's authority to limit outside militia activities within the state.	candidate	unbatched
HB1321	senate	1543513	2025-04-10	30	19	63.3	19		0		Senate 3rd Reading & Final Passage	Concerning the governor's authority to limit outside militia activities within the state.	Concerning the governor's authority to limit outside militia activities within the state.	candidate	unbatched
HB1332	house	1551948	2025-04-17	59	37	62.7	87		1		House Final Passage as Amended by the Senate	Concerning transportation network companies.	Concerning transportation network companies.	candidate	unbatched
HB1332	senate	1547963	2025-04-14	27	21	77.8	19		0		Senate 3rd Reading & Final Passage as Amended by the Senate	Concerning transportation network companies.	Concerning transportation network companies.	candidate	unbatched
HB1345	senate	1650661	2026-03-03	33	15	45.5	19		0		Senate 3rd Reading & Final Passage	Establishing limitations on detached accessory dwelling units outside of urban growth areas.	Establishing limitations on detached accessory dwelling units outside of urban growth areas.	candidate	unbatched
HB1355	house	1523775	2025-03-20	72	23	31.9	87	1523774	0		House Final Passage on Reconsideration	Modifying retail taxes compacts between the state of Washington and federally recognized tribes located in Washington state by increasing the revenue-	Modifying retail taxes compacts between the state of Washington and federally recognized tribes located in Washington state by increasing the revenue-sharing percentages when a compacting tribe has completed a qualified capital investment.	candidate	unbatched
HB1359	house	1553801	2025-04-22	58	39	67.2	87		1		House Final Passage as Amended by the Senate	Reviewing laws related to criminal insanity and competency to stand trial.	Reviewing laws related to criminal insanity and competency to stand trial.	candidate	unbatched
HB1359	senate	1549029	2025-04-15	31	17	54.8	19		0		Senate 3rd Reading & Final Passage as Amended by the Senate	Reviewing laws related to criminal insanity and competency to stand trial.	Reviewing laws related to criminal insanity and competency to stand trial.	candidate	unbatched
HB1382	house	1552370	2025-04-19	58	37	63.8	87		1		House Final Passage as Amended by the Senate	Modernizing the all payers claim database.	Modernizing the all payers claim database.	candidate	unbatched
HB1382	senate	1550360	2025-04-16	30	19	63.3	19		0		Senate 3rd Reading & Final Passage as Amended by the Senate	Modernizing the all payers claim database.	Modernizing the all payers claim database.	candidate	unbatched
HB1390	house	1657322	2026-03-09	51	44	86.3	87		3		House Final Passage as Amended by the Senate	Repealing the community protection program.	Repealing the community protection program.	candidate	unbatched
HB1390	senate	1652841	2026-03-04	29	20	69.0	19		0		Senate 3rd Reading & Final Passage as Amended by the Senate	Repealing the community protection program.	Repealing the community protection program.	candidate	unbatched
HB1392	house	1552371	2025-04-19	57	38	66.7	87		1		House Final Passage as Amended by the Senate	Creating the medicaid access program.	Creating the medicaid access program.	candidate	unbatched
HB1392	senate	1547743	2025-04-14	31	18	58.1	19		0		Senate 3rd Reading & Final Passage as Amended by the Senate	Creating the medicaid access program.	Creating the medicaid access program.	candidate	unbatched
HB1395	house	1552331	2025-04-18	59	38	64.4	87		1		House Final Passage as Amended by the Senate	Streamlining the home care worker background check process.	Streamlining the home care worker background check process.	candidate	unbatched
HB1395	senate	1547877	2025-04-14	31	18	58.1	19		0		Senate 3rd Reading & Final Passage as Amended by the Senate	Streamlining the home care worker background check process.	Streamlining the home care worker background check process.	candidate	unbatched
HB1409	house	1552538	2025-04-21	54	43	79.6	87		1		House Final Passage as Amended by the Senate	Concerning the clean fuels program.	Concerning the clean fuels program.	candidate	batch-02 candidate: the clean fuels act tightens the schedule but also replaces the Clean Air Act penalties and brakes further tightening on a biofuel permit, so it needs a full read
HB1409	senate	1549155	2025-04-15	25	23	92.0	19		0		Senate 3rd Reading & Final Passage as Amended by the Senate	Concerning the clean fuels program.	Concerning the clean fuels program.	candidate	batch-02 candidate: the clean fuels act tightens the schedule but also replaces the Clean Air Act penalties and brakes further tightening on a biofuel permit, so it needs a full read
HB1418	house	1552375	2025-04-19	62	33	53.2	87		1		House Final Passage as Amended by the Senate	Adding two voting members that are transit users to the governing body of public transportation benefit areas.	Adding two voting members that are transit users to the governing body of public transportation benefit areas.	candidate	unbatched
HB1418	senate	1549927	2025-04-16	36	12	33.3	19		0		Senate 3rd Reading & Final Passage as Amended by the Senate	Adding two voting members that are transit users to the governing body of public transportation benefit areas.	Adding two voting members that are transit users to the governing body of public transportation benefit areas.	candidate	unbatched
HB1440	house	1557716	2025-04-24	58	37	63.8	87		1		House Final Passage as Amended by the Senate	Concerning seizure and forfeiture procedures and reporting.	Concerning seizure and forfeiture procedures and reporting.	candidate	unbatched
HB1440	senate	1555284	2025-04-23	28	20	71.4	19		1		Senate 3rd Reading & Final Passage as Amended by the Senate	Concerning seizure and forfeiture procedures and reporting.	Concerning seizure and forfeiture procedures and reporting.	candidate	unbatched
HB1462	house	1553959	2025-04-22	58	39	67.2	87		1		House Final Passage as Amended by the Senate	Reducing greenhouse gas emissions associated with hydrofluorocarbons.	Reducing greenhouse gas emissions associated with hydrofluorocarbons.	candidate	batch-02 candidate: hydrofluorocarbons, not yet read
HB1462	senate	1549260	2025-04-15	25	23	92.0	19		0		Senate 3rd Reading & Final Passage as Amended by the Senate	Reducing greenhouse gas emissions associated with hydrofluorocarbons.	Reducing greenhouse gas emissions associated with hydrofluorocarbons.	candidate	batch-02 candidate: hydrofluorocarbons, not yet read
HB1486	house	1515692	2025-03-11	75	20	26.7	87		0		House 3rd Reading & Final Passage	Adding a student member to the state board for community and technical colleges.	Adding a student member to the state board for community and technical colleges.	candidate	unbatched
HB1486	senate	1542581	2025-04-09	39	10	25.6	19		0		Senate 3rd Reading & Final Passage	Adding a student member to the state board for community and technical colleges.	Adding a student member to the state board for community and technical colleges.	candidate	unbatched
HB1488	house	1552128	2025-04-18	53	43	81.1	87		1		House Final Passage as Amended by the Senate	Concerning conservation district revenue limitations.	Concerning conservation district revenue limitations.	candidate	unbatched
HB1488	senate	1528105	2025-03-26	29	20	69.0	19		0		Senate 3rd Reading & Final Passage as Amended by the Senate	Concerning conservation district revenue limitations.	Concerning conservation district revenue limitations.	candidate	unbatched
HB1491	house	1554380	2025-04-22	57	39	68.4	87		1		House Final Passage as Amended by the Senate	Promoting transit-oriented housing development.	Promoting transit-oriented housing development.	candidate	batch-02 candidate: transit-oriented housing, not yet read
HB1491	senate	1548615	2025-04-15	30	18	60.0	19		0		Senate 3rd Reading & Final Passage as Amended by the Senate	Promoting transit-oriented housing development.	Promoting transit-oriented housing development.	candidate	batch-02 candidate: transit-oriented housing, not yet read
HB1494	house	1506526	2025-03-05	63	34	54.0	87		0		House 3rd Reading & Final Passage	Concerning the property tax exemptions for new and rehabilitated multiple-unit dwellings in urban centers.	Concerning the property tax exemptions for new and rehabilitated multiple-unit dwellings in urban centers.	candidate	unbatched
HB1494	senate	1548970	2025-04-15	30	18	60.0	19		0		Senate 3rd Reading & Final Passage	Concerning the property tax exemptions for new and rehabilitated multiple-unit dwellings in urban centers.	Concerning the property tax exemptions for new and rehabilitated multiple-unit dwellings in urban centers.	candidate	unbatched
HB1497	house	1553966	2025-04-22	59	37	62.7	87		1		House Final Passage as Amended by the Senate	Improving outcomes associated with waste material management systems.	Improving outcomes associated with waste material management systems.	candidate	unbatched
HB1497	senate	1549734	2025-04-16	27	22	81.5	19		0		Senate 3rd Reading & Final Passage as Amended by the Senate	Improving outcomes associated with waste material management systems.	Improving outcomes associated with waste material management systems.	candidate	unbatched
HB1498	house	1558663	2025-04-26	70	28	40.0	87		1		House Final Passage as Amended by the Senate	Concerning domestic violence co-responder programs.	Concerning domestic violence co-responder programs.	candidate	unbatched
HB1498	senate	1558645	2025-04-26	38	10	26.3	19		0		Senate 3rd Reading & Final Passage as Amended by the Senate	Concerning domestic violence co-responder programs.	Concerning domestic violence co-responder programs.	candidate	unbatched
HB1500	house	1660008	2026-03-11	61	34	55.7	87		1		House Final Passage as Amended by the Senate	Concerning resale certificates for units in common interest communities.	Concerning resale certificates for units in common interest communities.	candidate	unbatched
HB1501	house	1657682	2026-03-09	58	37	63.8	87		1		House Final Passage as Amended by the Senate	Concerning inquiries into association governance or operations by unit owners in common interest communities.	Concerning inquiries into association governance or operations by unit owners in common interest communities.	candidate	unbatched
HB1501	senate	1647060	2026-02-26	33	15	45.5	19		0		Senate 3rd Reading & Final Passage as Amended by the Senate	Concerning inquiries into association governance or operations by unit owners in common interest communities.	Concerning inquiries into association governance or operations by unit owners in common interest communities.	candidate	unbatched
HB1514	house	1554754	2025-04-22	70	26	37.1	87		1		House Final Passage as Amended by the Senate	Encouraging the deployment of low carbon thermal energy networks.	Encouraging the deployment of low carbon thermal energy networks.	candidate	unbatched
HB1515	senate	1550659	2025-04-16	37	12	32.4	19		0		Senate 3rd Reading & Final Passage as Amended by the Senate	Modernizing the regulation of alcohol service in public spaces.	Modernizing the regulation of alcohol service in public spaces.	candidate	unbatched
HB1516	house	1516262	2025-03-11	58	38	65.5	87		0		House 3rd Reading & Final Passage	Conducting a study of insurance coverage options for permanently affordable homeownership units.	Conducting a study of insurance coverage options for permanently affordable homeownership units.	candidate	unbatched
HB1524	senate	1537323	2025-04-04	37	12	32.4	19		0		Senate 3rd Reading & Final Passage	Concerning workplace standards and requirements applicable to employers of isolated employees.	Concerning workplace standards and requirements applicable to employers of isolated employees.	candidate	unbatched
HB1531	house	1508988	2025-03-08	58	35	60.3	87		0		House 3rd Reading & Final Passage	Preserving the ability of public officials to address communicable diseases.	Preserving the ability of public officials to address communicable diseases.	candidate	unbatched
HB1531	senate	1543690	2025-04-10	31	18	58.1	19		0		Senate 3rd Reading & Final Passage	Preserving the ability of public officials to address communicable diseases.	Preserving the ability of public officials to address communicable diseases.	candidate	unbatched
HB1540	house	1495665	2025-02-20	62	33	53.2	87		0		House 3rd Reading & Final Passage	Expanding eligibility for the students experiencing homelessness and foster youth program to an accredited tribal college.	Expanding eligibility for the students experiencing homelessness and foster youth program to an accredited tribal college.	candidate	unbatched
HB1552	senate	1558651	2025-04-26	28	18	64.3	19		0		Senate 3rd Reading & Final Passage	Extending the fee on real estate broker licenses to fund the Washington center for real estate research and adjusting the fee to account for inflation	Extending the fee on real estate broker licenses to fund the Washington center for real estate research and adjusting the fee to account for inflation.	candidate	unbatched
HB1562	house	1552356	2025-04-19	67	26	38.8	87		1		House Final Passage as Amended by the Senate	Increasing the availability of baby diaper changing stations.	Increasing the availability of baby diaper changing stations.	candidate	unbatched
HB1570	house	1633934	2026-02-14	58	35	60.3	87		0		House 3rd Reading & Final Passage	Concerning collective bargaining for certain employees who are enrolled in academic programs at public institutions of higher education.	Concerning collective bargaining for certain employees who are enrolled in academic programs at public institutions of higher education.	candidate	unbatched
HB1570	senate	1652662	2026-03-04	29	19	65.5	19		0		Senate 3rd Reading & Final Passage	Concerning collective bargaining for certain employees who are enrolled in academic programs at public institutions of higher education.	Concerning collective bargaining for certain employees who are enrolled in academic programs at public institutions of higher education.	candidate	unbatched
HB1587	house	1552381	2025-04-19	57	36	63.2	87		1		House Final Passage as Amended by the Senate	Encouraging local government partner promise scholarship programs within the opportunity scholarship program.	Encouraging local government partner promise scholarship programs within the opportunity scholarship program.	candidate	unbatched
HB1587	senate	1547538	2025-04-14	33	16	48.5	19		0		Senate 3rd Reading & Final Passage as Amended by the Senate	Encouraging local government partner promise scholarship programs within the opportunity scholarship program.	Encouraging local government partner promise scholarship programs within the opportunity scholarship program.	candidate	unbatched
HB1604	house	1623818	2026-02-04	56	39	69.6	87		0		House 3rd Reading & Final Passage	Providing parameters for conducting searches of transgender and intersex individuals confined in a local jail in compliance with federal law.	Providing parameters for conducting searches of transgender and intersex individuals confined in a local jail in compliance with federal law.	batch-01	imported
HB1604	senate	1651766	2026-03-03	30	19	63.3	19		0		Senate 3rd Reading & Final Passage	Providing parameters for conducting searches of transgender and intersex individuals confined in a local jail in compliance with federal law.	Providing parameters for conducting searches of transgender and intersex individuals confined in a local jail in compliance with federal law.	batch-01	imported
HB1620	house	1552203	2025-04-18	60	37	61.7	87		1		House Final Passage as Amended by the Senate	Concerning limitations in parenting plans.	Concerning limitations in parenting plans.	candidate	unbatched
HB1620	senate	1534307	2025-04-02	32	17	53.1	19		0		Senate 3rd Reading & Final Passage as Amended by the Senate	Concerning limitations in parenting plans.	Concerning limitations in parenting plans.	candidate	unbatched
HB1644	house	1511981	2025-03-10	60	35	58.3	87		0		House 3rd Reading & Final Passage	Concerning the safety and health of working minors.	Concerning the safety and health of working minors.	candidate	unbatched
HB1644	senate	1541869	2025-04-09	37	12	32.4	19		0		Senate 3rd Reading & Final Passage	Concerning the safety and health of working minors.	Concerning the safety and health of working minors.	candidate	unbatched
HB1651	house	1553027	2025-04-21	58	39	67.2	87		1		House Final Passage as Amended by the Senate	Concerning teacher residency and apprenticeship programs.	Concerning teacher residency and apprenticeship programs.	candidate	unbatched
HB1651	senate	1546435	2025-04-11	30	18	60.0	19		0		Senate 3rd Reading & Final Passage as Amended by the Senate	Concerning teacher residency and apprenticeship programs.	Concerning teacher residency and apprenticeship programs.	candidate	unbatched
HB1687	house	1629176	2026-02-10	58	38	65.5	87		0		House 3rd Reading & Final Passage	Concerning social housing public development authorities.	Concerning social housing public development authorities.	candidate	unbatched
HB1687	senate	1648404	2026-02-28	32	17	53.1	19		0		Senate 3rd Reading & Final Passage	Concerning social housing public development authorities.	Concerning social housing public development authorities.	candidate	unbatched
HB1696	house	1508327	2025-03-06	57	39	68.4	87		0		House 3rd Reading & Final Passage	Modifying the covenant homeownership program.	Modifying the covenant homeownership program.	candidate	unbatched
HB1696	senate	1547959	2025-04-14	30	19	63.3	19		0		Senate 3rd Reading & Final Passage	Modifying the covenant homeownership program.	Modifying the covenant homeownership program.	candidate	unbatched
HB1710	house	1661028	2026-03-11	57	39	68.4	87		1		House Final Passage as Amended by the Senate	Concerning compliance with the Washington voting rights act of 2018.	Concerning compliance with the Washington voting rights act of 2018.	candidate	unbatched
HB1710	senate	1653733	2026-03-04	30	19	63.3	19		0		Senate 3rd Reading & Final Passage as Amended by the Senate	Concerning compliance with the Washington voting rights act of 2018.	Concerning compliance with the Washington voting rights act of 2018.	candidate	unbatched
HB1747	house	1515591	2025-03-11	56	40	71.4	87		0		House 3rd Reading & Final Passage	Expanding protections for applicants and employees under the Washington fair chance act.	Expanding protections for applicants and employees under the Washington fair chance act.	candidate	unbatched
HB1747	senate	1544864	2025-04-10	27	22	81.5	19		0		Senate 3rd Reading & Final Passage	Expanding protections for applicants and employees under the Washington fair chance act.	Expanding protections for applicants and employees under the Washington fair chance act.	candidate	unbatched
HB1750	house	1660617	2026-03-11	58	38	65.5	87		1		House Final Passage as Amended by the Senate	Creating guidelines for voter suppression and vote dilution claims under the Washington voting rights act.	Creating guidelines for voter suppression and vote dilution claims under the Washington voting rights act.	candidate	unbatched
HB1750	senate	1648402	2026-02-28	30	19	63.3	19		0		Senate 3rd Reading & Final Passage as Amended by the Senate	Creating guidelines for voter suppression and vote dilution claims under the Washington voting rights act.	Creating guidelines for voter suppression and vote dilution claims under the Washington voting rights act.	candidate	unbatched
HB1774	house	1554052	2025-04-22	67	30	44.8	87		1		House Final Passage as Amended by the Senate	Modifying allowable terms for the lease of unused highway land.	Modifying allowable terms for the lease of unused highway land.	candidate	unbatched
HB1774	senate	1549488	2025-04-15	29	19	65.5	19		0		Senate 3rd Reading & Final Passage as Amended by the Senate	Modifying allowable terms for the lease of unused highway land.	Modifying allowable terms for the lease of unused highway land.	candidate	unbatched
HB1788	senate	1548391	2025-04-15	36	12	33.3	19		0		Senate 3rd Reading & Final Passage	Concerning workers' compensation benefits.	Concerning workers' compensation benefits.	candidate	unbatched
HB1791	house	1507560	2025-03-06	60	37	61.7	87		0		House 3rd Reading & Final Passage	Increasing the flexibility of existing funding sources to fund public safety and other facilities by modifying the local real estate excise tax.	Increasing the flexibility of existing funding sources to fund public safety and other facilities by modifying the local real estate excise tax.	candidate	unbatched
HB1791	senate	1548994	2025-04-15	29	19	65.5	19		0		Senate 3rd Reading & Final Passage	Increasing the flexibility of existing funding sources to fund public safety and other facilities by modifying the local real estate excise tax.	Increasing the flexibility of existing funding sources to fund public safety and other facilities by modifying the local real estate excise tax.	candidate	unbatched
HB1795	house	1661726	2026-03-12	58	37	63.8	87		2		House Final Passage as Amended by the Senate	Addressing restraint or isolation of students in public schools and educational programs.	Addressing restraint or isolation of students in public schools and educational programs.	candidate	unbatched
HB1795	senate	1655406	2026-03-05	28	20	71.4	19		0		Senate 3rd Reading & Final Passage as Amended by the Senate	Addressing restraint or isolation of students in public schools and educational programs.	Addressing restraint or isolation of students in public schools and educational programs.	candidate	unbatched
HB1796	senate	1655265	2026-03-05	30	18	60.0	19		0		Senate 3rd Reading & Final Passage as Amended by the Senate	Concerning school districts' authority to contract indebtedness for school construction.	Concerning school districts' authority to contract indebtedness for school construction.	candidate	unbatched
HB1811	house	1552600	2025-04-21	59	38	64.4	87		1		House Final Passage as Amended by the Senate	Enhancing crisis response services through co-response integration and support.	Enhancing crisis response services through co-response integration and support.	candidate	unbatched
HB1813	house	1552587	2025-04-21	62	35	56.5	87		1		House Final Passage as Amended by the Senate	Concerning the reprocurement of medical assistance services, including the realignment of behavioral health crisis services for medicaid enrollees.	Concerning the reprocurement of medical assistance services, including the realignment of behavioral health crisis services for medicaid enrollees.	candidate	unbatched
HB1813	senate	1550203	2025-04-16	30	19	63.3	19		0		Senate 3rd Reading & Final Passage as Amended by the Senate	Concerning the reprocurement of medical assistance services, including the realignment of behavioral health crisis services for medicaid enrollees.	Concerning the reprocurement of medical assistance services, including the realignment of behavioral health crisis services for medicaid enrollees.	candidate	unbatched
HB1815	house	1552235	2025-04-18	58	37	63.8	87		1		House Final Passage as Amended by the Senate	Concerning prison riot offenses.	Concerning prison riot offenses.	candidate	unbatched
HB1815	senate	1539896	2025-04-08	27	21	77.8	19		0		Senate 3rd Reading & Final Passage as Amended by the Senate	Concerning prison riot offenses.	Concerning prison riot offenses.	candidate	unbatched
HB1821	house	1508909	2025-03-07	59	38	64.4	87		0		House 3rd Reading & Final Passage	"Expanding the definition of ""interested party"" for the purposes of prevailing wage laws."	"Expanding the definition of ""interested party"" for the purposes of prevailing wage laws."	candidate	unbatched
HB1821	senate	1543180	2025-04-09	28	21	75.0	19		0		Senate 3rd Reading & Final Passage	"Expanding the definition of ""interested party"" for the purposes of prevailing wage laws."	"Expanding the definition of ""interested party"" for the purposes of prevailing wage laws."	candidate	unbatched
HB1827	senate	1537200	2025-04-04	37	12	32.4	19		0		Senate 3rd Reading & Final Passage	Concerning the effective delivery and administration of basic education services to justice-involved students.	Concerning the effective delivery and administration of basic education services to justice-involved students.	candidate	unbatched
HB1837	house	1553073	2025-04-21	65	32	49.2	87		1		House Final Passage as Amended by the Senate	Establishing intercity passenger rail improvement priorities.	Establishing intercity passenger rail improvement priorities.	candidate	unbatched
HB1837	senate	1550721	2025-04-16	32	17	53.1	19		0		Senate 3rd Reading & Final Passage as Amended by the Senate	Establishing intercity passenger rail improvement priorities.	Establishing intercity passenger rail improvement priorities.	candidate	unbatched
HB1858	house	1509122	2025-03-10	51	42	82.4	87		0		House 3rd Reading & Final Passage	Eliminating the exemption for assignments or substitutions of previously recorded deeds of trust from the document recording fee and the covenant home	Eliminating the exemption for assignments or substitutions of previously recorded deeds of trust from the document recording fee and the covenant homeownership program assessment.	candidate	unbatched
HB1858	senate	1546333	2025-04-11	30	19	63.3	19		0		Senate 3rd Reading & Final Passage	Eliminating the exemption for assignments or substitutions of previously recorded deeds of trust from the document recording fee and the covenant home	Eliminating the exemption for assignments or substitutions of previously recorded deeds of trust from the document recording fee and the covenant homeownership program assessment.	candidate	unbatched
HB1874	senate	1540617	2025-04-08	37	11	29.7	19		0		Senate 3rd Reading & Final Passage as Amended by the Senate	Requiring training for cosmetologists, barbers, estheticians, and hair designers on the care, styling, and treatment of textured hair.	Requiring training for cosmetologists, barbers, estheticians, and hair designers on the care, styling, and treatment of textured hair.	candidate	unbatched
HB1875	house	1507525	2025-03-06	58	39	67.2	87		0		House 3rd Reading & Final Passage	Allowing the use of paid sick leave to prepare for or participate in certain immigration proceedings.	Allowing the use of paid sick leave to prepare for or participate in certain immigration proceedings.	candidate	unbatched
HB1875	senate	1549202	2025-04-15	29	19	65.5	19		0		Senate 3rd Reading & Final Passage	Allowing the use of paid sick leave to prepare for or participate in certain immigration proceedings.	Allowing the use of paid sick leave to prepare for or participate in certain immigration proceedings.	candidate	unbatched
HB1878	house	1552616	2025-04-21	71	26	36.6	87		1		House Final Passage as Amended by the Senate	Improving young driver safety.	Improving young driver safety.	candidate	unbatched
HB1878	senate	1543935	2025-04-10	38	11	28.9	19		0		Senate 3rd Reading & Final Passage as Amended by the Senate	Improving young driver safety.	Improving young driver safety.	candidate	unbatched
HB1899	senate	1550759	2025-04-16	30	19	63.3	19		0		Senate 3rd Reading & Final Passage	Concerning the homelessness point-in-time count.	Concerning the homelessness point-in-time count.	candidate	unbatched
HB1903	house	1660978	2026-03-11	70	26	37.1	87		1	yes	House Final Passage as Amended by the Senate	Establishing a statewide low-income energy assistance program.	Establishing a statewide low-income energy assistance program.	candidate	unbatched
HB1903	senate	1656487	2026-03-06	35	13	37.1	19		0	yes	Senate 3rd Reading & Final Passage as Amended by the Senate	Establishing a statewide low-income energy assistance program.	Establishing a statewide low-income energy assistance program.	candidate	unbatched
HB1909	house	1660683	2026-03-11	57	38	66.7	87		1		House Final Passage as Amended by the Senate	Establishing the court unification task force.	Establishing the court unification task force.	candidate	unbatched
HB1909	senate	1656647	2026-03-06	30	18	60.0	19		0		Senate 3rd Reading & Final Passage as Amended by the Senate	Establishing the court unification task force.	Establishing the court unification task force.	candidate	unbatched
HB1916	house	1661095	2026-03-11	58	38	65.5	87		1		House Final Passage as Amended by the Senate	Amending voter registration challenges and managing voter registration lists.	Amending voter registration challenges and managing voter registration lists.	candidate	unbatched
HB1916	senate	1651893	2026-03-03	30	19	63.3	19		0		Senate 3rd Reading & Final Passage as Amended by the Senate	Amending voter registration challenges and managing voter registration lists.	Amending voter registration challenges and managing voter registration lists.	candidate	unbatched
HB1941	house	1661845	2026-03-12	69	26	37.7	87		1		House Final Passage as Amended by the Senate	Authorizing agricultural cooperatives for cannabis producers.	Authorizing agricultural cooperatives for cannabis producers.	candidate	unbatched
HB1941	senate	1655913	2026-03-05	30	18	60.0	19		0		Senate 3rd Reading & Final Passage as Amended by the Senate	Authorizing agricultural cooperatives for cannabis producers.	Authorizing agricultural cooperatives for cannabis producers.	candidate	unbatched
HB1946	house	1552742	2025-04-21	59	38	64.4	87		1		House Final Passage as Amended by the Senate	Clarifying tribal membership on local boards of health.	Clarifying tribal membership on local boards of health.	candidate	unbatched
HB1958	house	1552219	2025-04-18	61	35	57.4	87		0		House 3rd Reading & Final Passage	Concerning the interstate bridge replacement toll bond authority.	Concerning the interstate bridge replacement toll bond authority.	candidate	unbatched
HB1958	senate	1555426	2025-04-23	35	13	37.1	19		0		Senate 3rd Reading & Final Passage	Concerning the interstate bridge replacement toll bond authority.	Concerning the interstate bridge replacement toll bond authority.	candidate	unbatched
HB1971	house	1508995	2025-03-08	58	38	65.5	87		0		House 3rd Reading & Final Passage	Increasing access to prescription hormone therapy.	Increasing access to prescription hormone therapy.	candidate	unbatched
HB1974	house	1661031	2026-03-11	59	37	62.7	87		1		House Final Passage as Amended by the Senate	Establishing land banking authorities.	Establishing land banking authorities.	candidate	unbatched
HB1974	senate	1655835	2026-03-05	30	19	63.3	19		0		Senate 3rd Reading & Final Passage as Amended by the Senate	Establishing land banking authorities.	Establishing land banking authorities.	candidate	unbatched
HB1983	house	1632405	2026-02-12	68	26	38.2	87		0		House 3rd Reading & Final Passage	Amending the definition of timberland for purposes of determining the real estate excise tax for a governmental entity.	Amending the definition of timberland for purposes of determining the real estate excise tax for a governmental entity.	candidate	unbatched
HB1983	senate	1656299	2026-03-06	30	19	63.3	19		0		Senate 3rd Reading & Final Passage	Amending the definition of timberland for purposes of determining the real estate excise tax for a governmental entity.	Amending the definition of timberland for purposes of determining the real estate excise tax for a governmental entity.	candidate	unbatched
HB2003	house	1558649	2025-04-26	53	45	84.9	87		1		House Final Passage as Amended by the Senate	Concerning the Columbia river recreational salmon and steelhead endorsement program.	Concerning the Columbia river recreational salmon and steelhead endorsement program.	candidate	unbatched
HB2003	senate	1558648	2025-04-26	25	23	92.0	19		0		Senate 3rd Reading & Final Passage as Amended by the Senate	Concerning the Columbia river recreational salmon and steelhead endorsement program.	Concerning the Columbia river recreational salmon and steelhead endorsement program.	candidate	unbatched
HB2015	house	1554090	2025-04-22	55	42	76.4	87		1		House Final Passage as Amended by the Senate	Improving public safety funding by providing resources to local governments and state and local criminal justice agencies, and authorizing a local opt	Improving public safety funding by providing resources to local governments and state and local criminal justice agencies, and authorizing a local option tax.	candidate	unbatched
HB2015	senate	1550396	2025-04-16	30	19	63.3	19		0		Senate 3rd Reading & Final Passage as Amended by the Senate	Improving public safety funding by providing resources to local governments and state and local criminal justice agencies, and authorizing a local opt	Improving public safety funding by providing resources to local governments and state and local criminal justice agencies, and authorizing a local option tax.	candidate	unbatched
HB2034	house	1661705	2026-03-12	50	46	92.0	87		1		House Final Passage as Amended by the Senate	Concerning termination and restatement of plan 1 of the law enforcement officers' and firefighters' retirement system.	Concerning termination and restatement of plan 1 of the law enforcement officers' and firefighters' retirement system.	candidate	unbatched
HB2034	senate	1656768	2026-03-06	25	22	88.0	19		0		Senate 3rd Reading & Final Passage as Amended by the Senate	Concerning termination and restatement of plan 1 of the law enforcement officers' and firefighters' retirement system.	Concerning termination and restatement of plan 1 of the law enforcement officers' and firefighters' retirement system.	candidate	unbatched
HB2039	house	1551899	2025-04-17	56	40	71.4	87		0		House 3rd Reading & Final Passage	Concerning child support pass through.	Concerning child support pass through.	candidate	unbatched
HB2039	senate	1558652	2025-04-26	25	22	88.0	19		0		Senate 3rd Reading & Final Passage	Concerning child support pass through.	Concerning child support pass through.	candidate	unbatched
HB2040	house	1551893	2025-04-17	57	39	68.4	87	1551894	0		House 3rd Reading & Final Passage	Concerning the recovery of the aged, blind, or disabled assistance program.	Concerning the recovery of the aged, blind, or disabled assistance program.	candidate	unbatched
HB2040	senate	1558667	2025-04-26	25	22	88.0	19		0		Senate 3rd Reading & Final Passage	Concerning the recovery of the aged, blind, or disabled assistance program.	Concerning the recovery of the aged, blind, or disabled assistance program.	candidate	unbatched
HB2047	house	1558665	2025-04-26	58	40	69.0	87		1		House Final Passage as Amended by the Senate	Eliminating the Washington employee ownership program.	Eliminating the Washington employee ownership program.	candidate	unbatched
HB2047	senate	1558646	2025-04-26	25	23	92.0	19		0		Senate 3rd Reading & Final Passage as Amended by the Senate	Eliminating the Washington employee ownership program.	Eliminating the Washington employee ownership program.	candidate	unbatched
HB2049	house	1553196	2025-04-22	50	48	96.0	87		0		House 3rd Reading & Final Passage	Investing in the state's paramount duty to fund K-12 education and build strong and safe communities.	Investing in the state's paramount duty to fund K-12 education and build strong and safe communities.	candidate	unbatched
HB2049	senate	1558644	2025-04-26	28	20	71.4	19		0		Senate 3rd Reading & Final Passage	Investing in the state's paramount duty to fund K-12 education and build strong and safe communities.	Investing in the state's paramount duty to fund K-12 education and build strong and safe communities.	candidate	unbatched
HB2050	house	1558662	2025-04-26	56	42	75.0	87		1		House Final Passage as Amended by the Senate	Implementing K-12 savings and efficiencies.	Implementing K-12 savings and efficiencies.	candidate	unbatched
HB2050	senate	1558661	2025-04-26	26	22	84.6	19		0		Senate 3rd Reading & Final Passage as Amended by the Senate	Implementing K-12 savings and efficiencies.	Implementing K-12 savings and efficiencies.	candidate	unbatched
HB2051	house	1551781	2025-04-17	57	38	66.7	87		0		House 3rd Reading & Final Passage	Concerning payment to acute care hospitals for difficult to discharge medicaid patients.	Concerning payment to acute care hospitals for difficult to discharge medicaid patients.	candidate	unbatched
HB2051	senate	1558668	2025-04-26	27	20	74.1	19		0		Senate 3rd Reading & Final Passage	Concerning payment to acute care hospitals for difficult to discharge medicaid patients.	Concerning payment to acute care hospitals for difficult to discharge medicaid patients.	candidate	unbatched
HB2061	house	1552226	2025-04-18	56	40	71.4	87		0		House 3rd Reading & Final Passage	Regarding concession fees by duty-free sales enterprises.	Regarding concession fees by duty-free sales enterprises.	candidate	unbatched
HB2061	senate	1558664	2025-04-26	27	20	74.1	19		0		Senate 3rd Reading & Final Passage	Regarding concession fees by duty-free sales enterprises.	Regarding concession fees by duty-free sales enterprises.	candidate	unbatched
HB2077	house	1553195	2025-04-22	52	45	86.5	87		0		House 3rd Reading & Final Passage	Establishing a tax on certain business activities related to surpluses generated under the zero-emission vehicle program.	Establishing a tax on certain business activities related to surpluses generated under the zero-emission vehicle program.	candidate	unbatched
HB2077	senate	1558669	2025-04-26	28	19	67.9	19		0		Senate 3rd Reading & Final Passage	Establishing a tax on certain business activities related to surpluses generated under the zero-emission vehicle program.	Establishing a tax on certain business activities related to surpluses generated under the zero-emission vehicle program.	candidate	unbatched
HB2081	house	1553169	2025-04-22	50	48	96.0	87		0		House 3rd Reading & Final Passage	Modifying business and occupation tax surcharges, rates, and the advanced computing surcharge cap, clarifying the business and occupation tax deductio	Modifying business and occupation tax surcharges, rates, and the advanced computing surcharge cap, clarifying the business and occupation tax deduction for certain investments, and creating a temporary business and occupation tax surcharge on large companies.	candidate	unbatched
HB2081	senate	1558647	2025-04-26	26	22	84.6	19		0		Senate 3rd Reading & Final Passage	Modifying business and occupation tax surcharges, rates, and the advanced computing surcharge cap, clarifying the business and occupation tax deductio	Modifying business and occupation tax surcharges, rates, and the advanced computing surcharge cap, clarifying the business and occupation tax deduction for certain investments, and creating a temporary business and occupation tax surcharge on large companies.	candidate	unbatched
HB2089	house	1633920	2026-02-13	52	40	76.9	87		0		House 3rd Reading & Final Passage	Supporting wildfire mitigation by modifying RCW 82.04.29005, concerning taxes on loan interest.	Supporting wildfire mitigation by modifying RCW 82.04.29005, concerning taxes on loan interest.	candidate	unbatched
HB2089	senate	1660855	2026-03-11	27	21	77.8	19		0		Senate 3rd Reading & Final Passage	Supporting wildfire mitigation by modifying RCW 82.04.29005, concerning taxes on loan interest.	Supporting wildfire mitigation by modifying RCW 82.04.29005, concerning taxes on loan interest.	candidate	unbatched
HB2105	house	1661089	2026-03-11	58	38	65.5	87		1		House Final Passage as Amended by the Senate	Concerning immigrant worker protections.	Concerning immigrant worker protections.	candidate	unbatched
HB2105	senate	1655460	2026-03-05	27	21	77.8	19		0		Senate 3rd Reading & Final Passage as Amended by the Senate	Concerning immigrant worker protections.	Concerning immigrant worker protections.	candidate	unbatched
HB2156	house	1660084	2026-03-11	54	33	61.1	87	1660085	1		House Final Passage as Amended by the Senate	Concerning the authority of investigators of the attorney general's office.	Concerning the authority of investigators of the attorney general's office.	candidate	unbatched
HB2156	senate	1655906	2026-03-05	29	19	65.5	19		0		Senate 3rd Reading & Final Passage as Amended by the Senate	Concerning the authority of investigators of the attorney general's office.	Concerning the authority of investigators of the attorney general's office.	candidate	unbatched
HB2165	house	1657587	2026-03-09	66	29	43.9	87		1		House Final Passage as Amended by the Senate	Concerning false identification as a peace officer.	Concerning false identification as a peace officer.	candidate	unbatched
HB2165	senate	1651574	2026-03-03	30	18	60.0	19		0		Senate 3rd Reading & Final Passage as Amended by the Senate	Concerning false identification as a peace officer.	Concerning false identification as a peace officer.	candidate	unbatched
HB2215	house	1661847	2026-03-12	57	38	66.7	87		1	yes	House Final Passage as Amended by the Senate	Concerning climate commitment act compliance obligations for fuels supplied or otherwise sold into Washington.	Concerning climate commitment act compliance obligations for fuels supplied or otherwise sold into Washington.	candidate	unbatched
HB2219	house	1656973	2026-03-09	67	28	41.8	87		1		House Final Passage as Amended by the Senate	Enhancing the operational efficiency of child care providers.	Enhancing the operational efficiency of child care providers.	candidate	unbatched
HB2225	house	1661106	2026-03-11	74	21	28.4	87		1		House Final Passage as Amended by the Senate	Revised for 1st substitute: Regulating artificial intelligence companion chatbots.	Revised for 1st substitute: Regulating artificial intelligence companion chatbots.	candidate	unbatched
HB2229	house	1628257	2026-02-10	68	26	38.2	87		0		House 3rd Reading & Final Passage	Concerning the professional engineers' registration act.	Concerning the professional engineers' registration act.	candidate	unbatched
HB2229	senate	1656281	2026-03-06	37	11	29.7	19		0		Senate 3rd Reading & Final Passage	Concerning the professional engineers' registration act.	Concerning the professional engineers' registration act.	candidate	unbatched
HB2242	house	1631017	2026-02-11	57	39	68.4	87		0		House 3rd Reading & Final Passage	Preserving access to preventive services by clarifying state authority and definitions.	Preserving access to preventive services by clarifying state authority and definitions.	candidate	unbatched
HB2242	senate	1646832	2026-02-26	36	12	33.3	19		0		Senate 3rd Reading & Final Passage	Preserving access to preventive services by clarifying state authority and definitions.	Preserving access to preventive services by clarifying state authority and definitions.	candidate	unbatched
HB2247	senate	1656394	2026-03-06	30	18	60.0	19		0		Senate 3rd Reading & Final Passage as Amended by the Senate	Concerning veterinarian-client-patient relationships.	Concerning veterinarian-client-patient relationships.	candidate	unbatched
HB2251	house	1659908	2026-03-11	54	40	74.1	87		1		House Final Passage as Amended by the Senate	Concerning climate commitment act accounts.	Concerning climate commitment act accounts.	candidate	unbatched
HB2251	senate	1656599	2026-03-06	34	14	41.2	19		0		Senate 3rd Reading & Final Passage as Amended by the Senate	Concerning climate commitment act accounts.	Concerning climate commitment act accounts.	candidate	unbatched
HB2266	house	1657315	2026-03-09	56	39	69.6	87		1		House Final Passage as Amended by the Senate	Encouraging permanent supportive housing, transitional housing, indoor emergency housing, and indoor emergency shelters.	Encouraging permanent supportive housing, transitional housing, indoor emergency housing, and indoor emergency shelters.	candidate	unbatched
HB2266	senate	1653987	2026-03-04	29	20	69.0	19		0		Senate 3rd Reading & Final Passage as Amended by the Senate	Encouraging permanent supportive housing, transitional housing, indoor emergency housing, and indoor emergency shelters.	Encouraging permanent supportive housing, transitional housing, indoor emergency housing, and indoor emergency shelters.	candidate	unbatched
HB2294	house	1633906	2026-02-13	69	25	36.2	87		0		House 3rd Reading & Final Passage	Prohibiting negative use restrictions on real property that have the effect of limiting consumer access to food and medicine.	Prohibiting negative use restrictions on real property that have the effect of limiting consumer access to food and medicine.	candidate	unbatched
HB2294	senate	1651880	2026-03-03	35	14	40.0	19		0		Senate 3rd Reading & Final Passage	Prohibiting negative use restrictions on real property that have the effect of limiting consumer access to food and medicine.	Prohibiting negative use restrictions on real property that have the effect of limiting consumer access to food and medicine.	candidate	unbatched
HB2320	house	1659870	2026-03-11	58	38	65.5	87		1		House Final Passage as Amended by the Senate	Concerning the regulation of firearm manufacturing.	Concerning the regulation of firearm manufacturing.	candidate	unbatched
HB2320	senate	1648400	2026-02-28	29	18	62.1	19		0		Senate 3rd Reading & Final Passage as Amended by the Senate	Concerning the regulation of firearm manufacturing.	Concerning the regulation of firearm manufacturing.	candidate	unbatched
HB2353	senate	1655659	2026-03-05	38	10	26.3	19		0		Senate 3rd Reading & Final Passage	Concerning predesign thresholds.	Concerning predesign thresholds.	candidate	unbatched
HB2355	house	1632720	2026-02-12	57	39	68.4	87		0		House 3rd Reading & Final Passage	Establishing labor protections for domestic workers.	Establishing labor protections for domestic workers.	candidate	unbatched
HB2355	senate	1646965	2026-02-26	28	20	71.4	19		0		Senate 3rd Reading & Final Passage	Establishing labor protections for domestic workers.	Establishing labor protections for domestic workers.	candidate	unbatched
HB2367	house	1632843	2026-02-12	63	33	52.4	87		0		House 3rd Reading & Final Passage	Eliminating preferential treatment related to a coal-fired electric generating plant.	Eliminating preferential treatment related to a coal-fired electric generating plant.	candidate	unbatched
HB2367	senate	1648403	2026-02-28	29	19	65.5	19		0		Senate 3rd Reading & Final Passage	Eliminating preferential treatment related to a coal-fired electric generating plant.	Eliminating preferential treatment related to a coal-fired electric generating plant.	candidate	unbatched
HB2384	senate	1651878	2026-03-03	37	12	32.4	19		0		Senate 3rd Reading & Final Passage as Amended by the Senate	Increasing regulatory oversight of continuing care retirement communities.	Increasing regulatory oversight of continuing care retirement communities.	candidate	unbatched
HB2385	house	1630683	2026-02-11	57	38	66.7	87		0		House 3rd Reading & Final Passage	Concerning the medicaid access program.	Concerning the medicaid access program.	candidate	unbatched
HB2385	senate	1656258	2026-03-06	30	18	60.0	19		0		Senate 3rd Reading & Final Passage	Concerning the medicaid access program.	Concerning the medicaid access program.	candidate	unbatched
HB2411	house	1619421	2026-01-29	60	36	60.0	87		0		House 3rd Reading & Final Passage	Modifying shared leave provisions to authorize shared leave for victims of a hate crime and those whose absence is due to immigration enforcement acti	Modifying shared leave provisions to authorize shared leave for victims of a hate crime and those whose absence is due to immigration enforcement actions against the employee or the employee's relative.	candidate	unbatched
HB2411	senate	1654684	2026-03-05	30	19	63.3	19		0		Senate 3rd Reading & Final Passage	Modifying shared leave provisions to authorize shared leave for victims of a hate crime and those whose absence is due to immigration enforcement acti	Modifying shared leave provisions to authorize shared leave for victims of a hate crime and those whose absence is due to immigration enforcement actions against the employee or the employee's relative.	candidate	unbatched
HB2416	house	1661100	2026-03-11	76	20	26.3	87		1		House Final Passage as Amended by the Senate	Concerning fair treatment of waste to energy facilities under the climate commitment act.	Concerning fair treatment of waste to energy facilities under the climate commitment act.	candidate	unbatched
HB2416	senate	1653865	2026-03-04	39	10	25.6	19		0		Senate 3rd Reading & Final Passage as Amended by the Senate	Concerning fair treatment of waste to energy facilities under the climate commitment act.	Concerning fair treatment of waste to energy facilities under the climate commitment act.	candidate	unbatched
HB2442	house	1661021	2026-03-11	51	45	88.2	87		1		House Final Passage as Amended by the Senate	Providing local governments tax resources and fund flexibility.	Providing local governments tax resources and fund flexibility.	candidate	unbatched
HB2442	senate	1655711	2026-03-05	26	22	84.6	19		0		Senate 3rd Reading & Final Passage as Amended by the Senate	Providing local governments tax resources and fund flexibility.	Providing local governments tax resources and fund flexibility.	candidate	unbatched
HB2445	house	1660250	2026-03-11	66	29	43.9	87		1		House Final Passage as Amended by the Senate	Ending probates for profit.	Ending probates for profit.	candidate	unbatched
HB2471	house	1633310	2026-02-13	58	35	60.3	87		0		House 3rd Reading & Final Passage	Concerning collective bargaining for employees not covered by the national labor relations act.	Concerning collective bargaining for employees not covered by the national labor relations act.	candidate	unbatched
HB2471	senate	1653483	2026-03-04	31	18	58.1	19		0		Senate 3rd Reading & Final Passage	Concerning collective bargaining for employees not covered by the national labor relations act.	Concerning collective bargaining for employees not covered by the national labor relations act.	candidate	unbatched
HB2475	house	1634047	2026-02-16	62	33	53.2	87		0		House 3rd Reading & Final Passage	Concerning language accessible public programs, activities, and services conducted, operated, or administered by state agencies.	Concerning language accessible public programs, activities, and services conducted, operated, or administered by state agencies.	candidate	unbatched
HB2475	senate	1654985	2026-03-05	30	17	56.7	19		0		Senate 3rd Reading & Final Passage	Concerning language accessible public programs, activities, and services conducted, operated, or administered by state agencies.	Concerning language accessible public programs, activities, and services conducted, operated, or administered by state agencies.	candidate	unbatched
HB2476	senate	1651439	2026-03-03	38	10	26.3	19		0		Senate 3rd Reading & Final Passage	Modifying the spirits, beer, and wine theater license.	Modifying the spirits, beer, and wine theater license.	candidate	unbatched
HB2487	house	1656837	2026-03-06	51	44	86.3	87		0		House 3rd Reading & Final Passage	Concerning taxes imposed on insurers operating within the state.	Concerning taxes imposed on insurers operating within the state.	candidate	unbatched
HB2487	senate	1660293	2026-03-11	27	22	81.5	19		0		Senate 3rd Reading & Final Passage	Concerning taxes imposed on insurers operating within the state.	Concerning taxes imposed on insurers operating within the state.	candidate	unbatched
HB2496	house	1657652	2026-03-09	71	24	33.8	87		1		House Final Passage as Amended by the Senate	Concerning tribal consultation conducted by the energy facility site evaluation council.	Concerning tribal consultation conducted by the energy facility site evaluation council.	candidate	unbatched
HB2496	senate	1648374	2026-02-28	30	19	63.3	19		0		Senate 3rd Reading & Final Passage as Amended by the Senate	Concerning tribal consultation conducted by the energy facility site evaluation council.	Concerning tribal consultation conducted by the energy facility site evaluation council.	candidate	unbatched
HB2521	house	1640917	2026-02-23	53	36	67.9	87		0		House 3rd Reading & Final Passage	Concerning firearms background check.	Concerning firearms background check.	candidate	unbatched
HB2521	senate	1657603	2026-03-09	28	21	75.0	19		0		Senate 3rd Reading & Final Passage	Concerning firearms background check.	Concerning firearms background check.	candidate	unbatched
HB2539	house	1660386	2026-03-11	57	38	66.7	87		1		House Final Passage as Amended by the Senate	Concerning inmate funds.	Concerning inmate funds.	candidate	unbatched
HB2539	senate	1652031	2026-03-03	30	18	60.0	19		0		Senate 3rd Reading & Final Passage as Amended by the Senate	Concerning inmate funds.	Concerning inmate funds.	candidate	unbatched
HB2543	senate	1652020	2026-03-03	33	15	45.5	19		0		Senate 3rd Reading & Final Passage	Concerning county clerk fees.	Concerning county clerk fees.	candidate	unbatched
HB2548	house	1659823	2026-03-11	55	41	74.5	87		1		House Final Passage as Amended by the Senate	Strengthening health care market standards.	Strengthening health care market standards.	candidate	unbatched
HB2548	senate	1655349	2026-03-05	30	19	63.3	19		0		Senate 3rd Reading & Final Passage as Amended by the Senate	Strengthening health care market standards.	Strengthening health care market standards.	candidate	unbatched
HB2554	house	1633601	2026-02-13	64	28	43.8	87		0		House 3rd Reading & Final Passage	Recognizing judicially affirmed and treaty-reserved fishing rights and promoting state-tribal cooperative agreements in the management of salmon, trou	Recognizing judicially affirmed and treaty-reserved fishing rights and promoting state-tribal cooperative agreements in the management of salmon, trout, and steelhead resources.	candidate	unbatched
HB2588	house	1660827	2026-03-11	56	40	71.4	87		1		House Final Passage as Amended by the Senate	Concerning county ferry district authority.	Concerning county ferry district authority.	candidate	unbatched
HB2588	senate	1656639	2026-03-06	30	17	56.7	19		0		Senate 3rd Reading & Final Passage as Amended by the Senate	Concerning county ferry district authority.	Concerning county ferry district authority.	candidate	unbatched
HB2624	house	1661105	2026-03-11	59	37	62.7	87		1		House Final Passage as Amended by the Senate	Clarifying consumer protections regarding unsolicited real estate transactions for public purposes or by nonprofit land conservancies.	Clarifying consumer protections regarding unsolicited real estate transactions for public purposes or by nonprofit land conservancies.	candidate	unbatched
HB2624	senate	1655777	2026-03-05	30	18	60.0	19		0		Senate 3rd Reading & Final Passage as Amended by the Senate	Clarifying consumer protections regarding unsolicited real estate transactions for public purposes or by nonprofit land conservancies.	Clarifying consumer protections regarding unsolicited real estate transactions for public purposes or by nonprofit land conservancies.	candidate	unbatched
HB2632	house	1634810	2026-02-16	58	39	67.2	87		0		House 3rd Reading & Final Passage	Modernizing terminology when referring to individuals who are not citizens or nationals of the United States.	Modernizing terminology when referring to individuals who are not citizens or nationals of the United States.	candidate	unbatched
HB2632	senate	1650997	2026-03-03	31	18	58.1	19		0		Senate 3rd Reading & Final Passage	Modernizing terminology when referring to individuals who are not citizens or nationals of the United States.	Modernizing terminology when referring to individuals who are not citizens or nationals of the United States.	candidate	unbatched
HB2681	house	1648376	2026-02-28	52	42	80.8	87		0		House 3rd Reading & Final Passage	Revised for engrossed: Concerning cannabis license fees.	Revised for engrossed: Concerning cannabis license fees.	candidate	unbatched
HB2681	senate	1660237	2026-03-11	29	20	69.0	19		0		Senate 3rd Reading & Final Passage	Revised for engrossed: Concerning cannabis license fees.	Revised for engrossed: Concerning cannabis license fees.	candidate	unbatched
HB2689	house	1661126	2026-03-11	51	45	88.2	87		1		House Final Passage as Amended by the Senate	Concerning the working connections child care program.	Concerning the working connections child care program.	candidate	unbatched
HB2689	senate	1660150	2026-03-11	33	16	48.5	19		0		Senate 3rd Reading & Final Passage as Amended by the Senate	Concerning the working connections child care program.	Concerning the working connections child care program.	candidate	unbatched
HB2711	house	1661120	2026-03-11	54	42	77.8	87		1		House Final Passage as Amended by the Senate	Concerning transportation resources.	Concerning transportation resources.	candidate	unbatched
HB2711	senate	1659879	2026-03-11	33	15	45.5	19		0		Senate 3rd Reading & Final Passage as Amended by the Senate	Concerning transportation resources.	Concerning transportation resources.	candidate	unbatched
SB5030	house	1543914	2025-04-10	62	33	53.2	87		0		House 3rd Reading & Final Passage	Improving access to educational services by reducing barriers to obtaining vital records and allowing alternative forms of documentation.	Improving access to educational services by reducing barriers to obtaining vital records and allowing alternative forms of documentation.	candidate	unbatched
SB5036	senate	1551961	2025-04-17	30	19	63.3	19		1		Senate Final Passage as Amended by the House	Strengthening Washington's leadership and accountability on climate policy by transitioning to annual reporting of statewide emissions data.	Strengthening Washington's leadership and accountability on climate policy by transitioning to annual reporting of statewide emissions data.	candidate	unbatched
SB5040	house	1546742	2025-04-12	59	35	59.3	87		0		House 3rd Reading & Final Passage	Revised for 1st substitute: Expanding the definition of uniformed personnel to all law enforcement officers employed by a city, town, county, or gover	Revised for 1st substitute: Expanding the definition of uniformed personnel to all law enforcement officers employed by a city, town, county, or governing body of a municipal airport operating under the provisions of chapter 14.08 RCW.	candidate	unbatched
SB5040	senate	1499558	2025-02-25	31	18	58.1	19		0		Senate 3rd Reading & Final Passage	Revised for 1st substitute: Expanding the definition of uniformed personnel to all law enforcement officers employed by a city, town, county, or gover	Revised for 1st substitute: Expanding the definition of uniformed personnel to all law enforcement officers employed by a city, town, county, or governing body of a municipal airport operating under the provisions of chapter 14.08 RCW.	candidate	unbatched
SB5041	house	1558252	2025-04-25	51	45	88.2	87		1		House Final Passage as Recommended by the Conference Committee	Concerning unemployment insurance benefits for striking or lockout workers.	Concerning unemployment insurance benefits for striking or lockout workers.	candidate	unbatched
SB5041	senate	1558618	2025-04-25	27	21	77.8	19		1		Senate Final Passage as Recommended by Conference Committee	Concerning unemployment insurance benefits for striking or lockout workers.	Concerning unemployment insurance benefits for striking or lockout workers.	candidate	unbatched
SB5065	house	1543214	2025-04-09	65	32	49.2	87		0		House 3rd Reading & Final Passage	Prohibiting the use of certain animals in traveling animal acts.	Prohibiting the use of certain animals in traveling animal acts.	candidate	unbatched
SB5065	senate	1484290	2025-02-07	30	19	63.3	19		0		Senate 3rd Reading & Final Passage	Prohibiting the use of certain animals in traveling animal acts.	Prohibiting the use of certain animals in traveling animal acts.	candidate	unbatched
SB5068	house	1656302	2026-03-06	62	33	53.2	87		0		House Final Passage as Amended by the House	Concerning agencies, firefighters, prosecutors, and general or limited authority law enforcement, extending eligibility for employment to all United S	Concerning agencies, firefighters, prosecutors, and general or limited authority law enforcement, extending eligibility for employment to all United States citizens or persons legally authorized to work in the United States under federal law.	candidate	unbatched
SB5068	senate	1657124	2026-03-09	28	19	67.9	19		2		Senate Final Passage as Amended by the House	Concerning agencies, firefighters, prosecutors, and general or limited authority law enforcement, extending eligibility for employment to all United S	Concerning agencies, firefighters, prosecutors, and general or limited authority law enforcement, extending eligibility for employment to all United States citizens or persons legally authorized to work in the United States under federal law.	candidate	unbatched
SB5077	house	1546514	2025-04-11	59	37	62.7	87		0		House Final Passage as Amended by the House	Concerning expansion of voter registration services by government agencies.	Concerning expansion of voter registration services by government agencies.	candidate	unbatched
SB5077	senate	1551460	2025-04-17	30	19	63.3	19		1		Senate Final Passage as Amended by the House	Concerning expansion of voter registration services by government agencies.	Concerning expansion of voter registration services by government agencies.	candidate	unbatched
SB5083	house	1553729	2025-04-22	57	39	68.4	87		0		House Final Passage as Amended by the House	Ensuring access to primary care, behavioral health, and affordable hospital services.	Ensuring access to primary care, behavioral health, and affordable hospital services.	candidate	unbatched
SB5083	senate	1557398	2025-04-24	29	19	65.5	19		1		Senate Final Passage as Amended by the House	Ensuring access to primary care, behavioral health, and affordable hospital services.	Ensuring access to primary care, behavioral health, and affordable hospital services.	candidate	unbatched
SB5093	house	1542322	2025-04-09	58	39	67.2	87		0		House Final Passage as Amended by the House	Concerning dignity in pregnancy loss.	Concerning dignity in pregnancy loss.	candidate	unbatched
SB5093	senate	1551396	2025-04-17	30	19	63.3	19		1		Senate Final Passage as Amended by the House	Concerning dignity in pregnancy loss.	Concerning dignity in pregnancy loss.	candidate	unbatched
SB5101	house	1549473	2025-04-15	59	38	64.4	87		0		House 3rd Reading & Final Passage	Expanding access to leave and safety accommodations to include workers who are victims of hate crimes or bias incidents.	Expanding access to leave and safety accommodations to include workers who are victims of hate crimes or bias incidents.	candidate	unbatched
SB5102	house	1546332	2025-04-11	74	21	28.4	87		0		House 3rd Reading & Final Passage	Establishing a public records exemption for the proprietary information of public risk pools.	Establishing a public records exemption for the proprietary information of public risk pools.	candidate	unbatched
SB5104	house	1547769	2025-04-14	59	38	64.4	87		0		House 3rd Reading & Final Passage	Protecting employees from coercion in the workplace based on immigration status.	Protecting employees from coercion in the workplace based on immigration status.	candidate	unbatched
SB5106	house	1531555	2025-03-31	68	29	42.6	87		0		House 3rd Reading & Final Passage	Revised for 1st substitute: Celebrating Eid al-Fitr and Eid al-Adha.	Revised for 1st substitute: Celebrating Eid al-Fitr and Eid al-Adha.	candidate	unbatched
SB5122	house	1528077	2025-03-26	59	39	66.1	87		0		House 3rd Reading & Final Passage	Enacting the uniform antitrust premerger notification act.	Enacting the uniform antitrust premerger notification act.	candidate	unbatched
SB5122	senate	1482772	2025-02-05	30	19	63.3	19		0		Senate 3rd Reading & Final Passage	Enacting the uniform antitrust premerger notification act.	Enacting the uniform antitrust premerger notification act.	candidate	unbatched
SB5127	house	1549303	2025-04-15	76	21	27.6	87		0		House Final Passage as Amended by the House	Creating additional requirements for collector vehicle and horseless carriage license plates to improve compliance and public safety.	Creating additional requirements for collector vehicle and horseless carriage license plates to improve compliance and public safety.	candidate	unbatched
SB5127	senate	1554737	2025-04-22	33	15	45.5	19		1		Senate Final Passage as Amended by the House	Creating additional requirements for collector vehicle and horseless carriage license plates to improve compliance and public safety.	Creating additional requirements for collector vehicle and horseless carriage license plates to improve compliance and public safety.	candidate	unbatched
SB5138	house	1546751	2025-04-12	62	32	51.6	87		0		House Final Passage as Amended by the House	Concerning public facilities districts.	Concerning public facilities districts.	candidate	unbatched
SB5138	senate	1551879	2025-04-17	31	18	58.1	19		1		Senate Final Passage as Amended by the House	Concerning public facilities districts.	Concerning public facilities districts.	candidate	unbatched
SB5139	house	1543936	2025-04-10	58	37	63.8	87		0		House Final Passage as Amended by the House	Concerning reentry council.	Concerning reentry council.	candidate	unbatched
SB5139	senate	1551960	2025-04-17	30	19	63.3	19		1		Senate Final Passage as Amended by the House	Concerning reentry council.	Concerning reentry council.	candidate	unbatched
SB5143	house	1556270	2025-04-23	58	39	67.2	87		2		House Final Passage as Amended by the House	Concerning the ethics in public service act.	Concerning the ethics in public service act.	candidate	unbatched
SB5161	senate	1558726	2025-04-27	34	13	38.2	19		1	yes	Senate Final Passage as Recommended by Conference Committee	Revised for 1st substitute: Addressing transportation fiscal matters.	Revised for 1st substitute: Addressing transportation fiscal matters.	candidate	unbatched
SB5167	house	1558691	2025-04-27	52	45	86.5	87		1	yes	House Final Passage as Recommended by the Conference Committee	Revised for 1st substitute: Making 2025-2027 fiscal biennium operating appropriations and 2023-2025 fiscal biennium second supplemental operating appr	Revised for 1st substitute: Making 2025-2027 fiscal biennium operating appropriations and 2023-2025 fiscal biennium second supplemental operating appropriations.	candidate	unbatched
SB5167	senate	1558692	2025-04-27	28	19	67.9	19		1	yes	Senate Final Passage as Recommended by Conference Committee	Revised for 1st substitute: Making 2025-2027 fiscal biennium operating appropriations and 2023-2025 fiscal biennium second supplemental operating appr	Revised for 1st substitute: Making 2025-2027 fiscal biennium operating appropriations and 2023-2025 fiscal biennium second supplemental operating appropriations.	candidate	unbatched
SB5175	house	1543823	2025-04-10	58	37	63.8	87		0		House 3rd Reading & Final Passage	Concerning the photovoltaic module stewardship and takeback program.	Concerning the photovoltaic module stewardship and takeback program.	candidate	unbatched
SB5184	house	1546391	2025-04-11	64	31	48.4	87		0		House Final Passage as Amended by the House	Concerning minimum parking requirements.	Concerning minimum parking requirements.	candidate	unbatched
SB5184	senate	1551575	2025-04-17	36	13	36.1	19		1		Senate Final Passage as Amended by the House	Concerning minimum parking requirements.	Concerning minimum parking requirements.	candidate	unbatched
SB5189	house	1549114	2025-04-15	63	33	52.4	87		0		House Final Passage as Amended by the House	Supporting the implementation of competency-based education.	Supporting the implementation of competency-based education.	candidate	unbatched
SB5199	house	1546360	2025-04-11	57	38	66.7	87		0		House 3rd Reading & Final Passage	Providing compensation to members of the department of children, youth, and families oversight board with direct lived experience.	Providing compensation to members of the department of children, youth, and families oversight board with direct lived experience.	candidate	unbatched
SB5202	house	1543025	2025-04-09	59	39	66.1	87		0		House 3rd Reading & Final Passage	Ensuring the efficacy of judicial orders as harm reduction tools that increase the safety of survivors of abuse and support law enforcement in their e	Ensuring the efficacy of judicial orders as harm reduction tools that increase the safety of survivors of abuse and support law enforcement in their efforts to enforce the law.	candidate	unbatched
SB5202	senate	1487864	2025-02-12	36	13	36.1	19		0		Senate 3rd Reading & Final Passage	Ensuring the efficacy of judicial orders as harm reduction tools that increase the safety of survivors of abuse and support law enforcement in their e	Ensuring the efficacy of judicial orders as harm reduction tools that increase the safety of survivors of abuse and support law enforcement in their efforts to enforce the law.	candidate	unbatched
SB5206	house	1549845	2025-04-16	72	23	31.9	87		0		House Final Passage as Amended by the House	Concerning cannabis retailer advertising.	Concerning cannabis retailer advertising.	candidate	unbatched
SB5206	senate	1552327	2025-04-18	38	10	26.3	19		1		Senate Final Passage as Amended by the House	Concerning cannabis retailer advertising.	Concerning cannabis retailer advertising.	candidate	unbatched
SB5209	house	1531203	2025-03-31	58	39	67.2	87		0		House 3rd Reading & Final Passage	Explicitly listing the department of labor and industries in the definition of limited authority Washington law enforcement agency while not granting	Explicitly listing the department of labor and industries in the definition of limited authority Washington law enforcement agency while not granting new enforcement authority.	candidate	unbatched
SB5217	house	1546992	2025-04-14	71	25	35.2	87		0		House Final Passage as Amended by the House	Expanding pregnancy-related accommodations.	Expanding pregnancy-related accommodations.	candidate	unbatched
SB5219	house	1546500	2025-04-11	54	42	77.8	87		0		House Final Passage as Amended by the House	Concerning partial confinement eligibility and alignment.	Concerning partial confinement eligibility and alignment.	candidate	unbatched
SB5219	senate	1552227	2025-04-18	28	20	71.4	19		1		Senate Final Passage as Amended by the House	Concerning partial confinement eligibility and alignment.	Concerning partial confinement eligibility and alignment.	candidate	unbatched
SB5232	house	1547909	2025-04-14	59	38	64.4	87		0	yes	House Final Passage as Amended by the House	Revised for 1st substitute: Supporting economic security by updating provisions related to the home security fund and the essential needs and housing	Revised for 1st substitute: Supporting economic security by updating provisions related to the home security fund and the essential needs and housing support program.	candidate	unbatched
SB5232	senate	1552214	2025-04-18	30	18	60.0	19		1	yes	Senate Final Passage as Amended by the House	Revised for 1st substitute: Supporting economic security by updating provisions related to the home security fund and the essential needs and housing	Revised for 1st substitute: Supporting economic security by updating provisions related to the home security fund and the essential needs and housing support program.	candidate	unbatched
SB5284	house	1548059	2025-04-14	51	45	88.2	87		0		House Final Passage as Amended by the House	Improving Washington's solid waste management outcomes.	Improving Washington's solid waste management outcomes.	candidate	unbatched
SB5284	senate	1555836	2025-04-23	27	21	77.8	19		1		Senate Final Passage as Amended by the House	Improving Washington's solid waste management outcomes.	Improving Washington's solid waste management outcomes.	candidate	unbatched
SB5291	senate	1554385	2025-04-22	35	13	37.1	19		1		Senate Final Passage as Amended by the House	Implementing the recommendations of the long-term services and supports trust commission.	Implementing the recommendations of the long-term services and supports trust commission.	candidate	unbatched
SB5313	house	1548624	2025-04-15	58	38	65.5	87		0		House Final Passage as Amended by the House	Adding to the list of provisions prohibited from rental agreements.	Adding to the list of provisions prohibited from rental agreements.	candidate	unbatched
SB5313	senate	1552208	2025-04-18	36	13	36.1	19		1		Senate Final Passage as Amended by the House	Adding to the list of provisions prohibited from rental agreements.	Adding to the list of provisions prohibited from rental agreements.	candidate	unbatched
SB5314	house	1546335	2025-04-11	59	37	62.7	87		0		House Final Passage as Amended by the House	Modifying the capital gains tax.	Modifying the capital gains tax.	candidate	unbatched
SB5314	senate	1552336	2025-04-18	30	19	63.3	19		1		Senate Final Passage as Amended by the House	Modifying the capital gains tax.	Modifying the capital gains tax.	candidate	unbatched
SB5319	house	1550579	2025-04-16	60	37	61.7	87		0		House Final Passage as Amended by the House	Establishing surface mine reclamation permit fees.	Establishing surface mine reclamation permit fees.	candidate	unbatched
SB5319	senate	1555352	2025-04-23	27	20	74.1	19		1		Senate Final Passage as Amended by the House	Establishing surface mine reclamation permit fees.	Establishing surface mine reclamation permit fees.	candidate	unbatched
SB5346	house	1653635	2026-03-04	63	34	54.0	87		0		House Final Passage as Amended by the House	Revised for 1st substitute: Addressing student use of mobile devices in public schools.	Revised for 1st substitute: Addressing student use of mobile devices in public schools.	candidate	unbatched
SB5357	senate	1557210	2025-04-24	29	19	65.5	19		1		Senate Final Passage as Amended by the House	Concerning actuarial funding of pension systems.	Concerning actuarial funding of pension systems.	candidate	unbatched
SB5375	house	1546499	2025-04-11	64	31	48.4	87		0		House 3rd Reading & Final Passage	Concerning the duty of clergy to report child abuse and neglect.	Concerning the duty of clergy to report child abuse and neglect.	candidate	unbatched
SB5375	senate	1502646	2025-02-28	28	20	71.4	19		0		Senate 3rd Reading & Final Passage	Concerning the duty of clergy to report child abuse and neglect.	Concerning the duty of clergy to report child abuse and neglect.	candidate	unbatched
SB5388	house	1546498	2025-04-11	73	21	28.8	87		0		House Final Passage as Amended by the House	Concerning department of corrections behavioral health certification.	Concerning department of corrections behavioral health certification.	candidate	unbatched
SB5390	house	1554150	2025-04-22	52	46	88.5	87		0	yes	House Final Passage as Amended by the House	Revised for engrossed: Concerning access to recreation sites or lands.	Revised for engrossed: Concerning access to recreation sites or lands.	candidate	unbatched
SB5390	senate	1557084	2025-04-24	27	21	77.8	19		1	yes	Senate Final Passage as Amended by the House	Revised for engrossed: Concerning access to recreation sites or lands.	Revised for engrossed: Concerning access to recreation sites or lands.	candidate	unbatched
SB5393	house	1558650	2025-04-26	76	22	28.9	87		0		House Final Passage as Amended by the House	Revised for 1st substitute: Closing the Rainier school by June 30, 2027.	Revised for 1st substitute: Closing the Rainier school by June 30, 2027.	candidate	unbatched
SB5393	senate	1558697	2025-04-27	33	13	39.4	19		1		Senate Final Passage as Amended by the House	Revised for 1st substitute: Closing the Rainier school by June 30, 2027.	Revised for 1st substitute: Closing the Rainier school by June 30, 2027.	candidate	unbatched
SB5403	house	1546455	2025-04-11	57	37	64.9	87		0		House Final Passage as Amended by the House	Revised for engrossed: Limiting financial interest agreements for licensed cannabis retailers.	Revised for engrossed: Limiting financial interest agreements for licensed cannabis retailers.	candidate	unbatched
SB5412	house	1547847	2025-04-14	60	36	60.0	87		0		House Final Passage as Amended by the House	Providing temporary interfund loans for school districts.	Providing temporary interfund loans for school districts.	candidate	unbatched
SB5412	senate	1551921	2025-04-17	29	20	69.0	19		1		Senate Final Passage as Amended by the House	Providing temporary interfund loans for school districts.	Providing temporary interfund loans for school districts.	candidate	unbatched
SB5414	house	1542660	2025-04-09	59	39	66.1	87		0		House 3rd Reading & Final Passage	Requiring social equity impact analysis in performance audits and legislative public hearings thereon.	Requiring social equity impact analysis in performance audits and legislative public hearings thereon.	candidate	unbatched
SB5414	senate	1505540	2025-03-04	30	19	63.3	19		0		Senate 3rd Reading & Final Passage	Requiring social equity impact analysis in performance audits and legislative public hearings thereon.	Requiring social equity impact analysis in performance audits and legislative public hearings thereon.	candidate	unbatched
SB5459	senate	1503823	2025-03-03	30	19	63.3	19		0		Senate 3rd Reading & Final Passage	Concerning call center retention.	Concerning call center retention.	candidate	unbatched
SB5463	house	1546397	2025-04-11	64	32	50.0	87		0		House Final Passage as Amended by the House	Concerning the duties of industrial insurance self-insured employers and third-party administrators.	Concerning the duties of industrial insurance self-insured employers and third-party administrators.	candidate	unbatched
SB5463	senate	1553681	2025-04-22	28	20	71.4	19		1		Senate Final Passage as Amended by the House	Concerning the duties of industrial insurance self-insured employers and third-party administrators.	Concerning the duties of industrial insurance self-insured employers and third-party administrators.	candidate	unbatched
SB5480	house	1543189	2025-04-09	59	38	64.4	87		0		House 3rd Reading & Final Passage	Protecting consumers by removing barriers created by medical debt.	Protecting consumers by removing barriers created by medical debt.	candidate	unbatched
SB5480	senate	1500199	2025-02-26	35	12	34.3	19		0		Senate 3rd Reading & Final Passage	Protecting consumers by removing barriers created by medical debt.	Protecting consumers by removing barriers created by medical debt.	candidate	unbatched
SB5486	senate	1554846	2025-04-22	34	14	41.2	19		1		Senate Final Passage as Amended by the House	Concerning open motion picture captioning in motion picture theaters.	Concerning open motion picture captioning in motion picture theaters.	candidate	unbatched
SB5494	house	1545855	2025-04-11	63	33	52.4	87		0		House 3rd Reading & Final Passage	Protecting Washington communities from lead-based paint.	Protecting Washington communities from lead-based paint.	candidate	unbatched
SB5494	senate	1508793	2025-03-07	31	18	58.1	19		0		Senate 3rd Reading & Final Passage	Protecting Washington communities from lead-based paint.	Protecting Washington communities from lead-based paint.	candidate	unbatched
SB5501	house	1542140	2025-04-09	61	36	59.0	87		0		House 3rd Reading & Final Passage	Concerning employer requirements for driving.	Concerning employer requirements for driving.	candidate	unbatched
SB5501	senate	1499894	2025-02-26	33	15	45.5	19		0		Senate 3rd Reading & Final Passage	Concerning employer requirements for driving.	Concerning employer requirements for driving.	candidate	unbatched
SB5503	house	1549327	2025-04-15	59	36	61.0	87		0		House Final Passage as Amended by the House	Concerning public employee collective bargaining processes.	Concerning public employee collective bargaining processes.	candidate	unbatched
SB5503	senate	1554473	2025-04-22	30	18	60.0	19		1		Senate Final Passage as Amended by the House	Concerning public employee collective bargaining processes.	Concerning public employee collective bargaining processes.	candidate	unbatched
SB5520	house	1656447	2026-03-06	72	23	31.9	87		0		House Final Passage as Amended by the House	Concerning the wrongly convicted persons act.	Concerning the wrongly convicted persons act.	candidate	unbatched
SB5520	senate	1657670	2026-03-09	31	18	58.1	19		1		Senate Final Passage as Amended by the House	Concerning the wrongly convicted persons act.	Concerning the wrongly convicted persons act.	candidate	unbatched
SB5525	house	1543166	2025-04-09	59	38	64.4	87		0		House Final Passage as Amended by the House	Concerning employment loss due to businesses closing or mass layoffs.	Concerning employment loss due to businesses closing or mass layoffs.	candidate	unbatched
SB5525	senate	1554768	2025-04-22	29	19	65.5	19		1		Senate Final Passage as Amended by the House	Concerning employment loss due to businesses closing or mass layoffs.	Concerning employment loss due to businesses closing or mass layoffs.	candidate	unbatched
SB5528	house	1544585	2025-04-10	62	34	54.8	87		0		House Final Passage as Amended by the House	Concerning the installation of transportation electrification infrastructure.	Concerning the installation of transportation electrification infrastructure.	candidate	unbatched
SB5528	senate	1551678	2025-04-17	30	19	63.3	19		1		Senate Final Passage as Amended by the House	Concerning the installation of transportation electrification infrastructure.	Concerning the installation of transportation electrification infrastructure.	candidate	unbatched
SB5557	senate	1506467	2025-03-05	30	19	63.3	19		0		Senate 3rd Reading & Final Passage	Codifying emergency rules to protect the right of a pregnant person to access treatment for emergency medical conditions in hospital emergency departm	Codifying emergency rules to protect the right of a pregnant person to access treatment for emergency medical conditions in hospital emergency departments.	candidate	unbatched
SB5568	house	1549232	2025-04-15	59	38	64.4	87		0		House Final Passage as Amended by the House	Updating and modernizing the Washington state health plan.	Updating and modernizing the Washington state health plan.	candidate	unbatched
SB5568	senate	1555671	2025-04-23	34	13	38.2	19		1		Senate Final Passage as Amended by the House	Updating and modernizing the Washington state health plan.	Updating and modernizing the Washington state health plan.	candidate	unbatched
SB5571	house	1556258	2025-04-23	64	33	51.6	87		1		House Final Passage as Amended by the House	Regulating exterior cladding materials.	Regulating exterior cladding materials.	candidate	unbatched
SB5571	senate	1557424	2025-04-24	33	15	45.5	19		1		Senate Final Passage as Amended by the House	Regulating exterior cladding materials.	Regulating exterior cladding materials.	candidate	unbatched
SB5583	house	1555825	2025-04-23	51	46	90.2	87		0		House 3rd Reading & Final Passage	Concerning recreational fishing and hunting licenses.	Concerning recreational fishing and hunting licenses.	candidate	unbatched
SB5583	senate	1527634	2025-03-26	25	24	96.0	19		0		Senate 3rd Reading & Final Passage	Concerning recreational fishing and hunting licenses.	Concerning recreational fishing and hunting licenses.	candidate	unbatched
SB5595	house	1545998	2025-04-11	64	32	50.0	87		0		House Final Passage as Amended by the House	Establishing shared streets.	Establishing shared streets.	candidate	unbatched
SB5595	senate	1551655	2025-04-17	31	18	58.1	19		1		Senate Final Passage as Amended by the House	Establishing shared streets.	Establishing shared streets.	candidate	unbatched
SB5632	house	1546684	2025-04-12	58	36	62.1	87		0		House 3rd Reading & Final Passage	Protecting the confidentiality of records and information that may be relevant to another state's enforcement of its laws.	Protecting the confidentiality of records and information that may be relevant to another state's enforcement of its laws.	candidate	unbatched
SB5632	senate	1504784	2025-03-04	30	19	63.3	19		0		Senate 3rd Reading & Final Passage	Protecting the confidentiality of records and information that may be relevant to another state's enforcement of its laws.	Protecting the confidentiality of records and information that may be relevant to another state's enforcement of its laws.	candidate	unbatched
SB5651	house	1545127	2025-04-10	61	34	55.7	87		0		House Final Passage as Amended by the House	Revised for 2nd substitute: Concerning exemptions from garnishment.	Revised for 2nd substitute: Concerning exemptions from garnishment.	candidate	unbatched
SB5651	senate	1553647	2025-04-22	33	15	45.5	19		1		Senate Final Passage as Amended by the House	Revised for 2nd substitute: Concerning exemptions from garnishment.	Revised for 2nd substitute: Concerning exemptions from garnishment.	candidate	unbatched
SB5662	house	1543144	2025-04-09	64	33	51.6	87		0		House Final Passage as Amended by the House	Concerning the waiver of municipal utility connection charges for certain properties.	Concerning the waiver of municipal utility connection charges for certain properties.	candidate	unbatched
SB5677	senate	1552671	2025-04-21	38	10	26.3	19		1		Senate Final Passage as Amended by the House	Concerning associate development organizations.	Concerning associate development organizations.	candidate	unbatched
SB5686	house	1556299	2025-04-23	56	41	73.2	87		0		House Final Passage as Amended by the House	Expanding and funding the foreclosure mediation program.	Expanding and funding the foreclosure mediation program.	candidate	unbatched
SB5686	senate	1557663	2025-04-24	27	19	70.4	19		1		Senate Final Passage as Amended by the House	Expanding and funding the foreclosure mediation program.	Expanding and funding the foreclosure mediation program.	candidate	unbatched
SB5691	house	1546202	2025-04-11	72	23	31.9	87		0		House Final Passage as Amended by the House	Adopting the department of social and health services report recommendations addressing a regulatory oversight plan for continuing care retirement com	Adopting the department of social and health services report recommendations addressing a regulatory oversight plan for continuing care retirement communities.	candidate	unbatched
SB5702	house	1548931	2025-04-15	69	28	40.6	87		0		House 3rd Reading & Final Passage	Streamlining the toll rate setting process at the transportation commission.	Streamlining the toll rate setting process at the transportation commission.	candidate	unbatched
SB5714	house	1544915	2025-04-10	58	37	63.8	87		0		House 3rd Reading & Final Passage	Declaring civil immigration enforcement as unprofessional conduct of bail bond recovery agents.	Declaring civil immigration enforcement as unprofessional conduct of bail bond recovery agents.	candidate	unbatched
SB5745	house	1546465	2025-04-11	59	37	62.7	87		0		House 3rd Reading & Final Passage	Revised for 2nd substitute: Concerning legal representation under the involuntary treatment act.	Revised for 2nd substitute: Concerning legal representation under the involuntary treatment act.	candidate	unbatched
SB5752	senate	1557896	2025-04-24	34	14	41.2	19		1		Senate Final Passage as Amended by the House	Modifying child care and early childhood development programs.	Modifying child care and early childhood development programs.	candidate	unbatched
SB5785	house	1557887	2025-04-24	55	43	78.2	87		0		House Final Passage as Amended by the House	Revised for 1st substitute: Amending the Washington college grant and college bound scholarship.	Revised for 1st substitute: Amending the Washington college grant and college bound scholarship.	candidate	unbatched
SB5785	senate	1558419	2025-04-25	28	20	71.4	19		1		Senate Final Passage as Amended by the House	Revised for 1st substitute: Amending the Washington college grant and college bound scholarship.	Revised for 1st substitute: Amending the Washington college grant and college bound scholarship.	candidate	unbatched
SB5786	house	1557365	2025-04-24	51	47	92.2	87		0		House Final Passage as Amended by the House	Increasing license, permit, and endorsement fees.	Increasing license, permit, and endorsement fees.	candidate	unbatched
SB5786	senate	1558186	2025-04-25	25	23	92.0	19		1		Senate Final Passage as Amended by the House	Increasing license, permit, and endorsement fees.	Increasing license, permit, and endorsement fees.	candidate	unbatched
SB5790	senate	1552363	2025-04-19	37	10	27.0	19		0		Senate 3rd Reading & Final Passage	Concerning cost-of-living adjustments for community and technical college employees.	Concerning cost-of-living adjustments for community and technical college employees.	candidate	unbatched
SB5794	house	1556353	2025-04-23	53	45	84.9	87		0	yes	House Final Passage as Amended by the House	Adopting recommendations from the tax preference performance review process, eliminating obsolete tax preferences, clarifying legislative intent, and	Adopting recommendations from the tax preference performance review process, eliminating obsolete tax preferences, clarifying legislative intent, and addressing changes in constitutional law.	candidate	unbatched
SB5794	senate	1557246	2025-04-24	26	22	84.6	19		1	yes	Senate Final Passage as Amended by the House	Adopting recommendations from the tax preference performance review process, eliminating obsolete tax preferences, clarifying legislative intent, and	Adopting recommendations from the tax preference performance review process, eliminating obsolete tax preferences, clarifying legislative intent, and addressing changes in constitutional law.	candidate	unbatched
SB5801	house	1557898	2025-04-24	51	47	92.2	87		0		House Final Passage as Amended by the House	Concerning transportation resources.	Concerning transportation resources.	candidate	unbatched
SB5801	senate	1558619	2025-04-25	31	17	54.8	19		1		Senate Final Passage as Amended by the House	Concerning transportation resources.	Concerning transportation resources.	candidate	unbatched
SB5802	house	1557717	2025-04-24	63	35	55.6	87		0		House Final Passage as Amended by the House	Rebalancing statutory fund transfers and revenue dedications for transportation.	Rebalancing statutory fund transfers and revenue dedications for transportation.	candidate	unbatched
SB5802	senate	1558067	2025-04-25	37	11	29.7	19		1		Senate Final Passage as Amended by the House	Rebalancing statutory fund transfers and revenue dedications for transportation.	Rebalancing statutory fund transfers and revenue dedications for transportation.	candidate	unbatched
SB5813	house	1555889	2025-04-23	53	45	84.9	87		0		House Final Passage as Amended by the House	Increasing funding to the education legacy trust account by creating a more progressive rate structure for the capital gains tax and estate tax.	Increasing funding to the education legacy trust account by creating a more progressive rate structure for the capital gains tax and estate tax.	candidate	unbatched
SB5813	senate	1557764	2025-04-24	27	21	77.8	19		1		Senate Final Passage as Amended by the House	Increasing funding to the education legacy trust account by creating a more progressive rate structure for the capital gains tax and estate tax.	Increasing funding to the education legacy trust account by creating a more progressive rate structure for the capital gains tax and estate tax.	candidate	unbatched
SB5814	house	1556363	2025-04-23	50	47	94.0	87		0		House Final Passage as Amended by the House	Revised for 1st substitute: Modifying the application and administration of certain excise taxes.	Revised for 1st substitute: Modifying the application and administration of certain excise taxes.	candidate	unbatched
SB5814	senate	1557305	2025-04-24	26	22	84.6	19		1		Senate Final Passage as Amended by the House	Revised for 1st substitute: Modifying the application and administration of certain excise taxes.	Revised for 1st substitute: Modifying the application and administration of certain excise taxes.	candidate	unbatched
SB5820	house	1651963	2026-03-03	54	39	72.2	87		0		House 3rd Reading & Final Passage	Concerning the responsibility of certain counties to include freight rail dependent use overlay as part of the transportation element of their compreh	Concerning the responsibility of certain counties to include freight rail dependent use overlay as part of the transportation element of their comprehensive plan.	candidate	unbatched
SB5820	senate	1628741	2026-02-10	30	19	63.3	19		0		Senate 3rd Reading & Final Passage	Concerning the responsibility of certain counties to include freight rail dependent use overlay as part of the transportation element of their compreh	Concerning the responsibility of certain counties to include freight rail dependent use overlay as part of the transportation element of their comprehensive plan.	candidate	unbatched
SB5825	senate	1624025	2026-02-04	33	16	48.5	19		0		Senate 3rd Reading & Final Passage	Authorizing the Washington state leadership board to solicit gifts, grants, and endowments from public or private sources.	Authorizing the Washington state leadership board to solicit gifts, grants, and endowments from public or private sources.	candidate	unbatched
SB5837	house	1652689	2026-03-04	73	23	31.5	87		0		House 3rd Reading & Final Passage	Revised for 1st substitute: Concerning guardianship, conservatorship, and other protective arrangements for adults.	Revised for 1st substitute: Concerning guardianship, conservatorship, and other protective arrangements for adults.	candidate	unbatched
SB5847	house	1656567	2026-03-06	67	28	41.8	87		0		House Final Passage as Amended by the House	Concerning access to medical care in workers' compensation.	Concerning access to medical care in workers' compensation.	candidate	unbatched
SB5847	senate	1658985	2026-03-10	30	19	63.3	19		1		Senate Final Passage as Amended by the House	Concerning access to medical care in workers' compensation.	Concerning access to medical care in workers' compensation.	candidate	unbatched
SB5855	house	1651847	2026-03-03	56	37	66.1	87		0		House Final Passage as Amended by the House	Concerning the use of face coverings by law enforcement officers.	Concerning the use of face coverings by law enforcement officers.	candidate	unbatched
SB5855	senate	1657454	2026-03-09	30	19	63.3	19		1		Senate Final Passage as Amended by the House	Concerning the use of face coverings by law enforcement officers.	Concerning the use of face coverings by law enforcement officers.	candidate	unbatched
SB5892	house	1648383	2026-02-28	57	36	63.2	87		0		House Final Passage as Amended by the House	Concerning protection of the voter registration database.	Concerning protection of the voter registration database.	candidate	unbatched
SB5892	senate	1657266	2026-03-09	30	19	63.3	19		1		Senate Final Passage as Amended by the House	Concerning protection of the voter registration database.	Concerning protection of the voter registration database.	candidate	unbatched
SB5917	house	1648425	2026-02-28	57	36	63.2	87		0		House 3rd Reading & Final Passage	Improving access to abortion medications.	Improving access to abortion medications.	candidate	unbatched
SB5917	senate	1628501	2026-02-10	32	17	53.1	19		0		Senate 3rd Reading & Final Passage	Improving access to abortion medications.	Improving access to abortion medications.	candidate	unbatched
SB5922	house	1652478	2026-03-04	59	38	64.4	87		0		House 3rd Reading & Final Passage	Authorizing transportation vehicle fund transfers.	Authorizing transportation vehicle fund transfers.	candidate	unbatched
SB5925	house	1654079	2026-03-04	56	41	73.2	87		0		House Final Passage as Amended by the House	Concerning the general powers and duties of the attorney general’s office.	Concerning the general powers and duties of the attorney general’s office.	candidate	unbatched
SB5925	senate	1657372	2026-03-09	30	19	63.3	19		1		Senate Final Passage as Amended by the House	Concerning the general powers and duties of the attorney general’s office.	Concerning the general powers and duties of the attorney general’s office.	candidate	unbatched
SB5938	house	1651820	2026-03-03	59	35	59.3	87		0		House Final Passage as Amended by the House	Concerning the foreclosure prevention fee.	Concerning the foreclosure prevention fee.	candidate	unbatched
SB5957	house	1654047	2026-03-04	72	25	34.7	87		0		House 3rd Reading & Final Passage	Concerning the office of homeless youth prevention and protection programs advisory committee.	Concerning the office of homeless youth prevention and protection programs advisory committee.	candidate	unbatched
SB5974	house	1655923	2026-03-05	54	42	77.8	87		0		House Final Passage as Amended by the House	Modernizing and strengthening laws concerning sheriffs, police chiefs, town marshals, law enforcement agency volunteers, youth cadets, specially commi	Modernizing and strengthening laws concerning sheriffs, police chiefs, town marshals, law enforcement agency volunteers, youth cadets, specially commissioned officers, and police matrons.	candidate	unbatched
SB5974	senate	1657590	2026-03-09	30	19	63.3	19		1		Senate Final Passage as Amended by the House	Modernizing and strengthening laws concerning sheriffs, police chiefs, town marshals, law enforcement agency volunteers, youth cadets, specially commi	Modernizing and strengthening laws concerning sheriffs, police chiefs, town marshals, law enforcement agency volunteers, youth cadets, specially commissioned officers, and police matrons.	candidate	unbatched
SB5981	house	1656583	2026-03-06	67	30	44.8	87		0		House Final Passage as Amended by the House	Revised for 2nd substitute: Concerning the 340B drug pricing program.	Revised for 2nd substitute: Concerning the 340B drug pricing program.	candidate	unbatched
SB5981	senate	1657301	2026-03-09	30	19	63.3	19		1		Senate Final Passage as Amended by the House	Revised for 2nd substitute: Concerning the 340B drug pricing program.	Revised for 2nd substitute: Concerning the 340B drug pricing program.	candidate	unbatched
SB5982	house	1648394	2026-02-28	57	37	64.9	87		0		House Final Passage as Amended by the House	Updating provisions for consumer-owned utilities, including port districts, and affected market customers under the clean energy transformation act.	Updating provisions for consumer-owned utilities, including port districts, and affected market customers under the clean energy transformation act.	candidate	unbatched
SB5982	senate	1658332	2026-03-10	30	19	63.3	19		1		Senate Final Passage as Amended by the House	Updating provisions for consumer-owned utilities, including port districts, and affected market customers under the clean energy transformation act.	Updating provisions for consumer-owned utilities, including port districts, and affected market customers under the clean energy transformation act.	candidate	unbatched
SB5988	house	1654000	2026-03-04	62	34	54.8	87		0		House 3rd Reading & Final Passage	Establishing fee authority for accreditation services provided to opioid treatment programs by the department of health.	Establishing fee authority for accreditation services provided to opioid treatment programs by the department of health.	candidate	unbatched
SB5995	senate	1630354	2026-02-11	31	18	58.1	19		0		Senate 3rd Reading & Final Passage	Concerning moneys available to a port district allocated for the purchase of zero and near zero emission cargo handling equipment.	Concerning moneys available to a port district allocated for the purchase of zero and near zero emission cargo handling equipment.	candidate	unbatched
SB5998	house	1662049	2026-03-12	54	43	79.6	87		1	yes	House Final Passage as Recommended by the Conference Committee	Making 2025-2027 fiscal biennium supplemental operating appropriations.	Making 2025-2027 fiscal biennium supplemental operating appropriations.	candidate	unbatched
SB5998	senate	1662050	2026-03-12	28	21	75.0	19		1	yes	Senate Final Passage as Recommended by Conference Committee	Making 2025-2027 fiscal biennium supplemental operating appropriations.	Making 2025-2027 fiscal biennium supplemental operating appropriations.	candidate	unbatched
SB6002	senate	1658193	2026-03-10	39	10	25.6	19		1		Senate Final Passage as Amended by the House	Concerning driver privacy protections.	Concerning driver privacy protections.	candidate	unbatched
SB6005	house	1661655	2026-03-12	69	26	37.7	87		1	yes	House Final Passage as Recommended by the Conference Committee	Making supplemental transportation appropriations for the 2025-2027 fiscal biennium.	Making supplemental transportation appropriations for the 2025-2027 fiscal biennium.	candidate	unbatched
SB6014	house	1652144	2026-03-03	68	25	36.8	87		0		House 3rd Reading & Final Passage	Concerning pregnancy-related accommodations.	Concerning pregnancy-related accommodations.	candidate	unbatched
SB6026	house	1655468	2026-03-05	69	27	39.1	87		0		House Final Passage as Amended by the House	Concerning residential development in commercial and mixed-use zones.	Concerning residential development in commercial and mixed-use zones.	candidate	unbatched
SB6026	senate	1658737	2026-03-10	35	14	40.0	19		1		Senate Final Passage as Amended by the House	Concerning residential development in commercial and mixed-use zones.	Concerning residential development in commercial and mixed-use zones.	candidate	unbatched
SB6027	house	1655154	2026-03-05	61	34	55.7	87		0		House Final Passage as Amended by the House	Revised for 2nd substitute: Modifying certain funding and exemptions related to providing and maintaining affordable housing and related services.	Revised for 2nd substitute: Modifying certain funding and exemptions related to providing and maintaining affordable housing and related services.	candidate	unbatched
SB6027	senate	1658549	2026-03-10	30	19	63.3	19		1		Senate Final Passage as Amended by the House	Revised for 2nd substitute: Modifying certain funding and exemptions related to providing and maintaining affordable housing and related services.	Revised for 2nd substitute: Modifying certain funding and exemptions related to providing and maintaining affordable housing and related services.	candidate	unbatched
SB6035	house	1651342	2026-03-03	57	36	63.2	87		0		House Final Passage as Amended by the House	Ensuring access to voting services for military, overseas, Native American, and disabled voters.	Ensuring access to voting services for military, overseas, Native American, and disabled voters.	candidate	unbatched
SB6035	senate	1658358	2026-03-10	29	19	65.5	19		1		Senate Final Passage as Amended by the House	Ensuring access to voting services for military, overseas, Native American, and disabled voters.	Ensuring access to voting services for military, overseas, Native American, and disabled voters.	candidate	unbatched
SB6081	house	1652094	2026-03-03	57	36	63.2	87		0		House 3rd Reading & Final Passage	Protecting Washingtonians from invasion of privacy, including the unauthorized disclosure of sex designation information and historic sex designation	Protecting Washingtonians from invasion of privacy, including the unauthorized disclosure of sex designation information and historic sex designation changes in official government records.	candidate	unbatched
SB6081	senate	1631095	2026-02-11	30	19	63.3	19		0		Senate 3rd Reading & Final Passage	Protecting Washingtonians from invasion of privacy, including the unauthorized disclosure of sex designation information and historic sex designation	Protecting Washingtonians from invasion of privacy, including the unauthorized disclosure of sex designation information and historic sex designation changes in official government records.	candidate	unbatched
SB6137	house	1656606	2026-03-06	70	26	37.1	87		0		House Final Passage as Amended by the House	Concerning the regulated sports wagering industry.	Concerning the regulated sports wagering industry.	candidate	unbatched
SB6182	house	1661148	2026-03-11	57	36	63.2	87		0		House 3rd Reading & Final Passage	Establishing an abortion savings program.	Establishing an abortion savings program.	candidate	unbatched
SB6182	senate	1648405	2026-02-28	29	19	65.5	19		0		Senate 3rd Reading & Final Passage	Establishing an abortion savings program.	Establishing an abortion savings program.	candidate	unbatched
SB6188	house	1650708	2026-03-03	61	33	54.1	87		0		House Final Passage as Amended by the House	Concerning the department of labor and industries' authority to enact rules related to regulating asbestos training.	Concerning the department of labor and industries' authority to enact rules related to regulating asbestos training.	candidate	unbatched
SB6188	senate	1659407	2026-03-10	30	19	63.3	19		1		Senate Final Passage as Amended by the House	Concerning the department of labor and industries' authority to enact rules related to regulating asbestos training.	Concerning the department of labor and industries' authority to enact rules related to regulating asbestos training.	candidate	unbatched
SB6200	house	1652102	2026-03-03	65	28	43.1	87		0		House Final Passage as Amended by the House	Concerning renters' and mobile home occupants' ability to install portable cooling devices.	Concerning renters' and mobile home occupants' ability to install portable cooling devices.	candidate	unbatched
SB6200	senate	1658878	2026-03-10	37	12	32.4	19		1		Senate Final Passage as Amended by the House	Concerning renters' and mobile home occupants' ability to install portable cooling devices.	Concerning renters' and mobile home occupants' ability to install portable cooling devices.	candidate	unbatched
SB6225	house	1661044	2026-03-11	59	38	64.4	87		0		House Final Passage as Amended by the House	Authorizing bonds for transportation funding.	Authorizing bonds for transportation funding.	candidate	unbatched
SB6228	house	1661133	2026-03-11	52	42	80.8	87		0		House Final Passage as Amended by the House	Revised for engrossed: Removing a tax exemption for the warehousing and reselling of prescription drugs and providing tax relief for critical access p	Revised for engrossed: Removing a tax exemption for the warehousing and reselling of prescription drugs and providing tax relief for critical access pharmacies.	candidate	unbatched
SB6228	senate	1661946	2026-03-12	26	23	88.5	19		1		Senate Final Passage as Amended by the House	Revised for engrossed: Removing a tax exemption for the warehousing and reselling of prescription drugs and providing tax relief for critical access p	Revised for engrossed: Removing a tax exemption for the warehousing and reselling of prescription drugs and providing tax relief for critical access pharmacies.	candidate	unbatched
SB6231	house	1662104	2026-03-12	51	46	90.2	87		0		House 3rd Reading & Final Passage	Revised for engrossed: Removing a tax exemption for the replacement of equipment for data centers.	Revised for engrossed: Removing a tax exemption for the replacement of equipment for data centers.	candidate	unbatched
SB6231	senate	1648420	2026-02-28	26	23	88.5	19		0		Senate 3rd Reading & Final Passage	Revised for engrossed: Removing a tax exemption for the replacement of equipment for data centers.	Revised for engrossed: Removing a tax exemption for the replacement of equipment for data centers.	candidate	unbatched
SB6237	house	1650617	2026-03-03	65	28	43.1	87		0		House 3rd Reading & Final Passage	Concerning rental property disclosures of flooding history and flood risk.	Concerning rental property disclosures of flooding history and flood risk.	candidate	unbatched
SB6246	house	1656284	2026-03-06	57	38	66.7	87		0	yes	House Final Passage as Amended by the House	Concerning emissions from emissions-intensive, trade-exposed facilities under the climate commitment act.	Concerning emissions from emissions-intensive, trade-exposed facilities under the climate commitment act.	candidate	unbatched
SB6246	senate	1658523	2026-03-10	29	20	69.0	19		1	yes	Senate Final Passage as Amended by the House	Concerning emissions from emissions-intensive, trade-exposed facilities under the climate commitment act.	Concerning emissions from emissions-intensive, trade-exposed facilities under the climate commitment act.	candidate	unbatched
SB6260	house	1660955	2026-03-11	50	47	94.0	87		0		House Final Passage as Amended by the House	Implementing efficiencies and programming changes in public education.	Implementing efficiencies and programming changes in public education.	candidate	unbatched
SB6260	senate	1661559	2026-03-12	26	23	88.5	19		1		Senate Final Passage as Amended by the House	Implementing efficiencies and programming changes in public education.	Implementing efficiencies and programming changes in public education.	candidate	unbatched
SB6302	senate	1633725	2026-02-13	37	11	29.7	19		0		Senate 3rd Reading & Final Passage	Concerning misclassification in the finishing trades on public works projects.	Concerning misclassification in the finishing trades on public works projects.	candidate	unbatched
SB6309	house	1653992	2026-03-04	56	38	67.9	87		0		House Final Passage as Amended by the House	Providing for enhanced municipal permitting tools for high capacity transit projects.	Providing for enhanced municipal permitting tools for high capacity transit projects.	candidate	unbatched
SB6309	senate	1658477	2026-03-10	30	19	63.3	19		1		Senate Final Passage as Amended by the House	Providing for enhanced municipal permitting tools for high capacity transit projects.	Providing for enhanced municipal permitting tools for high capacity transit projects.	candidate	unbatched
SB6346	house	1659315	2026-03-09	51	46	90.2	87		0		House Final Passage as Amended by the House	Establishing a tax on millionaires.	Establishing a tax on millionaires.	candidate	unbatched
SB6346	senate	1661470	2026-03-11	27	21	77.8	19		1		Senate Final Passage As Amended by the House	Establishing a tax on millionaires.	Establishing a tax on millionaires.	candidate	unbatched
SB6347	senate	1661573	2026-03-12	39	10	25.6	19		1		Senate Final Passage as Amended by the House	Revised for engrossed: Undoing certain changes to the estate tax.	Revised for engrossed: Undoing certain changes to the estate tax.	candidate	unbatched
SB6355	house	1661153	2026-03-11	66	27	40.9	87		0		House Final Passage as Amended by the House	Concerning the electric transmission system.	Concerning the electric transmission system.	candidate	unbatched
SB6355	senate	1661374	2026-03-12	32	17	53.1	19		1		Senate Final Passage as Amended by the House	Concerning the electric transmission system.	Concerning the electric transmission system.	candidate	unbatched
