session	bill	chamber	printed_roll	roll_call_id	date	yea	nay	passed	status	governor	disposition	reason	desc	title
2137	HB0001	H		1510725	2025-01-29	73	0	1	4	signed	screened	not-divided	House/ passed 3rd reading	Higher Education Base Budget
2137	HB0001	S		1510726	2025-01-30	27	1	1	4	signed	screened	not-divided	Senate/ passed 2nd & 3rd readings/ suspension	Higher Education Base Budget
2137	HB0002	H		1513252	2025-03-04	72	2	1	4	signed	screened	not-divided	House/ passed 3rd reading	Public Education Budget Amendments
2137	HB0002	S		1513253	2025-03-05	23	0	1	4	signed	screened	not-divided	Senate/ passed 2nd & 3rd readings/ suspension	Public Education Budget Amendments
2137	HB0003	H		1511284	2025-03-04	73	0	1	3	none	screened	not-divided	House/ passed 3rd reading	Current Fiscal Year Supplemental Appropriations
2137	HB0003	S		1511285	2025-03-05	23	1	1	3	none	screened	not-divided	Senate/ passed 2nd & 3rd readings/ suspension	Current Fiscal Year Supplemental Appropriations
2137	HB0004	H		1510715	2025-01-29	72	0	1	4	signed	screened	not-divided	House/ passed 3rd reading	Economic and Community Development Base Budget
2137	HB0004	S		1510716	2025-01-30	26	0	1	4	signed	screened	not-divided	Senate/ passed 2nd & 3rd readings/ suspension	Economic and Community Development Base Budget
2137	HB0005	H		1510733	2025-01-29	70	0	1	4	signed	screened	not-divided	House/ passed 3rd reading	General Government Base Budget
2137	HB0005	S		1510734	2025-01-30	28	0	1	4	signed	screened	not-divided	Senate/ passed 2nd & 3rd readings/ suspension	General Government Base Budget
2137	HB0006	H		1510727	2025-01-29	71	0	1	4	signed	screened	not-divided	House/ passed 3rd reading	Transportation and Infrastructure Base Budget
2137	HB0006	S		1510728	2025-01-30	27	0	1	4	signed	screened	not-divided	Senate/ passed 2nd & 3rd readings/ suspension	Transportation and Infrastructure Base Budget
2137	HB0007	H		1510537	2025-01-29	72	0	1	4	signed	screened	not-divided	House/ passed 3rd reading	National Guard, Veterans Affairs, and Legislature Base Budget
2137	HB0007	S		1510538	2025-01-30	27	0	1	4	signed	screened	not-divided	Senate/ passed 2nd & 3rd readings/ suspension	National Guard, Veterans Affairs, and Legislature Base Budget
2137	HB0008	H		1513108	2025-03-04	73	0	1	4	signed	screened	not-divided	House/ passed 3rd reading	State Agency and Higher Education Compensation Appropriations
2137	HB0008	S		1513109	2025-03-05	21	1	1	4	signed	screened	not-divided	Senate/ passed 2nd & 3rd readings/ suspension	State Agency and Higher Education Compensation Appropriations
2137	HB0010	H		1511198	2025-03-04	73	0	1	4	signed	screened	not-divided	House/ passed 3rd reading	Fund and Account Modifications
2137	HB0010	S		1511199	2025-03-05	26	0	1	4	signed	screened	not-divided	Senate/ passed 2nd & 3rd readings/ suspension	Fund and Account Modifications
2137	HB0011	H		1509860	2025-01-21	75	0	1	4	signed	screened	not-divided	House/ passed 3rd reading	Native American Remains Review Committee Amendments
2137	HB0011	S		1509863	2025-01-30	24	0	1	4	signed	screened	not-divided	Senate/ passed 3rd reading	Native American Remains Review Committee Amendments
2137	HB0012	H		1509842	2025-01-21	73	0	1	4	signed	screened	not-divided	House/ passed 3rd reading	Division of Purchasing and General Services Amendments
2137	HB0012	H		1509847	2025-02-07	70	0	1	4	signed	screened	not-divided	House/ concurs with Senate amendment	Division of Purchasing and General Services Amendments
2137	HB0012	S		1509846	2025-02-06	28	0	1	4	signed	screened	not-divided	Senate/ passed 3rd reading	Division of Purchasing and General Services Amendments
2137	HB0013	H		1509831	2025-01-21	74	0	1	4	signed	screened	not-divided	House/ passed 3rd reading	Sexual Extortion Amendments
2137	HB0013	S		1509834	2025-02-14	22	0	1	4	signed	screened	not-divided	Senate/ passed 3rd reading	Sexual Extortion Amendments
2137	HB0014	H		1509848	2025-01-21	74	0	1	4	signed	screened	not-divided	House/ passed 3rd reading	Emergency Services Personnel Amendments
2137	HB0014	H		1509853	2025-02-05	67	0	1	4	signed	screened	not-divided	House/ concurs with Senate amendment	Emergency Services Personnel Amendments
2137	HB0014	S		1509852	2025-02-04	29	0	1	4	signed	screened	not-divided	Senate/ passed 3rd reading	Emergency Services Personnel Amendments
2137	HB0015	H		1512304	2025-02-25	61	0	1	6	none	screened	not-divided	House/ passed 3rd reading	Murdered and Missing Indigenous Relatives Task Force Amendments
2137	HB0016	H		1509821	2025-01-21	74	0	1	4	signed	screened	not-divided	House/ passed 3rd reading	Health Facility Administrator Act Amendments
2137	HB0016	S		1509824	2025-01-30	26	0	1	4	signed	screened	not-divided	Senate/ passed 3rd reading	Health Facility Administrator Act Amendments
2137	HB0017	H		1512625	2025-01-31	70	0	1	6	none	screened	not-divided	House/ passed 3rd reading	Limitations on the Use of Polygraphs
2137	HB0018	H		1509955	2025-01-30	71	0	1	4	signed	screened	not-divided	House/ passed 3rd reading	Petroleum Storage Tank Amendments
2137	HB0018	S		1509958	2025-02-11	22	0	1	4	signed	screened	not-divided	Senate/ passed 3rd reading	Petroleum Storage Tank Amendments
2137	HB0019	H		1509814	2025-02-05	71	0	1	4	signed	screened	not-divided	House/ passed 3rd reading	Child Labor Amendments
2137	HB0019	S		1509817	2025-02-20	22	0	1	4	signed	screened	not-divided	Senate/ passed 3rd reading	Child Labor Amendments
2137	HB0020	H		1514328	2025-01-21	74	0	1	4	signed	screened	not-divided	House/ passed 3rd reading	Property Tax Code Recodification
2137	HB0020	H		1514333	2025-03-05	73	0	1	4	signed	screened	not-divided	House/ concurs with Senate amendment	Property Tax Code Recodification
2137	HB0020	S		1514332	2025-03-03	27	0	1	4	signed	screened	not-divided	Senate/ passed 3rd reading	Property Tax Code Recodification
2137	HB0021	H		1511975	2025-01-21	74	0	1	4	signed	screened	not-divided	House/ passed 3rd reading	Criminal Code Recodification and Cross References
2137	HB0021	H		1511979	2025-03-06	74	0	1	4	signed	screened	not-divided	House/ concurs with Senate amendment	Criminal Code Recodification and Cross References
2137	HB0021	S		1511978	2025-03-05	29	0	1	4	signed	screened	not-divided	Senate/ passed 2nd & 3rd readings/ suspension	Criminal Code Recodification and Cross References
2137	HB0022	H		1512223	2025-01-22	72	0	1	4	signed	screened	not-divided	House/ passed 3rd reading	Prostitution Offense Amendments
2137	HB0022	H		1512228	2025-02-10	71	0	1	4	signed	screened	not-divided	House/ concurs with Senate amendment	Prostitution Offense Amendments
2137	HB0022	S		1512227	2025-02-06	27	0	1	4	signed	screened	not-divided	Senate/ passed 3rd reading	Prostitution Offense Amendments
2137	HB0023	H		1509936	2025-02-10	74	0	1	4	signed	screened	not-divided	House/ passed 3rd reading	Insurance Modifications
2137	HB0023	H		1509941	2025-02-28	65	0	1	4	signed	screened	not-divided	House/ concurs with Senate amendment	Insurance Modifications
2137	HB0023	S		1509940	2025-02-27	21	2	1	4	signed	screened	not-divided	Senate/ passed 3rd reading	Insurance Modifications
2137	HB0024	H		1509926	2025-02-06	72	0	1	4	signed	screened	not-divided	House/ passed 3rd reading	Limitations on Liability Amendments
2137	HB0024	S		1509929	2025-02-21	24	0	1	4	signed	screened	not-divided	Senate/ passed 3rd reading	Limitations on Liability Amendments
2137	HB0025	H		1509908	2025-01-22	73	0	1	4	signed	screened	not-divided	House/ passed 3rd reading	Retirement Amendments
2137	HB0025	H		1509912	2025-02-19	71	0	1	4	signed	screened	not-divided	House/ concurs with Senate amendment	Retirement Amendments
2137	HB0025	S		1509911	2025-02-14	23	0	1	4	signed	screened	not-divided	Senate/ passed 3rd reading	Retirement Amendments
2137	HB0026	H		1509864	2025-01-22	71	0	1	4	signed	screened	not-divided	House/ passed 3rd reading	Road Jurisdiction Amendments
2137	HB0026	S		1509867	2025-02-14	24	0	1	4	signed	screened	not-divided	Senate/ passed 3rd reading	Road Jurisdiction Amendments
2137	HB0027	H		1514617	2025-02-20	70	0	1	4	signed	screened	not-divided	House/ passed 3rd reading	Voting Precinct Amendments
2137	HB0027	S		1514619	2025-03-06	20	3	1	4	signed	screened	not-divided	Senate/ passed 2nd & 3rd readings/ suspension	Voting Precinct Amendments
2137	HB0028	H		1509944	2025-02-05	71	0	1	4	signed	screened	not-divided	House/ passed 3rd reading	On Premise Sign Installation Amendments
2137	HB0028	S		1509947	2025-02-20	24	0	1	4	signed	screened	not-divided	Senate/ passed 3rd reading	On Premise Sign Installation Amendments
2137	HB0029	H		1509948	2025-01-22	73	0	1	4	signed	screened	not-divided	House/ passed 3rd reading	Child Visitation Amendments
2137	HB0029	S		1509951	2025-02-07	25	0	1	4	signed	screened	not-divided	Senate/ passed 3rd reading	Child Visitation Amendments
2137	HB0031	H		1509930	2025-01-22	73	0	1	4	signed	screened	not-divided	House/ passed 3rd reading	Offender Information Amendments
2137	HB0031	S		1509933	2025-03-05	26	0	1	4	signed	screened	not-divided	Senate/ passed 2nd & 3rd readings/ suspension	Offender Information Amendments
2137	HB0032	H		1509857	2025-01-22	72	0	1	4	signed	screened	not-divided	House/ passed 3rd reading	Borgstrom Brothers Memorial Highway Designation
2137	HB0032	S		1509859	2025-02-13	26	0	1	4	signed	screened	not-divided	Senate/ passed 2nd & 3rd readings/ suspension	Borgstrom Brothers Memorial Highway Designation
2137	HB0033	H		1509891	2025-01-31	74	0	1	4	signed	screened	not-divided	House/ passed 3rd reading	Child Welfare Reporting Amendments
2137	HB0033	S		1509894	2025-02-20	24	0	1	4	signed	screened	not-divided	Senate/ passed 3rd reading	Child Welfare Reporting Amendments
2137	HB0034	H		1512678	2025-01-22	69	3	1	4	signed	screened	not-divided	House/ passed 3rd reading	State Campgrounds Amendments
2137	HB0034	S		1512681	2025-02-06	28	0	1	4	signed	screened	not-divided	Senate/ passed 3rd reading	State Campgrounds Amendments
2137	HB0035	H		1511499	2025-01-23	27	41	0	6	none	screened	not-enacted-status-6	House/ failed	Sex, Kidnap, and Child Abuse Offender Registry Modifications
2137	HB0036	H		1511802	2025-01-23	71	0	1	4	signed	screened	not-divided	House/ passed 3rd reading	Provo Canyon Resource Management Plan Amendments
2137	HB0036	S		1511805	2025-02-06	25	0	1	4	signed	screened	not-divided	Senate/ passed 3rd reading	Provo Canyon Resource Management Plan Amendments
2137	HB0037	H		1515020	2025-02-20	58	9	1	4	signed	screened	not-divided	House/ passed 3rd reading	Utah Housing Amendments
2137	HB0037	H		1515024	2025-03-07	39	30	1	4	signed	batch-02	imported	House/ concurs with Senate amendment	Utah Housing Amendments
2137	HB0037	S		1515023	2025-03-07	22	6	1	4	signed	batch-02	imported	Senate/ passed 2nd & 3rd readings/ suspension	Utah Housing Amendments
2137	HB0038	H		1512749	2025-02-12	69	0	1	4	signed	screened	not-divided	House/ passed 3rd reading	Criminal Offenses Modifications
2137	HB0038	H		1512753	2025-03-05	68	0	1	4	signed	screened	not-divided	House/ concurs with Senate amendment	Criminal Offenses Modifications
2137	HB0038	S		1512752	2025-03-05	25	0	1	4	signed	screened	not-divided	Senate/ passed 2nd & 3rd readings/ suspension	Criminal Offenses Modifications
2137	HB0039	H		1514123	2025-02-21	68	0	1	4	signed	screened	not-divided	House/ passed 3rd reading	Correctional Health Amendments
2137	HB0039	H		1514126	2025-03-06	72	0	1	4	signed	screened	not-divided	House/ concurs with Senate amendment	Correctional Health Amendments
2137	HB0039	S		1514125	2025-03-05	26	0	1	4	signed	screened	not-divided	Senate/ passed 2nd & 3rd readings/ suspension	Correctional Health Amendments
2137	HB0040	H		1511671	2025-02-18	69	2	1	4	signed	screened	not-divided	House/ passed 3rd reading	School Safety Amendments
2137	HB0040	H		1511676	2025-03-07	67	3	1	4	signed	screened	not-divided	House Conference Committee - Final Passage	School Safety Amendments
2137	HB0040	S		1511674	2025-03-05	25	0	1	4	signed	screened	not-divided	Senate/ passed 2nd & 3rd readings/ suspension	School Safety Amendments
2137	HB0040	S		1511675	2025-03-07	25	0	1	4	signed	screened	not-divided	Senate Conference Committee - Final Passage	School Safety Amendments
2137	HB0041	H		1509886	2025-02-04	72	0	1	4	signed	screened	not-divided	House/ passed 3rd reading	State Water Policy Amendments
2137	HB0041	S		1509889	2025-02-14	23	0	1	4	signed	screened	not-divided	Senate/ passed 3rd reading	State Water Policy Amendments
2137	HB0042	H		1509793	2025-02-06	71	0	1	4	signed	screened	not-divided	House/ passed 3rd reading	English Learner Amendments
2137	HB0042	S		1509796	2025-03-04	27	0	1	4	signed	screened	not-divided	Senate/ passed 2nd & 3rd readings/ suspension	English Learner Amendments
2137	HB0043	H		1509969	2025-01-23	74	0	1	4	signed	screened	not-divided	House/ passed 3rd reading	Education Program Sunset Amendments
2137	HB0043	S		1509972	2025-02-04	29	0	1	4	signed	screened	not-divided	Senate/ passed 3rd reading	Education Program Sunset Amendments
2137	HB0044	H		1509797	2025-01-23	72	0	1	4	signed	screened	not-divided	House/ passed 3rd reading	Private Airport Notice Amendments
2137	HB0044	H		1509802	2025-02-19	69	0	1	4	signed	screened	not-divided	House/ concurs with Senate amendment	Private Airport Notice Amendments
2137	HB0044	S		1509801	2025-02-14	21	1	1	4	signed	screened	not-divided	Senate/ passed 3rd reading	Private Airport Notice Amendments
2137	HB0046	H		1509961	2025-02-04	66	1	1	4	signed	screened	not-divided	House/ passed 3rd reading	Water Rights Applications Amendments
2137	HB0046	S		1509964	2025-02-14	22	0	1	4	signed	screened	not-divided	Senate/ passed 3rd reading	Water Rights Applications Amendments
2137	HB0047	H		1509775	2025-02-04	71	0	1	4	signed	screened	not-divided	House/ passed 3rd reading	Public Lands Watering Rights Amendments
2137	HB0047	S		1509778	2025-02-20	23	0	1	4	signed	screened	not-divided	Senate/ passed 3rd reading	Public Lands Watering Rights Amendments
2137	HB0048	H		1509878	2025-02-10	75	0	1	4	signed	screened	not-divided	House/ passed 3rd reading	Wildland Urban Interface Modifications
2137	HB0048	H		1509883	2025-03-05	73	0	1	4	signed	screened	not-divided	House/ concurs with Senate amendment	Wildland Urban Interface Modifications
2137	HB0048	S		1509882	2025-03-05	24	0	1	4	signed	screened	not-divided	Senate/ passed 2nd & 3rd readings/ suspension	Wildland Urban Interface Modifications
2137	HB0049	H		1509868	2025-02-04	45	25	1	4	signed	batch-02	imported	House/ passed 3rd reading	Juror Eligibility Amendments
2137	HB0049	S		1509871	2025-02-20	16	5	1	4	signed	batch-02	imported	Senate/ passed 3rd reading	Juror Eligibility Amendments
2137	HB0050	H		1509835	2025-01-27	73	0	1	4	signed	screened	not-divided	House/ passed 3rd reading	Occupational Safety and Health Amendments
2137	HB0050	S		1509838	2025-02-07	27	0	1	4	signed	screened	not-divided	Senate/ passed 3rd reading	Occupational Safety and Health Amendments
2137	HB0051	H		1509977	2025-01-23	74	0	1	4	signed	screened	not-divided	House/ passed 3rd reading	Higher Education Reporting Amendments
2137	HB0051	H		1509982	2025-02-10	71	0	1	4	signed	screened	not-divided	House/ concurs with Senate amendment	Higher Education Reporting Amendments
2137	HB0051	S		1509981	2025-02-06	28	0	1	4	signed	screened	not-divided	Senate/ passed 3rd reading	Higher Education Reporting Amendments
2137	HB0053	H		1509991	2025-02-04	68	1	1	4	signed	screened	not-divided	House/ passed 3rd reading	Litter Cleanup Amendments
2137	HB0053	H		1509996	2025-03-03	69	0	1	4	signed	screened	not-divided	House/ concurs with Senate amendment	Litter Cleanup Amendments
2137	HB0053	S		1509995	2025-02-28	25	0	1	4	signed	screened	not-divided	Senate/ passed 3rd reading	Litter Cleanup Amendments
2137	HB0054	H		1512888	2025-02-04	68	3	1	4	signed	screened	not-divided	House/ passed 3rd reading	Cannabinoid Amendments
2137	HB0054	H		1512893	2025-03-07	67	0	1	4	signed	screened	not-divided	House/ concurs with Senate amendment	Cannabinoid Amendments
2137	HB0054	S		1512892	2025-03-07	25	0	1	4	signed	screened	not-divided	Senate/ passed 2nd & 3rd readings/ suspension	Cannabinoid Amendments
2137	HB0055	H		1510006	2025-01-27	72	0	1	4	signed	screened	not-divided	House/ passed 3rd reading	County Office Amendments
2137	HB0055	S		1510009	2025-02-14	24	0	1	4	signed	screened	not-divided	Senate/ passed 3rd reading	County Office Amendments
2137	HB0056	H		1510010	2025-01-23	74	0	1	4	signed	screened	not-divided	House/ passed 3rd reading	Civil Commitment Modifications
2137	HB0056	H		1510015	2025-02-10	72	0	1	4	signed	screened	not-divided	House/ concurs with Senate amendment	Civil Commitment Modifications
2137	HB0056	S		1510014	2025-02-06	27	0	1	4	signed	screened	not-divided	Senate/ passed 3rd reading	Civil Commitment Modifications
2137	HB0057	H		1512377	2025-02-27	72	0	1	4	signed	screened	not-divided	House/ passed 3rd reading	Residential Solar Panel Consumer Protection Amendments
2137	HB0057	S		1512379	2025-03-05	21	5	1	4	signed	screened	not-divided	Senate/ passed 2nd & 3rd readings/ suspension	Residential Solar Panel Consumer Protection Amendments
2137	HB0058	H		1511517	2025-02-20	66	0	1	4	signed	screened	not-divided	House/ passed 3rd reading	Building Inspector Amendments
2137	HB0058	H		1511521	2025-03-05	72	0	1	4	signed	screened	not-divided	House/ concurs with Senate amendment	Building Inspector Amendments
2137	HB0058	S		1511520	2025-03-05	27	0	1	4	signed	screened	not-divided	Senate/ passed 2nd & 3rd readings/ suspension	Building Inspector Amendments
2137	HB0059	H		1509983	2025-01-28	72	0	1	4	signed	screened	not-divided	House/ passed 3rd reading	Fireworks Modifications
2137	HB0059	H		1509988	2025-02-10	71	0	1	4	signed	screened	not-divided	House/ concurs with Senate amendment	Fireworks Modifications
2137	HB0059	S		1509987	2025-02-07	23	0	1	4	signed	screened	not-divided	Senate/ passed 3rd reading	Fireworks Modifications
2137	HB0060	H		1510000	2025-01-28	70	0	1	4	signed	screened	not-divided	House/ passed 3rd reading	State Tax Amendments
2137	HB0060	H		1510005	2025-03-05	69	0	1	4	signed	screened	not-divided	House/ concurs with Senate amendment	State Tax Amendments
2137	HB0060	S		1510004	2025-03-03	26	0	1	4	signed	screened	not-divided	Senate/ passed 3rd reading	State Tax Amendments
2137	HB0061	H		1512472	2025-01-24	70	0	1	6	none	screened	not-divided	House/ passed 3rd reading	Tax Withholding Amendments
2137	HB0062	H		1510016	2025-01-29	71	0	1	4	signed	screened	not-divided	House/ passed 3rd reading	Property Tax Act Modifications
2137	HB0062	S		1510019	2025-02-14	23	0	1	4	signed	screened	not-divided	Senate/ passed 3rd reading	Property Tax Act Modifications
2137	HB0063	H		1512594	2025-02-21	68	0	1	6	none	screened	not-divided	House/ passed 3rd reading	Criminal Justice and Mental Health Coordination Amendments
2137	HB0064	H		1514894	2025-01-28	68	0	1	4	signed	screened	not-divided	House/ passed 3rd reading	Public Official Bonding Amendments
2137	HB0064	S		1514897	2025-02-14	21	0	1	4	signed	screened	not-divided	Senate/ passed 3rd reading	Public Official Bonding Amendments
2137	HB0065	H		1511389	2025-02-18	66	0	1	4	signed	screened	not-divided	House/ passed 3rd reading	Firefighter Cancer Amendments
2137	HB0065	H		1511393	2025-03-05	74	0	1	4	signed	screened	not-divided	House/ concurs with Senate amendment	Firefighter Cancer Amendments
2137	HB0065	S		1511392	2025-03-05	25	0	1	4	signed	screened	not-divided	Senate/ passed 2nd & 3rd readings/ suspension	Firefighter Cancer Amendments
2137	HB0066	H		1512399	2025-01-31	73	0	1	4	signed	screened	not-divided	House/ passed 3rd reading	Ritual Abuse Amendments
2137	HB0066	S		1512402	2025-02-14	23	0	1	4	signed	screened	not-divided	Senate/ passed 3rd reading	Ritual Abuse Amendments
2137	HB0067	H		1510033	2025-01-24	70	0	1	4	signed	screened	not-divided	House/ passed 3rd reading	Precious Metals Investment and Administration Amendments
2137	HB0067	S		1510036	2025-03-03	19	6	1	4	signed	dropped:not-recognizable	treasurer's precious metals administrative costs	Senate/ passed 3rd reading	Precious Metals Investment and Administration Amendments
2137	HB0068	H		1514510	2025-02-13	66	1	1	4	signed	screened	not-divided	House/ passed 3rd reading	Insurance Funds Amendments
2137	HB0068	H		1514514	2025-03-03	73	0	1	4	signed	screened	not-divided	House/ concurs with Senate amendment	Insurance Funds Amendments
2137	HB0068	S		1514513	2025-02-28	23	0	1	4	signed	screened	not-divided	Senate/ passed 3rd reading	Insurance Funds Amendments
2137	HB0069	H		1513604	2025-01-29	72	0	1	4	signed	screened	not-divided	House/ passed 3rd reading	Government Records and Information Amendments
2137	HB0069	H		1513608	2025-02-19	54	18	1	4	signed	dropped	filter-5-two-directions: expands voter privacy but also requires a bad-faith finding before a records requester can be paid fees, and lets a court charge fees to a requester	House/ concurs with Senate amendment	Government Records and Information Amendments
2137	HB0069	S		1513607	2025-02-18	27	0	1	4	signed	screened	not-divided	Senate/ passed 3rd reading	Government Records and Information Amendments
2137	HB0070	H		1512370	2025-02-27	69	1	1	4	signed	screened	not-divided	House/ passed 3rd reading	Decommissioned Asset Disposition Amendments
2137	HB0070	H		1512374	2025-03-05	65	2	1	4	signed	screened	not-divided	House/ concurs with Senate amendment	Decommissioned Asset Disposition Amendments
2137	HB0070	S		1512373	2025-03-05	22	1	1	4	signed	screened	not-divided	Senate/ passed 2nd & 3rd readings/ suspension	Decommissioned Asset Disposition Amendments
2137	HB0071	H		1510025	2025-01-28	73	0	1	4	signed	screened	not-divided	House/ passed 3rd reading	Committee of Consumer Services Sunset Amendments
2137	HB0071	S		1510028	2025-02-06	23	0	1	4	signed	screened	not-divided	Senate/ passed 3rd reading	Committee of Consumer Services Sunset Amendments
2137	HB0072	H		1512252	2025-01-29	67	0	1	6	none	screened	not-divided	House/ passed 3rd reading	Electricity Rate Amendments
2137	HB0073	H		1510047	2025-01-28	72	0	1	4	signed	screened	not-divided	House/ passed 3rd reading	Administrative Procedures Act Amendments
2137	HB0073	S		1510050	2025-02-28	25	0	1	4	signed	screened	not-divided	Senate/ passed 3rd reading	Administrative Procedures Act Amendments
2137	HB0074	H		1510051	2025-01-29	71	0	1	4	signed	screened	not-divided	House/ passed 3rd reading	Foreign Judgment Amendments
2137	HB0074	S		1510054	2025-02-20	21	0	1	4	signed	screened	not-divided	Senate/ passed 3rd reading	Foreign Judgment Amendments
2137	HB0075	H		1510067	2025-03-03	71	0	1	4	signed	screened	not-divided	House/ passed 3rd reading	Reauthorization of Administrative Rules
2137	HB0075	H		1510069	2025-03-06	72	0	1	4	signed	screened	not-divided	House/ concurs with Senate amendment	Reauthorization of Administrative Rules
2137	HB0075	S		1510068	2025-03-05	27	0	1	4	signed	screened	not-divided	Senate/ passed 2nd & 3rd readings/ suspension	Reauthorization of Administrative Rules
2137	HB0076	H		1510097	2025-02-14	71	0	1	4	signed	screened	not-divided	House/ passed 3rd reading	Public Education Revisions
2137	HB0076	H		1510101	2025-03-03	71	0	1	4	signed	screened	not-divided	House/ concurs with Senate amendment	Public Education Revisions
2137	HB0076	S		1510100	2025-02-28	23	0	1	4	signed	screened	not-divided	Senate/ passed 3rd reading	Public Education Revisions
2137	HB0077	H		1510085	2025-02-21	49	20	1	3	became-law-without-signature	screened	not-the-chambers-final-roll	House/ passed 3rd reading	Flag Display Amendments
2137	HB0077	H		1510089	2025-03-06	53	20	1	3	became-law-without-signature	deferred	user-direction: flag display on government property, contested direction and general is barred	House/ concurs with Senate amendment	Flag Display Amendments
2137	HB0077	S		1510088	2025-03-06	21	8	1	3	became-law-without-signature	deferred	user-direction: flag display on government property, contested direction and general is barred	Senate/ passed 2nd & 3rd readings/ suspension	Flag Display Amendments
2137	HB0078	H		1510115	2025-02-11	73	0	1	4	signed	screened	not-divided	House/ passed 3rd reading	Criminal Offenses Amendments
2137	HB0078	H		1510119	2025-03-05	72	0	1	4	signed	screened	not-divided	House/ concurs with Senate amendment	Criminal Offenses Amendments
2137	HB0078	S		1510118	2025-03-05	20	0	1	4	signed	screened	not-divided	Senate/ passed 2nd & 3rd readings/ suspension	Criminal Offenses Amendments
2137	HB0079	H		1510091	2025-02-13	70	0	1	4	signed	screened	not-divided	House/ passed 3rd reading	Adaptive Driving Equipment Amendments
2137	HB0079	S		1510094	2025-03-05	24	0	1	4	signed	screened	not-divided	Senate/ passed 2nd & 3rd readings/ suspension	Adaptive Driving Equipment Amendments
2137	HB0080	H		1512001	2025-02-04	64	1	1	4	signed	screened	not-divided	House/ passed 3rd reading	Disorderly Conduct Amendments
2137	HB0080	H		1512005	2025-03-07	65	0	1	4	signed	screened	not-divided	House/ concurs with Senate amendment	Disorderly Conduct Amendments
2137	HB0080	S		1512004	2025-03-07	25	0	1	4	signed	screened	not-divided	Senate/ passed 2nd & 3rd readings/ suspension	Disorderly Conduct Amendments
2137	HB0081	H		1510110	2025-02-07	51	19	1	4	signed	deferred	user-direction: fluoride ban, the operator does not accept the mainstream-consensus tiebreak on fluoride	House/ passed 3rd reading	Fluoride Amendments
2137	HB0081	S		1510113	2025-02-21	18	8	1	4	signed	deferred	user-direction: fluoride ban, the operator does not accept the mainstream-consensus tiebreak on fluoride	Senate/ passed 3rd reading	Fluoride Amendments
2137	HB0082	H		1510128	2025-01-31	72	0	1	4	signed	screened	not-divided	House/ passed 3rd reading	Law Enforcement Modifications
2137	HB0082	S		1510131	2025-02-27	22	0	1	4	signed	screened	not-divided	Senate/ passed 3rd reading	Law Enforcement Modifications
2137	HB0084	H		1510134	2025-02-10	73	0	1	4	signed	screened	not-divided	House/ passed 3rd reading	Vaccine Amendments
2137	HB0084	H		1510139	2025-02-28	65	2	1	4	signed	screened	not-divided	House/ concurs with Senate amendment	Vaccine Amendments
2137	HB0084	S		1510138	2025-02-27	19	5	1	4	signed	dropped:no-direction	designates food containing vaccine material as a drug; symbolic, no measurable health-policy effect	Senate/ passed 3rd reading	Vaccine Amendments
2137	HB0085	H		1515121	2025-02-04	64	9	1	4	signed	screened	not-divided	House/ passed 3rd reading	Environmental Permitting Modifications
2137	HB0085	S		1515124	2025-03-05	23	1	1	4	signed	screened	not-divided	Senate/ passed 2nd & 3rd readings/ suspension	Environmental Permitting Modifications
2137	HB0086	H		1510106	2025-03-03	72	0	1	4	signed	screened	not-divided	House/ passed 3rd reading	Homeowners' Association Requirements
2137	HB0086	S		1510107	2025-03-07	24	0	1	4	signed	screened	not-divided	Senate/ passed 2nd & 3rd readings/ suspension	Homeowners' Association Requirements
2137	HB0087	H		1510165	2025-02-07	71	0	1	4	signed	screened	not-divided	House/ passed 3rd reading	Drug Trafficking Amendments
2137	HB0087	S		1510167	2025-03-04	26	0	1	4	signed	screened	not-divided	Senate/ passed 2nd & 3rd readings/ suspension	Drug Trafficking Amendments
2137	HB0089	H		1510175	2025-02-07	71	0	1	4	signed	screened	not-divided	House/ passed 3rd reading	Water Transfer Amendments
2137	HB0089	S		1510178	2025-02-28	23	0	1	4	signed	screened	not-divided	Senate/ passed 3rd reading	Water Transfer Amendments
2137	HB0091	H		1510153	2025-01-30	73	0	1	4	signed	screened	not-divided	House/ passed 3rd reading	Technical College Amendments
2137	HB0091	S		1510156	2025-02-10	24	0	1	4	signed	screened	not-divided	Senate/ passed 3rd reading	Technical College Amendments
2137	HB0092	H		1512805	2025-02-18	69	0	1	4	signed	screened	not-divided	House/ passed 3rd reading	Private Individual Force and Detention Amendments
2137	HB0092	S		1512807	2025-03-06	24	0	1	4	signed	screened	not-divided	Senate/ passed 2nd & 3rd readings/ suspension	Private Individual Force and Detention Amendments
2137	HB0093	H		1510192	2025-02-06	70	0	1	4	signed	screened	not-divided	House/ passed 3rd reading	Rehabilitation Services Modifications
2137	HB0093	S		1510195	2025-02-27	22	0	1	4	signed	screened	not-divided	Senate/ passed 3rd reading	Rehabilitation Services Modifications
2137	HB0094	H		1510187	2025-02-07	72	0	1	4	signed	screened	not-divided	House/ passed 3rd reading	Exemptions from Dangerous Weapons Provisions
2137	HB0094	S		1510190	2025-02-20	23	0	1	4	signed	screened	not-divided	Senate/ passed 3rd reading	Exemptions from Dangerous Weapons Provisions
2137	HB0095	H		1510198	2025-02-10	74	0	1	4	signed	screened	not-divided	House/ passed 3rd reading	Financial Disclosure Revisions
2137	HB0095	S		1510201	2025-02-21	25	0	1	4	signed	screened	not-divided	Senate/ passed 3rd reading	Financial Disclosure Revisions
2137	HB0096	H		1512798	2025-02-07	46	24	1	4	signed	screened	not-the-chambers-final-roll	House/ passed 3rd reading	Fraud Amendments
2137	HB0096	H		1512802	2025-03-07	63	11	1	4	signed	screened	not-divided	House/ concurs with Senate amendment	Fraud Amendments
2137	HB0096	S		1512801	2025-03-07	26	1	1	4	signed	screened	not-divided	Senate/ passed 2nd & 3rd readings/ suspension	Fraud Amendments
2137	HB0097	H		1510169	2025-01-30	72	0	1	4	signed	screened	not-divided	House/ passed 3rd reading	Private Postsecondary Education Modifications
2137	HB0097	S		1510172	2025-02-14	22	0	1	4	signed	screened	not-divided	Senate/ passed 3rd reading	Private Postsecondary Education Modifications
2137	HB0098	H		1510158	2025-02-06	72	0	1	4	signed	screened	not-divided	House/ passed 3rd reading	Landowner Liability Amendments
2137	HB0098	S		1510161	2025-02-20	23	0	1	4	signed	screened	not-divided	Senate/ passed 3rd reading	Landowner Liability Amendments
2137	HB0099	H		1510203	2025-02-06	73	0	1	4	signed	screened	not-divided	House/ passed 3rd reading	Residential Mortgage Loan Amendments
2137	HB0099	S		1510206	2025-02-28	26	0	1	4	signed	screened	not-divided	Senate/ passed 3rd reading	Residential Mortgage Loan Amendments
2137	HB0100	H		1510210	2025-02-24	53	14	1	4	signed	screened	not-the-chambers-final-roll	House/ passed 3rd reading	Food Security Amendments
2137	HB0100	H		1510214	2025-03-06	47	24	1	4	signed	batch-01	imported	House/ concurs with Senate amendment	Food Security Amendments
2137	HB0100	S		1510213	2025-03-05	26	0	1	4	signed	screened	not-divided	Senate/ passed 2nd & 3rd readings/ suspension	Food Security Amendments
2137	HB0103	H		1515058	2025-02-24	61	8	1	4	signed	screened	not-divided	House/ passed 3rd reading	State Land Access Road Amendments
2137	HB0103	S		1515060	2025-03-06	24	1	1	4	signed	screened	not-divided	Senate/ passed 2nd & 3rd readings/ suspension	State Land Access Road Amendments
2137	HB0104	H		1514063	2025-02-14	59	10	1	4	signed	screened	not-divided	House/ passed 3rd reading	Firearm Safety in Schools Amendments
2137	HB0104	H		1514067	2025-03-07	63	8	1	4	signed	screened	not-divided	House Conference Committee - Final Passage	Firearm Safety in Schools Amendments
2137	HB0104	S		1514065	2025-03-07	18	1	1	4	signed	screened	not-divided	Senate/ passed 2nd & 3rd readings/ suspension	Firearm Safety in Schools Amendments
2137	HB0104	S		1514066	2025-03-07	19	6	1	4	signed	dropped:no-direction	requires firearm safety instruction in schools with an opt-out; teaching safety is neither for nor against gun_control	Senate Conference Committee - Final Passage	Firearm Safety in Schools Amendments
2137	HB0105	H		1513067	2025-02-03	74	0	1	4	signed	screened	not-divided	House/ passed 3rd reading	Criminal Code Modifications
2137	HB0105	S		1513070	2025-03-05	27	0	1	4	signed	screened	not-divided	Senate/ passed 2nd & 3rd readings/ suspension	Criminal Code Modifications
2137	HB0106	H		1510228	2025-02-27	61	11	1	4	signed	screened	not-divided	House/ passed 3rd reading	Income Tax Revisions
2137	HB0106	H		1510232	2025-03-05	58	13	1	4	signed	screened	not-divided	House/ concurs with Senate amendment	Income Tax Revisions
2137	HB0106	S		1510231	2025-03-05	23	6	1	4	signed	batch-05	imported 2026-09-10, run 06:40:23.021Z	Senate/ passed 2nd & 3rd readings/ suspension	Income Tax Revisions
2137	HB0108	H		1510239	2025-01-29	68	0	1	4	signed	screened	not-divided	House/ passed 3rd reading	Fraudulent Deed Amendments
2137	HB0108	S		1510242	2025-02-14	21	0	1	4	signed	screened	not-divided	Senate/ passed 3rd reading	Fraudulent Deed Amendments
2137	HB0109	H		1510222	2025-01-29	70	0	1	4	signed	screened	not-divided	House/ passed 3rd reading	Municipal Election Amendments
2137	HB0109	S		1510225	2025-02-14	15	8	1	4	signed	dropped:not-recognizable	limits on ordinances a lame-duck municipal council may adopt	Senate/ passed 3rd reading	Municipal Election Amendments
2137	HB0110	H		1512853	2025-02-25	50	18	1	4	signed	dropped:no-area	repeals a property tax rate that funds schools with the appropriation held harmless; no research area covers property tax	House/ passed 3rd reading	Combined Basic Tax Rate Reduction
2137	HB0110	S		1512855	2025-03-07	21	5	1	4	signed	screened	not-divided	Senate/ passed 2nd & 3rd readings/ suspension	Combined Basic Tax Rate Reduction
2137	HB0111	H		1510249	2025-02-10	73	0	1	4	signed	screened	not-divided	House/ passed 3rd reading	Workers' Compensation Amendments
2137	HB0111	S		1510252	2025-02-21	23	0	1	4	signed	screened	not-divided	Senate/ passed 3rd reading	Workers' Compensation Amendments
2137	HB0112	H		1510217	2025-02-05	69	1	1	4	signed	screened	not-divided	House/ passed 3rd reading	Motor Vehicle Safety Inspection Modifications
2137	HB0112	S		1510220	2025-03-03	26	0	1	4	signed	screened	not-divided	Senate/ passed 3rd reading	Motor Vehicle Safety Inspection Modifications
2137	HB0114	H		1510254	2025-02-06	74	0	1	4	signed	screened	not-divided	House/ passed 3rd reading	Architects Licensing Act Amendments
2137	HB0114	S		1510257	2025-02-27	22	0	1	4	signed	screened	not-divided	Senate/ passed 3rd reading	Architects Licensing Act Amendments
2137	HB0115	H		1513131	2025-02-07	73	0	1	4	signed	screened	not-divided	House/ passed 3rd reading	State Park Funding Amendments
2137	HB0115	S		1513134	2025-03-03	25	0	1	4	signed	screened	not-divided	Senate/ passed 3rd reading	State Park Funding Amendments
2137	HB0117	H		1514887	2025-02-06	70	0	1	6	none	screened	not-divided	House/ passed 3rd reading	Sexual Abuse Statutes of Limitation Amendments
2137	HB0119	H		1510234	2025-02-11	42	31	1	4	signed	batch-03	imported 2026-09-10, run 06:20:32.472Z	House/ passed 3rd reading	Solar Panel Restrictions in Homeowners Associations Amendments
2137	HB0119	S		1510237	2025-03-04	19	10	1	4	signed	batch-03	imported 2026-09-10, run 06:20:32.472Z	Senate/ passed 3rd reading	Solar Panel Restrictions in Homeowners Associations Amendments
2137	HB0120	H		1512395	2025-02-05	52	23	1	6	none	screened	not-enacted-status-6	House/ passed 3rd reading	Time Change Amendments
2137	HB0122	H		1511214	2025-02-18	70	0	1	4	signed	screened	not-divided	House/ passed 3rd reading	Military Affairs Amendments
2137	HB0122	S		1511216	2025-03-07	21	2	1	4	signed	screened	not-divided	Senate/ passed 2nd & 3rd readings/ suspension	Military Affairs Amendments
2137	HB0124	H		1510290	2025-01-31	69	1	1	4	signed	screened	not-divided	House/ passed 3rd reading	Education Industry Employee Privacy
2137	HB0124	H		1510295	2025-02-19	62	10	1	4	signed	screened	not-divided	House/ concurs with Senate amendment	Education Industry Employee Privacy
2137	HB0124	S		1510294	2025-02-14	16	5	1	4	signed	batch-05	imported 2026-09-10, run 06:40:23.021Z	Senate/ passed 3rd reading	Education Industry Employee Privacy
2137	HB0127	H		1515100	2025-02-03	72	0	1	4	signed	screened	not-divided	House/ passed 3rd reading	Sexual Crime Amendments
2137	HB0127	H		1515103	2025-03-06	73	0	1	4	signed	screened	not-divided	House/ concurs with Senate amendment	Sexual Crime Amendments
2137	HB0127	S		1515102	2025-03-05	28	0	1	4	signed	screened	not-divided	Senate/ passed 2nd & 3rd readings/ suspension	Sexual Crime Amendments
2137	HB0128	H		1513003	2025-02-07	70	0	1	4	signed	screened	not-divided	House/ passed 3rd reading	Dangerous Weapons Recodification and Cross References
2137	HB0128	H		1513007	2025-03-06	67	0	1	4	signed	screened	not-divided	House/ concurs with Senate amendment	Dangerous Weapons Recodification and Cross References
2137	HB0128	S		1513006	2025-03-06	25	0	1	4	signed	screened	not-divided	Senate/ passed 2nd & 3rd readings/ suspension	Dangerous Weapons Recodification and Cross References
2137	HB0129	H		1510265	2025-02-07	72	0	1	4	signed	screened	not-divided	House/ passed 3rd reading	Adoption Records Access Amendments
2137	HB0129	H		1510270	2025-02-21	65	1	1	4	signed	screened	not-divided	House/ concurs with Senate amendment	Adoption Records Access Amendments
2137	HB0129	S		1510269	2025-02-20	24	0	1	4	signed	screened	not-divided	Senate/ passed 3rd reading	Adoption Records Access Amendments
2137	HB0131	H		1510283	2025-01-30	71	0	1	4	signed	screened	not-divided	House/ passed 3rd reading	Talent Ready Utah Program Amendments
2137	HB0131	S		1510286	2025-02-12	21	0	1	4	signed	screened	not-divided	Senate/ passed 3rd reading	Talent Ready Utah Program Amendments
2137	HB0133	H		1514519	2025-02-04	56	13	1	6	none	screened	not-divided	House/ passed 3rd reading	Dangerous Weapons Amendments
2137	HB0134	H		1510273	2025-02-06	72	0	1	4	signed	screened	not-divided	House/ passed 3rd reading	Food Cart Amendments
2137	HB0134	S		1510276	2025-02-28	26	0	1	4	signed	screened	not-divided	Senate/ passed 3rd reading	Food Cart Amendments
2137	HB0136	H		1512985	2025-02-18	64	0	1	6	none	screened	not-divided	House/ passed 3rd reading	Alternative Incarceration Program Amendments
2137	HB0138	H		1510340	2025-02-07	75	0	1	4	signed	screened	not-divided	House/ passed 3rd reading	Food Labeling Amendments
2137	HB0138	S		1510343	2025-02-27	23	0	1	4	signed	screened	not-divided	Senate/ passed 3rd reading	Food Labeling Amendments
2137	HB0139	H		1510351	2025-02-27	72	0	1	4	signed	screened	not-divided	House/ passed 3rd reading	Governmental Accounting Amendments
2137	HB0139	S		1510353	2025-03-06	23	0	1	4	signed	screened	not-divided	Senate/ passed 2nd & 3rd readings/ suspension	Governmental Accounting Amendments
2137	HB0140	H		1512260	2025-02-11	54	17	1	6	none	screened	not-enacted-status-6	House/ passed 3rd reading	Assault Amendments
2137	HB0141	H		1510315	2025-02-06	75	0	1	4	signed	screened	not-divided	House/ passed 3rd reading	Adoption Modifications
2137	HB0141	S		1510318	2025-02-20	24	0	1	4	signed	screened	not-divided	Senate/ passed 3rd reading	Adoption Modifications
2137	HB0142	H		1510356	2025-02-18	73	0	1	4	signed	screened	not-divided	House/ passed 3rd reading	Service Member and Veteran Amendments
2137	HB0142	S		1510359	2025-02-28	23	0	1	4	signed	screened	not-divided	Senate/ passed 3rd reading	Service Member and Veteran Amendments
2137	HB0143	H		1513464	2025-02-24	69	0	1	6	none	screened	not-divided	House/ passed 3rd reading	Firearm Safety Incentives
2137	HB0144	H		1510308	2025-01-31	72	0	1	4	signed	screened	not-divided	House/ passed 3rd reading	School District Contracting Amendments
2137	HB0144	S		1510311	2025-02-14	12	9	0	4	signed	screened	not-the-chambers-final-roll	Senate/ failed	School District Contracting Amendments
2137	HB0144	S		1510312	2025-02-27	25	0	1	4	signed	screened	not-divided	Senate/ passed 3rd reading	School District Contracting Amendments
2137	HB0146	H		1510325	2025-01-31	72	0	1	4	signed	screened	not-divided	House/ passed 3rd reading	Mammography Amendments
2137	HB0146	S		1510328	2025-02-13	26	0	1	4	signed	screened	not-divided	Senate/ passed 3rd reading	Mammography Amendments
2137	HB0147	H		1511368	2025-02-20	67	0	1	6	none	screened	not-divided	House/ passed 3rd reading	Aquatic Invasive Species Amendments
2137	HB0148	H		1514633	2025-02-11	73	0	1	4	signed	screened	not-divided	House/ passed 3rd reading	Child Sexual Abuse Amendments
2137	HB0148	S		1514635	2025-03-07	27	0	1	4	signed	screened	not-divided	Senate/ passed 2nd & 3rd readings/ suspension	Child Sexual Abuse Amendments
2137	HB0150	H		1510363	2025-02-03	73	0	1	4	signed	screened	not-divided	House/ passed 3rd reading	Emergency Communications Modifications
2137	HB0150	S		1510366	2025-02-28	25	0	1	4	signed	screened	not-divided	Senate/ passed 3rd reading	Emergency Communications Modifications
2137	HB0152	H		1511598	2025-02-06	71	0	1	4	signed	screened	not-divided	House/ passed 3rd reading	Health Care Facilities Amendments
2137	HB0152	H		1511603	2025-03-05	74	0	1	4	signed	screened	not-divided	House/ concurs with Senate amendment	Health Care Facilities Amendments
2137	HB0152	S		1511602	2025-03-04	25	1	1	4	signed	screened	not-divided	Senate/ passed 3rd reading	Health Care Facilities Amendments
2137	HB0153	H		1512217	2025-02-18	50	22	1	6	none	screened	not-enacted-status-6	House/ passed 3rd reading	Hunting Amendments
2137	HB0154	H		1515034	2025-01-31	43	29	1	4	signed	screened	not-the-chambers-final-roll	House/ passed 3rd reading	Punitive Damages Amendments
2137	HB0154	H		1515038	2025-03-07	49	15	1	4	signed	dropped:no-area	routes the state's share of DUI punitive damages to the victim services account; no area fits	House/ concurs with Senate amendment	Punitive Damages Amendments
2137	HB0154	S		1515037	2025-03-07	20	6	1	4	signed	dropped:no-area	routes the state's share of DUI punitive damages to the victim services account; no area fits	Senate/ passed 2nd & 3rd readings/ suspension	Punitive Damages Amendments
2137	HB0156	H		1512788	2025-02-27	68	0	1	6	none	screened	not-divided	House/ passed 3rd reading	Education Board Amendments
2137	HB0157	H		1512043	2025-02-03	73	0	1	4	signed	screened	not-divided	House/ passed 3rd reading	Energy Education Amendments
2137	HB0157	S		1512045	2025-03-06	23	2	1	4	signed	screened	not-divided	Senate/ passed 2nd & 3rd readings/ suspension	Energy Education Amendments
2137	HB0158	H		1512903	2025-02-10	59	13	1	6	none	screened	not-divided	House/ passed 3rd reading	State Sovereignty Amendments
2137	HB0159	H		1510379	2025-02-06	73	0	1	4	signed	screened	not-divided	House/ passed 3rd reading	Protection Order Amendments
2137	HB0159	S		1510382	2025-02-20	24	0	1	4	signed	screened	not-divided	Senate/ passed 3rd reading	Protection Order Amendments
2137	HB0160	H		1513166	2025-02-10	73	0	1	4	signed	screened	not-divided	House/ passed 3rd reading	Professional License Degree Amendments
2137	HB0160	H		1513171	2025-03-07	68	0	1	4	signed	screened	not-divided	House/ concurs with Senate amendment	Professional License Degree Amendments
2137	HB0160	S		1513170	2025-03-07	21	0	1	4	signed	screened	not-divided	Senate/ passed 3rd reading	Professional License Degree Amendments
2137	HB0161	H		1510384	2025-02-04	68	0	1	4	signed	screened	not-divided	House/ passed 3rd reading	School Bus Route Amendments
2137	HB0161	S		1510387	2025-02-21	26	0	1	4	signed	screened	not-divided	Senate/ passed 3rd reading	School Bus Route Amendments
2137	HB0162	H		1512867	2025-02-21	66	0	1	6	none	screened	not-divided	House/ passed 3rd reading	Transportation Funding Amendments
2137	HB0163	H		1510373	2025-02-10	74	0	1	4	signed	screened	not-divided	House/ passed 3rd reading	Adult Probation and Parole Amendments
2137	HB0163	S		1510376	2025-02-20	21	0	1	4	signed	screened	not-divided	Senate/ passed 3rd reading	Adult Probation and Parole Amendments
2137	HB0164	H		1513408	2025-02-04	66	1	1	6	none	screened	not-divided	House/ passed 3rd reading	Vehicle Accident Liability Amendments
2137	HB0165	H		1511474	2025-02-25	25	43	0	6	none	screened	not-enacted-status-6	House/ failed	Process for Submitting Nonbinding Opinion Question
2137	HB0166	H		1510413	2025-02-11	72	0	1	4	signed	screened	not-divided	House/ passed 3rd reading	Trailer Registration and Uniform Fee Amendments
2137	HB0166	H		1510414	2025-02-11	74	1	1	4	signed	screened	not-divided	House/ passed 3rd reading	Trailer Registration and Uniform Fee Amendments
2137	HB0166	S		1510417	2025-02-21	26	0	1	4	signed	screened	not-divided	Senate/ passed 3rd reading	Trailer Registration and Uniform Fee Amendments
2137	HB0167	H		1510401	2025-02-04	71	0	1	4	signed	screened	not-divided	House/ passed 3rd reading	Offender Reintegration Amendments
2137	HB0167	H		1510406	2025-02-21	68	0	1	4	signed	screened	not-divided	House/ concurs with Senate amendment	Offender Reintegration Amendments
2137	HB0167	S		1510405	2025-02-20	21	0	1	4	signed	screened	not-divided	Senate/ passed 3rd reading	Offender Reintegration Amendments
2137	HB0168	H		1511658	2025-02-24	68	0	1	6	none	screened	not-divided	House/ passed 3rd reading	Artificial Intelligence in Education
2137	HB0169	H		1511259	2025-02-25	64	0	1	6	none	screened	not-divided	House/ passed 3rd reading	State Board of Education Amendments
2137	HB0171	H		1514110	2025-02-21	68	0	1	6	none	screened	not-divided	House/ passed 3rd reading	Victim Privacy Changes
2137	HB0173	H		1510431	2025-02-10	74	0	1	4	signed	screened	not-divided	House/ passed 3rd reading	Controlled Substances Act Amendments
2137	HB0173	S		1510434	2025-02-27	26	0	1	4	signed	screened	not-divided	Senate/ passed 3rd reading	Controlled Substances Act Amendments
2137	HB0174	H		1510436	2025-02-11	68	0	1	4	signed	screened	not-divided	House/ passed 3rd reading	Water Rights Restricted Account
2137	HB0174	S		1510439	2025-02-25	24	0	1	4	signed	screened	not-divided	Senate/ passed 3rd reading	Water Rights Restricted Account
2137	HB0175	H		1510426	2025-02-10	71	1	1	4	signed	screened	not-divided	House/ passed 3rd reading	Housing Construction Amendments
2137	HB0175	S		1510429	2025-02-20	22	0	1	4	signed	screened	not-divided	Senate/ passed 3rd reading	Housing Construction Amendments
2137	HB0176	H		1511315	2025-02-26	68	2	1	4	signed	screened	not-divided	House/ passed 3rd reading	County Classification Amendments
2137	HB0176	S		1511317	2025-03-06	21	2	1	4	signed	screened	not-divided	Senate/ passed 2nd & 3rd readings/ suspension	County Classification Amendments
2137	HB0177	H		1511512	2025-02-11	72	0	1	4	signed	screened	not-divided	House/ passed 3rd reading	Glass Recycling Amendments
2137	HB0177	S		1511515	2025-02-21	22	0	1	4	signed	screened	not-divided	Senate/ passed 3rd reading	Glass Recycling Amendments
2137	HB0183	H		1511693	2025-02-18	68	0	1	4	signed	screened	not-divided	House/ passed 3rd reading	Noncitizen Restricted Person Amendments
2137	HB0183	S		1511695	2025-03-06	22	0	1	4	signed	screened	not-divided	Senate/ passed 2nd & 3rd readings/ suspension	Noncitizen Restricted Person Amendments
2137	HB0184	H		1510455	2025-02-10	70	1	1	4	signed	screened	not-divided	House/ passed 3rd reading	School Trust Land Amendments
2137	HB0184	S		1510458	2025-02-24	25	0	1	4	signed	screened	not-divided	Senate/ passed 3rd reading	School Trust Land Amendments
2137	HB0186	H		1512068	2025-02-21	68	0	1	6	none	screened	not-divided	House/ passed 3rd reading	Wage Payment Amendments
2137	HB0187	H		1514351	2025-02-20	57	11	1	6	none	screened	not-divided	House/ passed 3rd reading	Imitation Firearm Amendments
2137	HB0188	H		1511607	2025-02-18	73	0	1	4	signed	screened	not-divided	House/ passed 3rd reading	Dry Needling Amendments
2137	HB0188	S		1511609	2025-03-07	25	0	1	4	signed	screened	not-divided	Senate/ passed 2nd & 3rd readings/ suspension	Dry Needling Amendments
2137	HB0190	H		1510480	2025-02-10	70	2	1	4	signed	screened	not-divided	House/ passed 3rd reading	Motorcycle Amendments
2137	HB0190	H		1510486	2025-03-03	56	12	1	4	signed	screened	not-divided	House/ concurs with Senate amendment	Motorcycle Amendments
2137	HB0190	S		1510483	2025-02-26	13	5	0	4	signed	screened	not-the-chambers-final-roll	Senate/ failed	Motorcycle Amendments
2137	HB0190	S		1510485	2025-02-28	24	0	1	4	signed	screened	not-divided	Senate/ passed 3rd reading	Motorcycle Amendments
2137	HB0191	H		1513638	2025-02-19	66	6	1	4	signed	screened	not-divided	House/ passed 3rd reading	High School Credit Amendments
2137	HB0191	H		1513642	2025-03-06	64	4	1	4	signed	screened	not-divided	House/ concurs with Senate amendment	High School Credit Amendments
2137	HB0191	S		1513641	2025-03-06	17	10	1	4	signed	dropped:not-recognizable	high school credit for packet courses	Senate/ passed 2nd & 3rd readings/ suspension	High School Credit Amendments
2137	HB0194	H		1510474	2025-02-13	67	0	1	4	signed	screened	not-divided	House/ passed 3rd reading	Beekeeping and Veterinary Amendments
2137	HB0194	S		1510477	2025-02-26	24	0	1	4	signed	screened	not-divided	Senate/ passed 3rd reading	Beekeeping and Veterinary Amendments
2137	HB0195	H		1512971	2025-02-11	72	0	1	4	signed	screened	not-divided	House/ passed 3rd reading	Firearm Retention Amendments
2137	HB0195	H		1512976	2025-03-05	65	5	1	4	signed	screened	not-divided	House/ concurs with Senate amendment	Firearm Retention Amendments
2137	HB0195	S		1512974	2025-03-03	20	6	1	4	signed	screened	not-the-chambers-final-roll	Senate/ passed 3rd reading	Firearm Retention Amendments
2137	HB0195	S		1512975	2025-03-03	21	6	1	4	signed	batch-04	imported 2026-09-10, run 06:31:36.630Z	Senate/ passed 3rd reading	Firearm Retention Amendments
2137	HB0196	H		1511538	2025-02-05	34	37	0	6	signed	screened	not-the-chambers-final-roll	House/ failed	Vehicle Traction Amendments
2137	HB0196	H		1511539	2025-02-06	48	24	1	6	signed	screened	not-enacted-status-6	House/ passed 3rd reading	Vehicle Traction Amendments
2137	HB0196	S		1511542	2025-02-28	20	5	1	6	signed	screened	not-enacted-status-6	Senate/ passed 3rd reading	Vehicle Traction Amendments
2137	HB0197	H		1511925	2025-02-04	74	0	1	4	signed	screened	not-divided	House/ passed 3rd reading	Criminal Conduct Amendments
2137	HB0197	S		1511928	2025-02-20	25	0	1	4	signed	screened	not-divided	Senate/ passed 3rd reading	Criminal Conduct Amendments
2137	HB0198	H		1511372	2025-02-28	56	12	1	4	signed	screened	not-divided	House/ passed 3rd reading	Highway Expansion Impacts on Signage Amendments
2137	HB0198	H		1511373	2025-02-28	56	11	1	4	signed	screened	not-divided	House/ passed 3rd reading	Highway Expansion Impacts on Signage Amendments
2137	HB0198	S		1511375	2025-03-07	25	1	1	4	signed	screened	not-divided	Senate/ passed 2nd & 3rd readings/ suspension	Highway Expansion Impacts on Signage Amendments
2137	HB0199	H		1512083	2025-02-14	70	0	1	4	signed	screened	not-divided	House/ passed 3rd reading	Substance Use Treatment and Enforcement Amendments
2137	HB0199	S		1512085	2025-03-06	24	0	1	4	signed	screened	not-divided	Senate/ passed 2nd & 3rd readings/ suspension	Substance Use Treatment and Enforcement Amendments
2137	HB0200	H		1513723	2025-01-30	73	0	1	4	signed	screened	not-divided	House/ passed 3rd reading	Outdoor Recreation Amendments
2137	HB0200	S		1513726	2025-02-14	23	0	1	4	signed	screened	not-divided	Senate/ passed 3rd reading	Outdoor Recreation Amendments
2137	HB0201	H		1514412	2025-02-11	65	8	1	4	signed	screened	not-divided	House/ passed 3rd reading	Energy Resource Amendments
2137	HB0201	H		1514417	2025-02-21	57	10	1	4	signed	screened	not-divided	House/ concurs with Senate amendment	Energy Resource Amendments
2137	HB0201	S		1514416	2025-02-20	21	6	1	4	signed	dropped:not-recognizable	utility resource-plan accounting rules; technical, and its consent rule for demand programs cuts the other way	Senate/ passed 3rd reading	Energy Resource Amendments
2137	HB0202	H		1511682	2025-02-21	59	6	1	4	signed	screened	not-divided	House/ passed 3rd reading	Private Landowner Big Game Revisions
2137	HB0202	H		1511686	2025-03-07	57	10	1	4	signed	screened	not-divided	House/ concurs with Senate amendment	Private Landowner Big Game Revisions
2137	HB0202	S		1511685	2025-03-07	17	8	1	4	signed	dropped:not-recognizable	landowner big game hunting draw	Senate/ passed 2nd & 3rd readings/ suspension	Private Landowner Big Game Revisions
2137	HB0203	H		1514918	2025-02-07	57	15	1	6	none	screened	not-enacted-status-6	House/ passed 3rd reading	Cannabis Amendments
2137	HB0204	H		1510495	2025-02-10	73	0	1	4	signed	screened	not-divided	House/ passed 3rd reading	Stipends for Future Educators Grant Program Amendments
2137	HB0204	S		1510499	2025-03-04	26	0	1	4	signed	screened	not-divided	Senate/ passed 2nd & 3rd readings/ suspension	Stipends for Future Educators Grant Program Amendments
2137	HB0207	H		1512980	2025-02-11	71	0	1	4	signed	screened	not-divided	House/ passed 3rd reading	Sexual Offense Revisions
2137	HB0207	H		1512983	2025-03-05	64	5	1	4	signed	screened	not-divided	House/ concurs with Senate amendment	Sexual Offense Revisions
2137	HB0207	S		1512982	2025-03-05	16	10	1	4	signed	batch-05	imported 2026-09-10, run 06:40:23.021Z	Senate/ passed 2nd & 3rd readings/ suspension	Sexual Offense Revisions
2137	HB0208	H		1513668	2025-02-05	72	0	1	4	signed	screened	not-divided	House/ passed 3rd reading	Urban Farming Assessment Modifications
2137	HB0208	S		1513671	2025-03-04	26	0	1	4	signed	screened	not-divided	Senate/ passed 3rd reading	Urban Farming Assessment Modifications
2137	HB0209	H		1511873	2025-02-06	69	1	1	4	signed	screened	not-divided	House/ passed 3rd reading	Homeschool Amendments
2137	HB0209	H		1511879	2025-03-05	62	13	1	4	signed	screened	not-divided	House/ concurs with Senate amendment	Homeschool Amendments
2137	HB0209	S		1511878	2025-03-03	20	5	1	4	signed	deferred:operator-direction	removes homeschool affidavit and criminal-record attestation steps; parental-rights versus accountability direction is contested	Senate/ passed 3rd reading	Homeschool Amendments
2137	HB0210	H		1513574	2025-02-19	73	0	1	6	none	screened	not-divided	House/ passed 3rd reading	Higher Education Board of Trustees Amendments
2137	HB0212	H		1513531	2025-02-10	74	0	1	4	signed	screened	not-divided	House/ passed 3rd reading	Advanced Transmission Technologies
2137	HB0212	S		1513534	2025-02-21	26	0	1	4	signed	screened	not-divided	Senate/ passed 3rd reading	Advanced Transmission Technologies
2137	HB0215	H		1511862	2025-02-18	68	0	1	6	none	screened	not-divided	House/ passed 3rd reading	Office of Legislative Auditor General Provisions
2137	HB0216	H		1510533	2025-02-13	71	1	1	4	signed	screened	not-divided	House/ passed 3rd reading	Income Tax Revenue Amendments
2137	HB0216	S		1510536	2025-03-03	26	0	1	4	signed	screened	not-divided	Senate/ passed 3rd reading	Income Tax Revenue Amendments
2137	HB0217	H		1514290	2025-02-24	66	0	1	4	signed	screened	not-divided	House/ passed 3rd reading	Homeowners' Association Amendments
2137	HB0217	H		1514293	2025-03-07	67	0	1	4	signed	screened	not-divided	House/ concurs with Senate amendment	Homeowners' Association Amendments
2137	HB0217	S		1514292	2025-03-07	27	0	1	4	signed	screened	not-divided	Senate/ passed 2nd & 3rd readings/ suspension	Homeowners' Association Amendments
2137	HB0219	H		1510515	2025-02-14	70	0	1	4	signed	screened	not-divided	House/ passed 3rd reading	Charter School Funding Revisions
2137	HB0219	S		1510518	2025-03-04	25	0	1	4	signed	screened	not-divided	Senate/ passed 2nd & 3rd readings/ suspension	Charter School Funding Revisions
2137	HB0222	H		1510509	2025-02-11	73	1	1	4	signed	screened	not-divided	House/ passed 3rd reading	Access to Traffic Accident Evidence
2137	HB0222	S		1510512	2025-02-27	25	0	1	4	signed	screened	not-divided	Senate/ passed 3rd reading	Access to Traffic Accident Evidence
2137	HB0223	H		1510556	2025-02-05	75	0	1	4	signed	screened	not-divided	House/ passed 3rd reading	State Grant Requirements
2137	HB0223	S		1510559	2025-02-20	22	0	1	4	signed	screened	not-divided	Senate/ passed 3rd reading	State Grant Requirements
2137	HB0224	H		1510567	2025-02-18	69	0	1	4	signed	screened	not-divided	House/ passed 3rd reading	Inmate Reentry, Finances, and Debt Modifications
2137	HB0224	S		1510569	2025-03-05	26	0	1	4	signed	screened	not-divided	Senate/ passed 2nd & 3rd readings/ suspension	Inmate Reentry, Finances, and Debt Modifications
2137	HB0225	H		1512841	2025-02-19	45	26	1	6	none	screened	not-enacted-status-6	House/ passed 3rd reading	School Zone Speeding Amendments
2137	HB0226	H		1514201	2025-02-12	62	9	1	4	signed	screened	not-divided	House/ passed 3rd reading	Criminal Amendments
2137	HB0226	H		1514208	2025-03-06	56	11	1	4	signed	screened	not-divided	House/ concurs with Senate amendment	Criminal Amendments
2137	HB0226	S		1514207	2025-03-06	21	8	1	4	signed	deferred:operator-direction	sheriff and prison must alert federal immigration authorities before releasing an unlawfully present person after a sentence; the immigration area scores lawful immigration, so direction is an operator call	Senate/ passed 2nd & 3rd readings/ suspension	Criminal Amendments
2137	HB0227	H		1513927	2025-02-25	44	20	1	6	none	screened	not-enacted-status-6	House/ passed 3rd reading	Restricted Person Amendments
2137	HB0228	H		1510562	2025-02-06	70	0	1	4	signed	screened	not-divided	House/ passed 3rd reading	Public Education Immunization Amendments
2137	HB0228	S		1510565	2025-02-28	24	0	1	4	signed	screened	not-divided	Senate/ passed 3rd reading	Public Education Immunization Amendments
2137	HB0229	H		1510593	2025-02-10	71	0	1	4	signed	screened	not-divided	House/ passed 3rd reading	Transportation Funds Amendments
2137	HB0229	S		1510596	2025-02-21	27	0	1	4	signed	screened	not-divided	Senate/ passed 3rd reading	Transportation Funds Amendments
2137	HB0230	H		1511965	2025-02-06	38	34	1	4	signed	screened	not-the-chambers-final-roll	House/ passed 3rd reading	Blockchain and Digital Innovation Amendments
2137	HB0230	H		1511968	2025-03-07	52	19	1	4	signed	dropped:no-direction	digital asset and blockchain rights; Ohio HB 116 precedent, no honest direction	House/ concurs with Senate amendment	Blockchain and Digital Innovation Amendments
2137	HB0230	S		1511967	2025-03-07	19	7	1	4	signed	dropped:no-direction	digital asset and blockchain rights; Ohio HB 116 precedent, no honest direction	Senate/ passed 2nd & 3rd readings/ suspension	Blockchain and Digital Innovation Amendments
2137	HB0231	H		1512048	2025-03-04	50	20	1	6	none	screened	not-enacted-status-6	House/ passed 3rd reading	Primary Election Amendments
2137	HB0233	H		1511505	2025-02-21	51	14	1	4	signed	screened	not-the-chambers-final-roll	House/ passed 3rd reading	School Curriculum Amendments
2137	HB0233	H		1511508	2025-03-07	52	13	1	4	signed	deferred	user-direction: bars abortion providers from school health instruction, area and direction both arguable	House/ concurs with Senate amendment	School Curriculum Amendments
2137	HB0233	S		1511507	2025-03-07	18	8	1	4	signed	deferred	user-direction: bars abortion providers from school health instruction, area and direction both arguable	Senate/ passed 2nd & 3rd readings/ suspension	School Curriculum Amendments
2137	HB0234	H		1510582	2025-02-10	73	1	1	4	signed	screened	not-divided	House/ passed 3rd reading	Motorcycle Safety Amendments
2137	HB0234	S		1510585	2025-02-21	17	10	1	4	signed	dropped:not-recognizable	fine for riding a motorcycle without an endorsement	Senate/ passed 3rd reading	Motorcycle Safety Amendments
2137	HB0235	H		1510551	2025-02-05	74	0	1	4	signed	screened	not-divided	House/ passed 3rd reading	County Auditor Modifications
2137	HB0235	S		1510554	2025-02-20	20	3	1	4	signed	screened	not-divided	Senate/ passed 3rd reading	County Auditor Modifications
2137	HB0237	H		1510599	2025-01-30	71	0	1	4	signed	screened	not-divided	House/ passed 3rd reading	Rollback Tax Amendments
2137	HB0237	H		1510605	2025-03-03	68	0	1	4	signed	screened	not-divided	House/ concurs with Senate amendment	Rollback Tax Amendments
2137	HB0237	S		1510602	2025-02-26	13	12	0	4	signed	screened	not-the-chambers-final-roll	Senate/ failed	Rollback Tax Amendments
2137	HB0237	S		1510604	2025-02-28	20	5	1	4	signed	dropped:not-recognizable	county use of rollback tax revenue	Senate/ passed 3rd reading	Rollback Tax Amendments
2137	HB0238	H		1513062	2025-02-11	73	0	1	6	none	screened	not-divided	House/ passed 3rd reading	Department of Health and Human Services Account Amendments
2137	HB0239	H		1510607	2025-02-11	73	0	1	4	signed	screened	not-divided	House/ passed 3rd reading	Disaster Funds Revisions
2137	HB0239	S		1510610	2025-02-27	26	0	1	4	signed	screened	not-divided	Senate/ passed 3rd reading	Disaster Funds Revisions
2137	HB0240	H		1513017	2025-02-20	67	0	1	4	signed	screened	not-divided	House/ passed 3rd reading	Urban Farming Assessment Amendments
2137	HB0240	S		1513019	2025-03-07	27	0	1	4	signed	screened	not-divided	Senate/ passed 2nd & 3rd readings/ suspension	Urban Farming Assessment Amendments
2137	HB0241	H		1511414	2025-02-24	54	12	1	6	none	screened	not-divided	House/ passed 3rd reading	Solar Power Plant Amendments
2137	HB0243	H		1513865	2025-02-20	66	0	1	4	signed	screened	not-divided	House/ passed 3rd reading	Agricultural Water Optimization Amendments
2137	HB0243	S		1513867	2025-03-06	25	0	1	4	signed	screened	not-divided	Senate/ passed 2nd & 3rd readings/ suspension	Agricultural Water Optimization Amendments
2137	HB0244	H		1512103	2025-02-18	67	0	1	4	signed	screened	not-divided	House/ passed 3rd reading	Wildlife Management Area Amendments
2137	HB0244	S		1512105	2025-03-07	27	0	1	4	signed	screened	not-divided	Senate/ passed 2nd & 3rd readings/ suspension	Wildlife Management Area Amendments
2137	HB0246	H		1510612	2025-02-24	64	3	1	4	signed	screened	not-divided	House/ passed 3rd reading	Statewide Online Education Program Amendments
2137	HB0246	H		1510616	2025-03-05	70	2	1	4	signed	screened	not-divided	House/ concurs with Senate amendment	Statewide Online Education Program Amendments
2137	HB0246	S		1510615	2025-03-05	26	0	1	4	signed	screened	not-divided	Senate/ passed 2nd & 3rd readings/ suspension	Statewide Online Education Program Amendments
2137	HB0247	H		1513475	2025-02-26	38	37	1	6	none	screened	not-enacted-status-6	House/ passed 3rd reading	School Swimming and Lifeguarding Programs
2137	HB0248	H		1513356	2025-02-13	72	0	1	4	signed	screened	not-divided	House/ passed 3rd reading	Veteran Protections Amendments
2137	HB0248	S		1513358	2025-03-06	26	0	1	4	signed	screened	not-divided	Senate/ passed 2nd & 3rd readings/ suspension	Veteran Protections Amendments
2137	HB0249	H		1513121	2025-02-05	72	0	1	4	signed	screened	not-divided	House/ passed 3rd reading	Nuclear Power Amendments
2137	HB0249	H		1513127	2025-03-06	56	10	1	4	signed	screened	not-divided	House Conference Committee - Final Passage	Nuclear Power Amendments
2137	HB0249	S		1513125	2025-03-05	22	6	1	4	signed	screened	not-the-chambers-final-roll	Senate/ passed 2nd & 3rd readings/ suspension	Nuclear Power Amendments
2137	HB0249	S		1513126	2025-03-06	22	4	1	4	signed	screened	not-divided	Senate Conference Committee - Final Passage	Nuclear Power Amendments
2137	HB0250	H		1512232	2025-02-21	51	13	1	6	none	screened	not-enacted-status-6	House/ passed 3rd reading	Public Employee Gender-specific Language Requirements
2137	HB0251	H		1511363	2025-02-11	52	21	1	4	signed	batch-02	imported	House/ passed 3rd reading	Pollinator Program Amendments
2137	HB0251	S		1511366	2025-03-05	25	0	1	4	signed	screened	not-divided	Senate/ passed 2nd & 3rd readings/ suspension	Pollinator Program Amendments
2137	HB0252	H		1510619	2025-02-03	60	14	1	4	signed	screened	not-divided	House/ passed 3rd reading	State Custody Amendments
2137	HB0252	S		1510622	2025-02-20	19	6	1	4	signed	deferred:operator-direction	bars starting cross-sex hormones or sex-change surgery for prisoners and youth in state custody; same contested class as HB 77	Senate/ passed 3rd reading	State Custody Amendments
2137	HB0253	H		1510632	2025-02-06	72	0	1	4	signed	screened	not-divided	House/ passed 3rd reading	Agriculture and Food Amendments
2137	HB0253	S		1510635	2025-02-20	26	0	1	4	signed	screened	not-divided	Senate/ passed 3rd reading	Agriculture and Food Amendments
2137	HB0254	H		1512963	2025-02-10	58	14	1	4	signed	screened	not-divided	House/ passed 3rd reading	Waste Classification Amendments
2137	HB0254	S		1512966	2025-02-24	20	4	1	4	signed	screened	not-divided	Senate/ passed 3rd reading	Waste Classification Amendments
2137	HB0255	H		1510679	2025-02-12	73	0	1	4	signed	screened	not-divided	House/ passed 3rd reading	Local Land Use Modifications
2137	HB0255	S		1510682	2025-02-27	24	0	1	4	signed	screened	not-divided	Senate/ passed 3rd reading	Local Land Use Modifications
2137	HB0256	H		1513974	2025-02-10	48	23	1	4	signed	screened	not-the-chambers-final-roll	House/ passed 3rd reading	Municipal and County Zoning Amendments
2137	HB0256	H		1513978	2025-03-06	47	22	1	4	signed	dropped:no-direction	short-term rental enforcement tools; any housing effect depends on what each city chooses, so no honest direction	House/ concurs with Senate amendment	Municipal and County Zoning Amendments
2137	HB0256	S		1513977	2025-03-06	27	1	1	4	signed	screened	not-divided	Senate/ passed 2nd & 3rd readings/ suspension	Municipal and County Zoning Amendments
2137	HB0257	H		1512299	2025-02-13	72	0	1	4	signed	screened	not-divided	House/ passed 3rd reading	Pharmacy Benefit Amendments
2137	HB0257	S		1512301	2025-03-06	23	0	1	4	signed	screened	not-divided	Senate/ passed 2nd & 3rd readings/ suspension	Pharmacy Benefit Amendments
2137	HB0258	H		1510672	2025-02-10	73	0	1	4	signed	screened	not-divided	House/ passed 3rd reading	Medicare Supplement Insurance Amendments
2137	HB0258	S		1510675	2025-02-27	28	0	1	4	signed	screened	not-divided	Senate/ passed 3rd reading	Medicare Supplement Insurance Amendments
2137	HB0259	H		1510659	2025-01-30	70	0	1	4	signed	screened	not-divided	House/ passed 3rd reading	Tax Commission Amendments
2137	HB0259	S		1510662	2025-02-14	20	0	1	4	signed	screened	not-divided	Senate/ passed 3rd reading	Tax Commission Amendments
2137	HB0260	H		1510638	2025-02-06	71	0	1	4	signed	screened	not-divided	House/ passed 3rd reading	First Credential Program
2137	HB0260	H		1510643	2025-03-05	68	0	1	4	signed	screened	not-divided	House/ concurs with Senate amendment	First Credential Program
2137	HB0260	S		1510642	2025-03-05	20	5	1	4	signed	dropped:not-recognizable	workforce credential program	Senate/ passed 2nd & 3rd readings/ suspension	First Credential Program
2137	HB0261	H		1511733	2025-02-25	66	0	1	4	signed	screened	not-divided	House/ passed 3rd reading	Towing Modifications
2137	HB0261	H		1511737	2025-03-07	66	0	1	4	signed	screened	not-divided	House/ concurs with Senate amendment	Towing Modifications
2137	HB0261	S		1511736	2025-03-07	27	0	1	4	signed	screened	not-divided	Senate/ passed 2nd & 3rd readings/ suspension	Towing Modifications
2137	HB0262	H		1511525	2025-02-18	30	42	0	6	none	screened	not-enacted-status-6	House/ failed	HOA Board Education Amendments
2137	HB0263	H		1513611	2025-03-04	60	13	1	4	signed	screened	not-divided	House/ passed 3rd reading	Election Record Amendments
2137	HB0263	H		1513613	2025-03-07	47	23	1	4	signed	batch-01	imported	House/ concurs with Senate amendment	Election Record Amendments
2137	HB0263	S		1513612	2025-03-07	19	6	1	4	signed	batch-01	imported	Senate/ passed 2nd & 3rd readings/ suspension	Election Record Amendments
2137	HB0264	H		1510665	2025-02-10	62	10	1	4	signed	screened	not-divided	House/ passed 3rd reading	Tax Incentives Amendments
2137	HB0264	H		1510669	2025-02-24	59	13	1	4	signed	screened	not-divided	House/ concurs with Senate amendment	Tax Incentives Amendments
2137	HB0264	S		1510668	2025-02-21	16	7	1	4	signed	batch-05	imported 2026-09-10, run 06:40:23.021Z	Senate/ passed 3rd reading	Tax Incentives Amendments
2137	HB0265	H		1511557	2025-02-04	63	9	1	4	signed	screened	not-divided	House/ passed 3rd reading	Higher Education Strategic Reinvestment
2137	HB0265	H		1511562	2025-03-05	65	9	1	4	signed	screened	not-divided	House/ concurs with Senate amendment	Higher Education Strategic Reinvestment
2137	HB0265	S		1511561	2025-03-04	21	5	1	4	signed	screened	not-divided	Senate/ passed 2nd & 3rd readings/ suspension	Higher Education Strategic Reinvestment
2137	HB0266	H		1510690	2025-02-11	74	0	1	4	signed	screened	not-divided	House/ passed 3rd reading	Veteran Housing Amendments
2137	HB0266	S		1510693	2025-02-21	22	0	1	4	signed	screened	not-divided	Senate/ passed 3rd reading	Veteran Housing Amendments
2137	HB0267	H		1510685	2025-01-27	42	32	1	4	signed	deferred	user-direction: public sector union bargaining ban, no research area reaches a public employer and the 2025 Second Special Session repealed it by HB 2001	House/ passed 3rd reading	Public Sector Labor Union Amendments
2137	HB0267	S		1510688	2025-02-06	16	13	1	4	signed	deferred	user-direction: public sector union bargaining ban, no research area reaches a public employer and the 2025 Second Special Session repealed it by HB 2001	Senate/ passed 3rd reading	Public Sector Labor Union Amendments
2137	HB0268	H		1513023	2025-02-27	67	2	1	4	signed	screened	not-divided	House/ passed 3rd reading	Nonresident Online School Amendments
2137	HB0268	S		1513025	2025-03-07	23	0	1	4	signed	screened	not-divided	Senate/ passed 2nd & 3rd readings/ suspension	Nonresident Online School Amendments
2137	HB0269	H		1510696	2025-01-28	59	13	1	4	signed	screened	not-divided	House/ passed 3rd reading	Privacy Protections in Sex-designated Areas
2137	HB0269	H		1510700	2025-02-10	59	14	1	4	signed	screened	not-divided	House/ concurs with Senate amendment	Privacy Protections in Sex-designated Areas
2137	HB0269	S		1510699	2025-02-06	20	7	1	4	signed	deferred:operator-direction	privacy in sex-designated areas including campus housing; same contested class as HB 77	Senate/ passed 3rd reading	Privacy Protections in Sex-designated Areas
2137	HB0270	H		1514034	2025-02-27	70	0	1	6	none	screened	not-divided	House/ passed 3rd reading	Voter Registration Records Amendments
2137	HB0271	H		1514119	2025-02-11	69	0	1	6	none	screened	not-divided	House/ passed 3rd reading	Meeting or Procession Disruption Amendments
2137	HB0272	H		1510710	2025-02-14	73	0	1	4	signed	screened	not-divided	House/ passed 3rd reading	Vehicle Assessment Amendments
2137	HB0272	S		1510712	2025-03-04	22	4	1	4	signed	screened	not-divided	Senate/ passed 2nd & 3rd readings/ suspension	Vehicle Assessment Amendments
2137	HB0273	H		1513138	2025-02-27	69	0	1	4	signed	screened	not-divided	House/ passed 3rd reading	Law Enforcement Investigation Amendments
2137	HB0273	S		1513140	2025-03-06	24	0	1	4	signed	screened	not-divided	Senate/ passed 2nd & 3rd readings/ suspension	Law Enforcement Investigation Amendments
2137	HB0274	H		1513690	2025-02-19	67	2	1	4	signed	screened	not-divided	House/ passed 3rd reading	Water Amendments
2137	HB0274	H		1513694	2025-03-07	60	9	1	4	signed	screened	not-divided	House/ concurs with Senate amendment	Water Amendments
2137	HB0274	S		1513693	2025-03-07	17	10	1	4	signed	batch-05	imported 2026-09-10, run 06:40:23.021Z	Senate/ passed 2nd & 3rd readings/ suspension	Water Amendments
2137	HB0275	H		1512450	2025-02-13	66	5	1	6	none	screened	not-divided	House/ passed 3rd reading	First Responder Volunteer Tax Credit
2137	HB0276	H		1511530	2025-02-11	72	0	1	4	signed	screened	not-divided	House/ passed 3rd reading	Commitment Revisions
2137	HB0276	H		1511535	2025-03-07	68	0	1	4	signed	screened	not-divided	House/ concurs with Senate amendment	Commitment Revisions
2137	HB0276	S		1511534	2025-03-07	26	0	1	4	signed	screened	not-divided	Senate/ passed 2nd & 3rd readings/ suspension	Commitment Revisions
2137	HB0277	H		1514211	2025-02-10	74	0	1	6	none	screened	not-divided	House/ passed 3rd reading	Vehicle Registration Amendments
2137	HB0277	S		1514212	2025-03-05	6	22	0	6	none	screened	not-enacted-status-6	Senate/ failed	Vehicle Registration Amendments
2137	HB0278	H		1514869	2025-02-21	68	0	1	4	signed	screened	not-divided	House/ passed 3rd reading	Massage Therapy Amendments
2137	HB0278	H		1514875	2025-03-05	75	0	1	4	signed	screened	not-divided	House/ concurs with Senate amendment	Massage Therapy Amendments
2137	HB0278	S		1514874	2025-03-04	25	0	1	4	signed	screened	not-divided	Senate/ passed 2nd & 3rd readings/ suspension	Massage Therapy Amendments
2137	HB0279	H		1511750	2025-02-24	67	0	1	4	signed	screened	not-divided	House/ passed 3rd reading	Earned Wage Access Services Act
2137	HB0279	S		1511752	2025-03-04	26	0	1	4	signed	screened	not-divided	Senate/ passed 2nd & 3rd readings/ suspension	Earned Wage Access Services Act
2137	HB0281	H		1511783	2025-02-11	48	19	1	4	signed	screened	not-the-chambers-final-roll	House/ passed 3rd reading	Health Curriculum and Procedures Amendments
2137	HB0281	H		1511788	2025-03-07	53	16	1	4	signed	deferred	user-direction: parental consent for school health services, area and direction both arguable	House/ concurs with Senate amendment	Health Curriculum and Procedures Amendments
2137	HB0281	S		1511787	2025-03-07	21	7	1	4	signed	deferred	user-direction: parental consent for school health services, area and direction both arguable	Senate/ passed 2nd & 3rd readings/ suspension	Health Curriculum and Procedures Amendments
2137	HB0282	H		1510703	2025-02-10	69	0	1	4	signed	screened	not-divided	House/ passed 3rd reading	Health and Human Services Modifications
2137	HB0282	S		1510707	2025-02-27	25	0	1	4	signed	screened	not-divided	Senate/ passed 3rd reading	Health and Human Services Modifications
2137	HB0283	H		1512117	2025-02-13	69	0	1	4	signed	screened	not-divided	House/ passed 3rd reading	Child and Family Services Amendments
2137	HB0283	S		1512119	2025-03-07	25	0	1	4	signed	screened	not-divided	Senate/ passed 2nd & 3rd readings/ suspension	Child and Family Services Amendments
2137	HB0284	H		1513931	2025-02-25	56	14	1	6	none	screened	not-enacted-status-6	House/ passed 3rd reading	International Money Transmission Amendments
2137	HB0285	H		1510719	2025-02-11	71	0	1	4	signed	screened	not-divided	House/ passed 3rd reading	Water Infrastructure Modifications
2137	HB0285	H		1510724	2025-02-28	65	0	1	4	signed	screened	not-divided	House/ concurs with Senate amendment	Water Infrastructure Modifications
2137	HB0285	S		1510723	2025-02-27	28	0	1	4	signed	screened	not-divided	Senate/ passed 3rd reading	Water Infrastructure Modifications
2137	HB0287	H		1510749	2025-02-10	70	0	1	4	signed	screened	not-divided	House/ passed 3rd reading	Stalking Amendments
2137	HB0287	S		1510752	2025-03-04	29	0	1	4	signed	screened	not-divided	Senate/ passed 3rd reading	Stalking Amendments
2137	HB0290	H		1510738	2025-02-11	61	10	1	4	signed	screened	not-divided	House/ passed 3rd reading	Bicycle Lane Safety Amendments
2137	HB0290	S		1510741	2025-02-28	16	8	1	4	signed	dropped:no-area	traffic rules for bicycle lanes; no research area covers traffic law	Senate/ passed 3rd reading	Bicycle Lane Safety Amendments
2137	HB0292	H		1514056	2025-02-18	69	0	1	6	none	screened	not-divided	House/ passed 3rd reading	Political Signs Amendments
2137	HB0293	H		1512197	2025-02-21	68	0	1	6	none	screened	not-divided	House/ passed 3rd reading	Vehicle Sales Tax Amendments
2137	HB0294	H		1510779	2025-02-11	74	0	1	4	signed	screened	not-divided	House/ passed 3rd reading	Infectious Disease Procedures Amendments
2137	HB0294	S		1510782	2025-02-27	18	5	1	4	signed	batch-04	imported 2026-09-10, run 06:31:36.630Z	Senate/ passed 3rd reading	Infectious Disease Procedures Amendments
2137	HB0295	H		1512622	2025-02-25	44	20	1	6	none	screened	not-enacted-status-6	House/ passed 3rd reading	Municipal Services Fees and Political Subdivision Lien Amendments
2137	HB0296	H		1513933	2025-02-19	65	0	1	4	signed	screened	not-divided	House/ passed 3rd reading	Recovery Residence Services Amendments
2137	HB0296	S		1513935	2025-03-07	27	0	1	4	signed	screened	not-divided	Senate/ passed 2nd & 3rd readings/ suspension	Recovery Residence Services Amendments
2137	HB0297	H		1511720	2025-02-07	73	0	1	4	signed	screened	not-divided	House/ passed 3rd reading	Expungement Amendments
2137	HB0297	H		1511721	2025-02-07	72	0	1	4	signed	screened	not-divided	House/ passed 3rd reading	Expungement Amendments
2137	HB0297	S		1511723	2025-03-07	28	0	1	4	signed	screened	not-divided	Senate/ passed 2nd & 3rd readings/ suspension	Expungement Amendments
2137	HB0298	H		1510785	2025-02-26	72	0	1	4	signed	screened	not-divided	House/ passed 3rd reading	Volunteer Emergency Medical Service Personnel Insurance Program Amendments
2137	HB0298	S		1510787	2025-03-05	25	0	1	4	signed	screened	not-divided	Senate/ passed 2nd & 3rd readings/ suspension	Volunteer Emergency Medical Service Personnel Insurance Program Amendments
2137	HB0299	H		1513445	2025-02-18	73	0	1	6	none	screened	not-divided	House/ passed 3rd reading	Election Code Time Computation Revisions
2137	HB0300	H		1512096	2025-02-25	57	15	1	4	signed	screened	not-the-chambers-final-roll	House/ passed 3rd reading	Amendments to Election Law
2137	HB0300	H		1512100	2025-03-06	56	15	1	4	signed	deferred:operator-direction	vote-by-mail overhaul: ID digits on return envelopes plus opt-in mail ballots from 2029; election_integrity direction contested	House/ concurs with Senate amendment	Amendments to Election Law
2137	HB0300	S		1512099	2025-03-06	19	10	1	4	signed	deferred:operator-direction	vote-by-mail overhaul: ID digits on return envelopes plus opt-in mail ballots from 2029; election_integrity direction contested	Senate/ passed 2nd & 3rd readings/ suspension	Amendments to Election Law
2137	HB0301	H		1511480	2025-02-21	66	0	1	4	signed	screened	not-divided	House/ passed 3rd reading	Ambulance Provider Payment Amendments
2137	HB0301	S		1511482	2025-03-06	26	0	1	4	signed	screened	not-divided	Senate/ passed 2nd & 3rd readings/ suspension	Ambulance Provider Payment Amendments
2137	HB0302	H		1510790	2025-02-14	72	0	1	4	signed	screened	not-divided	House/ passed 3rd reading	Minors in State Custody Amendments
2137	HB0302	H		1510794	2025-03-05	73	0	1	4	signed	screened	not-divided	House/ concurs with Senate amendment	Minors in State Custody Amendments
2137	HB0302	S		1510793	2025-03-05	25	0	1	4	signed	screened	not-divided	Senate/ passed 2nd & 3rd readings/ suspension	Minors in State Custody Amendments
2137	HB0303	H		1511809	2025-02-27	40	33	1	6	none	screened	not-enacted-status-6	House/ passed 3rd reading	Public School Directory Sharing Amendments
2137	HB0305	H		1512222	2025-02-19	22	49	0	6	none	screened	not-enacted-status-6	House/ failed	Cohabitant Definition Amendments
2137	HB0306	H		1511329	2025-02-13	71	0	1	5	vetoed	screened	not-divided	House/ passed 3rd reading	Precious Metals Amendments
2137	HB0306	H		1511333	2025-03-07	58	6	1	5	vetoed	screened	not-divided	House/ concurs with Senate amendment	Precious Metals Amendments
2137	HB0306	S		1511332	2025-03-07	22	4	1	5	vetoed	screened	not-divided	Senate/ passed 2nd & 3rd readings/ suspension	Precious Metals Amendments
2137	HB0307	H		1513046	2025-02-11	72	0	1	4	signed	screened	not-divided	House/ passed 3rd reading	Wildfire Funding Amendments
2137	HB0307	H		1513051	2025-02-27	61	0	1	4	signed	screened	not-divided	House/ concurs with Senate amendment	Wildfire Funding Amendments
2137	HB0307	H		1513053	2025-03-05	70	0	1	4	signed	screened	not-divided	House Conference Committee - Final Passage	Wildfire Funding Amendments
2137	HB0307	S		1513050	2025-02-26	20	0	1	4	signed	screened	not-divided	Senate/ passed 3rd reading	Wildfire Funding Amendments
2137	HB0307	S		1513052	2025-03-04	28	0	1	4	signed	screened	not-divided	Senate Conference Committee - Final Passage	Wildfire Funding Amendments
2137	HB0308	H		1511207	2025-02-18	66	2	1	4	signed	screened	not-divided	House/ passed 3rd reading	Driving by Minors Amendments
2137	HB0308	S		1511210	2025-03-03	27	0	1	4	signed	screened	not-divided	Senate/ passed 3rd reading	Driving by Minors Amendments
2137	HB0309	H		1510803	2025-02-26	63	6	1	4	signed	screened	not-divided	House/ passed 3rd reading	Wildlife Amendments
2137	HB0309	S		1510805	2025-03-05	25	2	1	4	signed	screened	not-divided	Senate/ passed 2nd & 3rd readings/ suspension	Wildlife Amendments
2137	HB0310	H		1510807	2025-02-18	66	5	1	4	signed	screened	not-divided	House/ passed 3rd reading	Disability Coverage Amendments
2137	HB0310	S		1510809	2025-03-05	24	0	1	4	signed	screened	not-divided	Senate/ passed 2nd & 3rd readings/ suspension	Disability Coverage Amendments
2137	HB0311	H		1513504	2025-02-21	68	0	1	4	signed	screened	not-divided	House/ passed 3rd reading	Watershed Amendments
2137	HB0311	H		1513507	2025-03-07	69	0	1	4	signed	screened	not-divided	House/ concurs with Senate amendment	Watershed Amendments
2137	HB0311	S		1513506	2025-03-07	21	4	1	4	signed	screened	not-divided	Senate/ passed 2nd & 3rd readings/ suspension	Watershed Amendments
2137	HB0312	H		1514641	2025-02-12	60	12	1	4	signed	screened	not-divided	House/ passed 3rd reading	Criminal Justice Amendments
2137	HB0312	H		1514646	2025-03-05	57	15	1	4	signed	dropped:omnibus-opposite-strands	tightens pretrial and overcrowding release, bans state money for syringe exchanges, bars private prisons; strands point different ways	House/ concurs with Senate amendment	Criminal Justice Amendments
2137	HB0312	S		1514645	2025-03-05	19	5	1	4	signed	dropped:omnibus-opposite-strands	tightens pretrial and overcrowding release, bans state money for syringe exchanges, bars private prisons; strands point different ways	Senate/ passed 2nd & 3rd readings/ suspension	Criminal Justice Amendments
2137	HB0313	H		1515208	2025-02-18	69	0	1	4	signed	screened	not-divided	House/ passed 3rd reading	Construction Industry Amendments
2137	HB0313	H		1515211	2025-03-07	55	12	1	4	signed	screened	not-divided	House/ concurs with Senate amendment	Construction Industry Amendments
2137	HB0313	S		1515210	2025-03-07	22	6	1	4	signed	dropped:not-recognizable	building and electrical code alignment	Senate/ passed 2nd & 3rd readings/ suspension	Construction Industry Amendments
2137	HB0315	H		1510816	2025-02-10	48	25	1	5	vetoed	screened	vetoed	House/ passed 3rd reading	Elected Official Vacancy Modifications
2137	HB0315	S		1510819	2025-02-20	16	5	1	5	vetoed	screened	vetoed	Senate/ passed 3rd reading	Elected Official Vacancy Modifications
2137	HB0316	H		1512845	2025-02-25	68	1	1	6	none	screened	not-divided	House/ passed 3rd reading	Child Tax Credit Amendments
2137	HB0317	H		1510833	2025-02-11	71	0	1	4	signed	screened	not-divided	House/ passed 3rd reading	Executive Agency Innovation Incentives
2137	HB0317	H		1510838	2025-02-28	64	0	1	4	signed	screened	not-divided	House/ concurs with Senate amendment	Executive Agency Innovation Incentives
2137	HB0317	S		1510837	2025-02-27	26	0	1	4	signed	screened	not-divided	Senate/ passed 3rd reading	Executive Agency Innovation Incentives
2137	HB0320	H		1514094	2025-02-25	71	0	1	6	none	screened	not-divided	House/ passed 3rd reading	Municipal Ordinance Amendments
2137	HB0321	H		1514755	2025-02-24	69	0	1	4	signed	screened	not-divided	House/ passed 3rd reading	Utah Olympics Amendments
2137	HB0321	S		1514757	2025-03-07	26	0	1	4	signed	screened	not-divided	Senate/ passed 2nd & 3rd readings/ suspension	Utah Olympics Amendments
2137	HB0322	H		1511233	2025-02-24	57	12	1	4	signed	screened	not-divided	House/ passed 3rd reading	Child Actor Regulations
2137	HB0322	S		1511235	2025-03-07	27	0	1	4	signed	screened	not-divided	Senate/ passed 2nd & 3rd readings/ suspension	Child Actor Regulations
2137	HB0323	H		1510840	2025-02-18	64	0	1	4	signed	screened	not-divided	House/ passed 3rd reading	Correctional Drug Enforcement Amendments
2137	HB0323	S		1510842	2025-03-04	27	0	1	4	signed	screened	not-divided	Senate/ passed 2nd & 3rd readings/ suspension	Correctional Drug Enforcement Amendments
2137	HB0324	H		1513262	2025-02-27	66	3	1	4	signed	screened	not-divided	House/ passed 3rd reading	Special Group License Plate Amendments
2137	HB0324	H		1513265	2025-03-06	70	0	1	4	signed	screened	not-divided	House/ concurs with Senate amendment	Special Group License Plate Amendments
2137	HB0324	S		1513264	2025-03-06	28	1	1	4	signed	screened	not-divided	Senate/ passed 2nd & 3rd readings/ suspension	Special Group License Plate Amendments
2137	HB0326	H		1511849	2025-02-14	71	0	1	6	none	screened	not-divided	House/ passed 3rd reading	Pregnant and Postpartum Inmate Amendments
2137	HB0327	H		1512669	2025-02-24	71	0	1	6	none	screened	not-divided	House/ passed 3rd reading	Homeowners Association Modifications
2137	HB0328	H		1511565	2025-02-24	32	36	0	6	none	screened	not-enacted-status-6	House/ failed	Water Usage Amendments
2137	HB0329	H		1514246	2025-02-24	68	0	1	4	signed	screened	not-divided	House/ passed 3rd reading	Homeless Services Amendments
2137	HB0329	H		1514249	2025-03-07	68	0	1	4	signed	screened	not-divided	House/ concurs with Senate amendment	Homeless Services Amendments
2137	HB0329	S		1514248	2025-03-07	27	0	1	4	signed	screened	not-divided	Senate/ passed 2nd & 3rd readings/ suspension	Homeless Services Amendments
2137	HB0332	H		1512255	2025-02-14	59	13	1	6	none	screened	not-divided	House/ passed 3rd reading	Amendments to Voting Provisions
2137	HB0333	H		1511792	2025-02-13	68	0	1	4	signed	screened	not-divided	House/ passed 3rd reading	Medications in Schools Amendments
2137	HB0333	H		1511795	2025-03-07	70	0	1	4	signed	screened	not-divided	House/ concurs with Senate amendment	Medications in Schools Amendments
2137	HB0333	S		1511794	2025-03-07	24	0	1	4	signed	screened	not-divided	Senate/ passed 2nd & 3rd readings/ suspension	Medications in Schools Amendments
2137	HB0334	H		1512147	2025-02-20	70	1	1	4	signed	screened	not-divided	House/ passed 3rd reading	Guardianships and Supported Decision-Making Agreements Amendments
2137	HB0334	S		1512149	2025-03-07	27	0	1	4	signed	screened	not-divided	Senate/ passed 2nd & 3rd readings/ suspension	Guardianships and Supported Decision-Making Agreements Amendments
2137	HB0335	H		1513798	2025-03-04	60	13	1	6	none	screened	not-divided	House/ passed 3rd reading	Political Advertising Amendments
2137	HB0336	H		1514050	2025-02-25	59	1	1	6	none	screened	not-divided	House/ passed 3rd reading	State Park Accessibility Amendments
2137	HB0337	H		1514381	2025-02-13	71	0	1	4	signed	screened	not-divided	House/ passed 3rd reading	Property Manager Requirements
2137	HB0337	H		1514386	2025-03-03	71	0	1	4	signed	screened	not-divided	House/ concurs with Senate amendment	Property Manager Requirements
2137	HB0337	S		1514385	2025-02-28	23	0	1	4	signed	screened	not-divided	Senate/ passed 3rd reading	Property Manager Requirements
2137	HB0339	H		1510884	2025-02-18	73	0	1	4	signed	screened	not-divided	House/ passed 3rd reading	Law Enforcement Investigation Modifications
2137	HB0339	S		1510887	2025-03-04	29	0	1	4	signed	screened	not-divided	Senate/ passed 3rd reading	Law Enforcement Investigation Modifications
2137	HB0340	H		1510895	2025-02-13	72	0	1	4	signed	screened	not-divided	House/ passed 3rd reading	Solar Power Amendments
2137	HB0340	S		1510898	2025-02-28	26	0	1	4	signed	screened	not-divided	Senate/ passed 3rd reading	Solar Power Amendments
2137	HB0341	H		1510901	2025-02-14	70	0	1	4	signed	screened	not-divided	House/ passed 3rd reading	Higher Education Revisions
2137	HB0341	H		1510905	2025-03-05	74	0	1	4	signed	screened	not-divided	House/ concurs with Senate amendment	Higher Education Revisions
2137	HB0341	S		1510904	2025-03-05	25	0	1	4	signed	screened	not-divided	Senate/ passed 2nd & 3rd readings/ suspension	Higher Education Revisions
2137	HB0342	H		1510913	2025-02-11	73	0	1	4	signed	screened	not-divided	House/ passed 3rd reading	Animal Composting Amendments
2137	HB0342	H		1510918	2025-02-24	69	0	1	4	signed	screened	not-divided	House/ concurs with Senate amendment	Animal Composting Amendments
2137	HB0342	S		1510917	2025-02-20	24	2	1	4	signed	screened	not-divided	Senate/ passed 3rd reading	Animal Composting Amendments
2137	HB0343	H		1513625	2025-02-21	51	15	1	4	signed	dropped:not-recognizable	odor control and tenancy rules at cannabis production sites	House/ passed 3rd reading	Cannabis Production Amendments
2137	HB0343	S		1513627	2025-03-06	21	0	1	4	signed	screened	not-divided	Senate/ passed 2nd & 3rd readings/ suspension	Cannabis Production Amendments
2137	HB0344	H		1510927	2025-02-07	72	1	1	4	signed	screened	not-divided	House/ passed 3rd reading	School Fees Amendments
2137	HB0344	H		1510932	2025-02-28	61	0	1	4	signed	screened	not-divided	House/ concurs with Senate amendment	School Fees Amendments
2137	HB0344	S		1510931	2025-02-27	23	0	1	4	signed	screened	not-divided	Senate/ passed 3rd reading	School Fees Amendments
2137	HB0345	H		1510921	2025-02-06	75	0	1	4	signed	screened	not-divided	House/ passed 3rd reading	State Park Road Amendments
2137	HB0345	S		1510924	2025-02-20	23	0	1	4	signed	screened	not-divided	Senate/ passed 3rd reading	State Park Road Amendments
2137	HB0346	H		1514720	2025-02-21	67	0	1	4	signed	screened	not-divided	House/ passed 3rd reading	Department of Agriculture and Food Amendments
2137	HB0346	S		1514722	2025-03-07	28	0	1	4	signed	screened	not-divided	Senate/ passed 2nd & 3rd readings/ suspension	Department of Agriculture and Food Amendments
2137	HB0347	H		1511815	2025-02-18	72	0	1	4	signed	screened	not-divided	House/ passed 3rd reading	Social Services Program Amendments
2137	HB0347	H		1511818	2025-03-06	73	0	1	4	signed	screened	not-divided	House/ concurs with Senate amendment	Social Services Program Amendments
2137	HB0347	S		1511817	2025-03-06	28	0	1	4	signed	screened	not-divided	Senate/ passed 2nd & 3rd readings/ suspension	Social Services Program Amendments
2137	HB0349	H		1514000	2025-02-21	60	3	1	6	none	screened	not-divided	House/ passed 3rd reading	Organ Donation Amendments
2137	HB0350	H		1511798	2025-02-21	65	2	1	4	signed	screened	not-divided	House/ passed 3rd reading	District Energy Amendments
2137	HB0350	S		1511800	2025-03-07	28	1	1	4	signed	screened	not-divided	Senate/ passed 2nd & 3rd readings/ suspension	District Energy Amendments
2137	HB0351	H		1511265	2025-02-26	69	3	1	6	none	screened	not-divided	House/ passed 3rd reading	Election Day Amendments
2137	HB0352	H		1512161	2025-02-20	67	0	1	4	signed	screened	not-divided	House/ passed 3rd reading	Geologic Carbon Storage Amendments
2137	HB0352	S		1512163	2025-03-07	22	0	1	4	signed	screened	not-divided	Senate/ passed 2nd & 3rd readings/ suspension	Geologic Carbon Storage Amendments
2137	HB0353	H		1515217	2025-02-18	65	0	1	3	became-law-without-signature	screened	not-divided	House/ passed 3rd reading	Criminal Code Amendments
2137	HB0353	H		1515221	2025-03-07	70	0	1	3	became-law-without-signature	screened	not-divided	House/ concurs with Senate amendment	Criminal Code Amendments
2137	HB0353	S		1515220	2025-03-07	23	0	1	3	became-law-without-signature	screened	not-divided	Senate/ passed 2nd & 3rd readings/ suspension	Criminal Code Amendments
2137	HB0354	H		1510936	2025-02-20	70	0	1	4	signed	screened	not-divided	House/ passed 3rd reading	Criminal Justice Revisions
2137	HB0354	H		1510940	2025-03-05	69	0	1	4	signed	screened	not-divided	House/ concurs with Senate amendment	Criminal Justice Revisions
2137	HB0354	S		1510939	2025-03-05	27	0	1	4	signed	screened	not-divided	Senate/ passed 2nd & 3rd readings/ suspension	Criminal Justice Revisions
2137	HB0355	H		1511406	2025-02-25	43	26	1	4	signed	screened	not-the-chambers-final-roll	House/ passed 3rd reading	Mining and Critical Infrastructure Materials Amendments
2137	HB0355	H		1511410	2025-03-07	41	29	1	4	signed	batch-04	imported 2026-09-10, run 06:31:36.630Z	House/ concurs with Senate amendment	Mining and Critical Infrastructure Materials Amendments
2137	HB0355	S		1511409	2025-03-07	17	7	1	4	signed	batch-04	imported 2026-09-10, run 06:31:36.630Z	Senate/ passed 2nd & 3rd readings/ suspension	Mining and Critical Infrastructure Materials Amendments
2137	HB0356	H		1514567	2025-02-28	60	5	1	4	signed	screened	not-divided	House/ passed 3rd reading	County Governance Amendments
2137	HB0356	H		1514569	2025-03-07	56	15	1	4	signed	dropped:no-area	county government structure and council districts; no research area covers local government form	House/ concurs with Senate amendment	County Governance Amendments
2137	HB0356	S		1514568	2025-03-07	21	7	1	4	signed	dropped:no-area	county government structure and council districts; no research area covers local government form	Senate/ passed 2nd & 3rd readings/ suspension	County Governance Amendments
2137	HB0357	H		1514463	2025-02-24	68	1	1	4	signed	screened	not-divided	House/ passed 3rd reading	Medical Cannabis Modifications
2137	HB0357	S		1514465	2025-03-07	29	0	1	4	signed	screened	not-divided	Senate/ passed 2nd & 3rd readings/ suspension	Medical Cannabis Modifications
2137	HB0358	H		1510948	2025-02-18	68	0	1	4	signed	screened	not-divided	House/ passed 3rd reading	Criminal Sexual Conduct Amendments
2137	HB0358	S		1510950	2025-03-05	24	0	1	4	signed	screened	not-divided	Senate/ passed 2nd & 3rd readings/ suspension	Criminal Sexual Conduct Amendments
2137	HB0360	H		1513268	2025-02-24	51	16	1	4	signed	screened	not-the-chambers-final-roll	House/ passed 3rd reading	Housing Attainability Amendments
2137	HB0360	H		1513272	2025-03-07	48	21	1	4	signed	batch-03	imported 2026-09-10, run 06:20:32.472Z	House/ concurs with Senate amendment	Housing Attainability Amendments
2137	HB0360	S		1513271	2025-03-07	25	3	1	4	signed	screened	not-divided	Senate/ passed 2nd & 3rd readings/ suspension	Housing Attainability Amendments
2137	HB0361	H		1515188	2025-02-27	73	1	1	4	signed	screened	not-divided	House/ passed 3rd reading	Drug Overdose Training Amendments
2137	HB0361	S		1515190	2025-03-07	25	0	1	4	signed	screened	not-divided	Senate/ passed 2nd & 3rd readings/ suspension	Drug Overdose Training Amendments
2137	HB0363	H		1511465	2025-02-21	67	0	1	4	signed	screened	not-divided	House/ passed 3rd reading	Maternal and Infant Amendments
2137	HB0363	H		1511469	2025-03-07	70	0	1	4	signed	screened	not-divided	House/ concurs with Senate amendment	Maternal and Infant Amendments
2137	HB0363	S		1511468	2025-03-07	26	0	1	4	signed	screened	not-divided	Senate/ passed 2nd & 3rd readings/ suspension	Maternal and Infant Amendments
2137	HB0364	H		1513908	2025-02-27	64	1	1	6	none	screened	not-divided	House/ passed 3rd reading	Governmental Immunity Amendments
2137	HB0364	S		1513910	2025-03-07	13	14	0	6	none	screened	not-enacted-status-6	Senate/ failed	Governmental Immunity Amendments
2137	HB0365	H		1513080	2025-02-25	53	11	1	4	signed	screened	not-divided	House/ passed 3rd reading	Mental Health Care Study Amendments
2137	HB0365	S		1513082	2025-03-05	26	0	1	4	signed	screened	not-divided	Senate/ passed 2nd & 3rd readings/ suspension	Mental Health Care Study Amendments
2137	HB0366	H		1513222	2025-02-20	68	0	1	4	signed	screened	not-divided	House/ passed 3rd reading	Access to Communication Device Location Information Amendments
2137	HB0366	S		1513224	2025-03-07	25	0	1	4	signed	screened	not-divided	Senate/ passed 2nd & 3rd readings/ suspension	Access to Communication Device Location Information Amendments
2137	HB0368	H		1513416	2025-02-24	53	13	1	4	signed	screened	not-divided	House/ passed 3rd reading	Local Land Use Amendments
2137	HB0368	H		1513420	2025-03-07	47	22	1	4	signed	dropped:omnibus	land use omnibus: annexation renumbering, plan review, notice and warranty rules; no single direction	House/ concurs with Senate amendment	Local Land Use Amendments
2137	HB0368	S		1513419	2025-03-07	27	0	1	4	signed	screened	not-divided	Senate/ passed 2nd & 3rd readings/ suspension	Local Land Use Amendments
2137	HB0369	H		1512088	2025-02-28	70	0	1	6	none	screened	not-divided	House/ passed 3rd reading	Elections Office
2137	HB0370	H		1512274	2025-02-20	63	5	1	6	none	screened	not-divided	House/ passed 3rd reading	State Holiday Modifications
2137	HB0372	H		1511714	2025-02-18	67	1	1	4	signed	screened	not-divided	House/ passed 3rd reading	Dental Practice Amendments
2137	HB0372	S		1511716	2025-03-06	25	2	1	4	signed	screened	not-divided	Senate/ passed 2nd & 3rd readings/ suspension	Dental Practice Amendments
2137	HB0373	H		1510977	2025-02-21	67	0	1	4	signed	screened	not-divided	House/ passed 3rd reading	Service Marketplace Platforms Amendments
2137	HB0373	S		1510979	2025-03-07	22	0	1	4	signed	screened	not-divided	Senate/ passed 2nd & 3rd readings/ suspension	Service Marketplace Platforms Amendments
2137	HB0374	H		1512897	2025-02-24	43	27	1	6	none	screened	not-enacted-status-6	House/ passed 3rd reading	Signature Collection Amendments
2137	HB0376	H		1510973	2025-02-24	64	0	1	4	signed	screened	not-divided	House/ passed 3rd reading	National Guard Amendments
2137	HB0376	S		1510975	2025-03-07	25	0	1	4	signed	screened	not-divided	Senate/ passed 2nd & 3rd readings/ suspension	National Guard Amendments
2137	HB0378	H		1513392	2025-02-25	58	12	1	4	signed	screened	not-divided	House/ passed 3rd reading	Department of Natural Resources Funding Amendments
2137	HB0378	H		1513396	2025-03-07	59	8	1	4	signed	screened	not-divided	House/ concurs with Senate amendment	Department of Natural Resources Funding Amendments
2137	HB0378	S		1513395	2025-03-06	20	6	1	4	signed	dropped:not-recognizable	species protection account funding from transmission lines	Senate/ passed 2nd & 3rd readings/ suspension	Department of Natural Resources Funding Amendments
2137	HB0379	H		1513829	2025-02-27	69	0	1	4	signed	screened	not-divided	House/ passed 3rd reading	Population Data Amendments
2137	HB0379	S		1513831	2025-03-06	23	0	1	4	signed	screened	not-divided	Senate/ passed 2nd & 3rd readings/ suspension	Population Data Amendments
2137	HB0380	H		1512814	2025-02-20	65	0	1	4	signed	screened	not-divided	House/ passed 3rd reading	Presumption of State Jurisdiction Amendments
2137	HB0380	H		1512817	2025-03-07	52	13	1	4	signed	dropped:no-area	declares a presumption of state jurisdiction; no research area covers federalism	House/ concurs with Senate amendment	Presumption of State Jurisdiction Amendments
2137	HB0380	S		1512816	2025-03-07	19	5	1	4	signed	dropped:no-area	declares a presumption of state jurisdiction; no research area covers federalism	Senate/ passed 2nd & 3rd readings/ suspension	Presumption of State Jurisdiction Amendments
2137	HB0381	H		1512724	2025-02-21	67	0	1	4	signed	screened	not-divided	House/ passed 3rd reading	Civics Education Amendments
2137	HB0381	H		1512727	2025-03-07	70	0	1	4	signed	screened	not-divided	House/ concurs with Senate amendment	Civics Education Amendments
2137	HB0381	S		1512726	2025-03-07	23	0	1	4	signed	screened	not-divided	Senate/ passed 2nd & 3rd readings/ suspension	Civics Education Amendments
2137	HB0383	H		1514943	2025-02-20	73	0	1	4	signed	screened	not-divided	House/ passed 3rd reading	Court Fine Amendments
2137	HB0383	S		1514945	2025-03-07	26	1	1	4	signed	screened	not-divided	Senate/ passed 2nd & 3rd readings/ suspension	Court Fine Amendments
2137	HB0388	H		1511223	2025-02-25	67	0	1	4	signed	screened	not-divided	House/ passed 3rd reading	Antiquities Protection Amendments
2137	HB0388	H		1511227	2025-03-07	66	0	1	4	signed	screened	not-divided	House/ concurs with Senate amendment	Antiquities Protection Amendments
2137	HB0388	S		1511225	2025-03-05	10	17	0	4	signed	screened	not-the-chambers-final-roll	Senate/ 2nd & 3rd readings/ suspension	Antiquities Protection Amendments
2137	HB0388	S		1511226	2025-03-06	17	8	1	4	signed	dropped:not-recognizable	antiquities awareness campaign	Senate/ passed 2nd & 3rd readings/ suspension	Antiquities Protection Amendments
2137	HB0390	H		1512072	2025-02-24	64	3	1	4	signed	screened	not-divided	House/ passed 3rd reading	Religious Expression in Higher Education
2137	HB0390	S		1512074	2025-03-07	21	6	1	4	signed	deferred:operator-direction	religious student organization protections in higher education; civil_rights direction contested	Senate/ passed 2nd & 3rd readings/ suspension	Religious Expression in Higher Education
2137	HB0391	H		1512876	2025-02-21	68	0	1	4	signed	screened	not-divided	House/ passed 3rd reading	Emergency Medical Services Revisions
2137	HB0391	H		1512879	2025-03-07	71	0	1	4	signed	screened	not-divided	House/ concurs with Senate amendment	Emergency Medical Services Revisions
2137	HB0391	S		1512878	2025-03-06	25	0	1	4	signed	screened	not-divided	Senate/ passed 2nd & 3rd readings/ suspension	Emergency Medical Services Revisions
2137	HB0392	H		1511580	2025-02-20	55	14	1	6	none	screened	not-enacted-status-6	House/ passed 3rd reading	Unlicensed Driver Amendments
2137	HB0392	S		1511585	2025-03-07	12	17	0	6	none	screened	not-enacted-status-6	Senate/ failed	Unlicensed Driver Amendments
2137	HB0393	H		1515072	2025-02-20	72	0	1	6	none	screened	not-divided	House/ passed 3rd reading	Banning Foreign Funding in Ballot Propositions and Elections
2137	HB0394	H		1514824	2025-02-14	71	0	1	4	signed	screened	not-divided	House/ passed 3rd reading	Statutory Intent Amendments
2137	HB0394	S		1514827	2025-03-07	20	7	1	4	signed	dropped:not-recognizable	removes statements of legislative intent	Senate/ passed 2nd & 3rd readings/ suspension	Statutory Intent Amendments
2137	HB0395	H		1510500	2025-03-03	41	31	1	6	none	screened	not-enacted-status-6	House/ passed 3rd reading	LEA Reporting Requirements
2137	HB0396	H		1511006	2025-02-24	63	0	1	4	signed	screened	not-divided	House/ passed 3rd reading	Small School District Scale of Operations Formula
2137	HB0396	S		1511008	2025-03-04	26	0	1	4	signed	screened	not-divided	Senate/ passed 2nd & 3rd readings/ suspension	Small School District Scale of Operations Formula
2137	HB0397	H		1513922	2025-02-28	70	0	1	6	none	screened	not-divided	House/ passed 3rd reading	School Fee Waiver Amendments
2137	HB0399	H		1511742	2025-02-27	51	17	1	6	none	screened	not-enacted-status-6	House/ passed 3rd reading	School Attendance Amendments
2137	HB0400	H		1511822	2025-02-19	68	0	1	6	none	screened	not-divided	House/ passed 3rd reading	Blood Transfusion Amendments
2137	HB0402	H		1511997	2025-02-27	38	34	1	4	signed	batch-01	imported	House/ passed 3rd reading	Foods Additives in Schools
2137	HB0402	S		1511999	2025-03-06	16	6	1	4	signed	batch-01	imported	Senate/ passed 2nd & 3rd readings/ suspension	Foods Additives in Schools
2137	HB0403	H		1511018	2025-02-27	54	14	1	4	signed	batch-01	imported	House/ passed 3rd reading	SNAP Funds Amendments
2137	HB0403	S		1511019	2025-03-05	15	13	1	4	signed	batch-01	imported	Senate/ passed 2nd & 3rd readings/ suspension	SNAP Funds Amendments
2137	HB0404	H		1514794	2025-03-03	68	0	1	4	signed	screened	not-divided	House/ passed 3rd reading	Government Employment Amendments
2137	HB0404	S		1514795	2025-03-07	22	4	1	4	signed	screened	not-divided	Senate/ passed 2nd & 3rd readings/ suspension	Government Employment Amendments
2137	HB0405	H		1511011	2025-02-25	62	5	1	4	signed	screened	not-divided	House/ passed 3rd reading	Human Trafficking Amendments
2137	HB0405	H		1511015	2025-03-05	63	10	1	4	signed	screened	not-divided	House/ concurs with Senate amendment	Human Trafficking Amendments
2137	HB0405	S		1511014	2025-03-05	27	0	1	4	signed	screened	not-divided	Senate/ passed 2nd & 3rd readings/ suspension	Human Trafficking Amendments
2137	HB0407	H		1512295	2025-02-25	38	29	1	6	none	screened	not-enacted-status-6	House/ passed 3rd reading	Mini-motorcycle Amendments
2137	HB0408	H		1513037	2025-02-25	40	33	1	6	none	screened	not-enacted-status-6	House/ passed 3rd reading	School Board Referendum Amendments
2137	HB0409	H		1512063	2025-03-03	71	0	1	6	none	screened	not-divided	House/ passed 3rd reading	Medicaid Pharmacy Amendments
2137	HB0409	S		1512064	2025-03-07	12	17	0	6	none	screened	not-enacted-status-6	Senate/ failed	Medicaid Pharmacy Amendments
2137	HB0410	H		1515048	2025-02-24	67	0	1	4	signed	screened	not-divided	House/ passed 3rd reading	Child Care Amendments
2137	HB0410	S		1515052	2025-03-06	23	0	1	4	signed	screened	not-divided	Senate/ passed 2nd & 3rd readings/ suspension	Child Care Amendments
2137	HB0411	H		1511033	2025-02-28	69	0	1	4	signed	screened	not-divided	House/ passed 3rd reading	Public Asset Ownership Amendments
2137	HB0411	S		1511035	2025-03-05	25	0	1	4	signed	screened	not-divided	Senate/ passed 2nd & 3rd readings/ suspension	Public Asset Ownership Amendments
2137	HB0412	H		1513383	2025-02-25	54	16	1	4	signed	screened	not-the-chambers-final-roll	House/ passed 3rd reading	Boards and Commissions Revisions
2137	HB0412	H		1513387	2025-03-07	52	12	1	4	signed	screened	not-divided	House/ concurs with Senate amendment	Boards and Commissions Revisions
2137	HB0412	S		1513386	2025-03-07	19	7	1	4	signed	dropped:no-area	removes party-balance limits on some state boards; governance, no area fits	Senate/ passed 2nd & 3rd readings/ suspension	Boards and Commissions Revisions
2137	HB0413	H		1512360	2025-02-27	56	11	1	6	none	screened	not-divided	House/ passed 3rd reading	Child Custody Proceedings Amendments
2137	HB0414	H		1512248	2025-02-21	61	5	1	4	signed	screened	not-divided	House/ passed 3rd reading	Raw Milk Amendments
2137	HB0414	S		1512250	2025-03-06	28	0	1	4	signed	screened	not-divided	Senate/ passed 2nd & 3rd readings/ suspension	Raw Milk Amendments
2137	HB0415	H		1514479	2025-02-20	68	0	1	6	none	screened	not-divided	House/ passed 3rd reading	Water Commissioner Modifications
2137	HB0418	H		1512038	2025-02-21	64	1	1	4	signed	screened	not-divided	House/ passed 3rd reading	Data Sharing Amendments
2137	HB0418	H		1512041	2025-03-05	73	0	1	4	signed	screened	not-divided	House/ concurs with Senate amendment	Data Sharing Amendments
2137	HB0418	S		1512040	2025-03-05	20	5	1	4	signed	batch-05	imported 2026-09-10, run 06:40:23.021Z	Senate/ passed 2nd & 3rd readings/ suspension	Data Sharing Amendments
2137	HB0419	H		1513522	2025-02-28	65	0	1	4	signed	screened	not-divided	House/ passed 3rd reading	Real Estate Revisions
2137	HB0419	S		1513524	2025-03-07	26	0	1	4	signed	screened	not-divided	Senate/ passed 2nd & 3rd readings/ suspension	Real Estate Revisions
2137	HB0420	H		1511044	2025-02-24	69	0	1	4	signed	screened	not-divided	House/ passed 3rd reading	Halogen Emissions Amendments
2137	HB0420	S		1511048	2025-03-05	22	1	1	4	signed	screened	not-divided	Senate/ passed 2nd & 3rd readings/ suspension	Halogen Emissions Amendments
2137	HB0421	H		1512383	2025-02-20	69	0	1	4	signed	screened	not-divided	House/ passed 3rd reading	Grazing Amendments
2137	HB0421	S		1512385	2025-03-06	27	0	1	4	signed	screened	not-divided	Senate/ passed 2nd & 3rd readings/ suspension	Grazing Amendments
2137	HB0422	H		1511038	2025-02-12	72	0	1	4	signed	screened	not-divided	House/ passed 3rd reading	Municipality Regulation of Open House Amendments
2137	HB0422	H		1511042	2025-03-03	69	0	1	4	signed	screened	not-divided	House/ concurs with Senate amendment	Municipality Regulation of Open House Amendments
2137	HB0422	S		1511041	2025-02-28	27	0	1	4	signed	screened	not-divided	Senate/ passed 3rd reading	Municipality Regulation of Open House Amendments
2137	HB0423	H		1514801	2025-02-24	65	0	1	6	none	screened	not-divided	House/ passed 3rd reading	Voting Registration Amendments
2137	HB0424	H		1511775	2025-02-24	54	13	1	4	signed	screened	not-divided	House/ passed 3rd reading	School Activity Eligibility Commission Amendments
2137	HB0424	H		1511778	2025-03-07	55	13	1	4	signed	screened	not-divided	House/ concurs with Senate amendment	School Activity Eligibility Commission Amendments
2137	HB0424	S		1511777	2025-03-07	22	7	1	4	signed	dropped:procedural	School Activity Eligibility Commission quorum and appointee rules; procedural	Senate/ passed 2nd & 3rd readings/ suspension	School Activity Eligibility Commission Amendments
2137	HB0425	H		1514368	2025-02-24	70	0	1	4	signed	screened	not-divided	House/ passed 3rd reading	Department of Public Safety Fee Amendments
2137	HB0425	S		1514370	2025-03-07	28	0	1	4	signed	screened	not-divided	Senate/ passed 2nd & 3rd readings/ suspension	Department of Public Safety Fee Amendments
2137	HB0428	H		1512646	2025-02-26	73	0	1	4	signed	screened	not-divided	House/ passed 3rd reading	Property Tax Changes
2137	HB0428	S		1512648	2025-03-07	24	0	1	4	signed	screened	not-divided	Senate/ passed 2nd & 3rd readings/ suspension	Property Tax Changes
2137	HB0430	H		1513513	2025-02-25	67	0	1	4	signed	screened	not-divided	House/ passed 3rd reading	Security and Land Restriction Amendments
2137	HB0430	S		1513515	2025-03-07	28	0	1	4	signed	screened	not-divided	Senate/ passed 2nd & 3rd readings/ suspension	Security and Land Restriction Amendments
2137	HB0431	H		1513380	2025-02-25	68	0	1	6	none	screened	not-divided	House/ passed 3rd reading	Kinship Child Placement Amendments
2137	HB0432	H		1511950	2025-03-04	22	47	0	6	none	screened	not-enacted-status-6	House/ failed	Tobacco and Electronic Cigarette Enforcement Modifications
2137	HB0434	H		1511855	2025-02-21	69	0	1	4	signed	screened	not-divided	House/ passed 3rd reading	Health and Human Services Amendments
2137	HB0434	S		1511857	2025-03-07	28	0	1	4	signed	screened	not-divided	Senate/ passed 2nd & 3rd readings/ suspension	Health and Human Services Amendments
2137	HB0435	H		1514196	2025-02-26	67	0	1	4	signed	screened	not-divided	House/ passed 3rd reading	Building Code Amendments
2137	HB0435	S		1514198	2025-03-07	26	0	1	4	signed	screened	not-divided	Senate/ passed 2nd & 3rd readings/ suspension	Building Code Amendments
2137	HB0436	H		1511086	2025-02-18	70	0	1	4	signed	screened	not-divided	House/ passed 3rd reading	Impaired Driving Amendments
2137	HB0436	S		1511089	2025-03-05	20	0	1	4	signed	screened	not-divided	Senate/ passed 2nd & 3rd readings/ suspension	Impaired Driving Amendments
2137	HB0437	H		1511219	2025-02-20	70	0	1	4	signed	screened	not-divided	House/ passed 3rd reading	Interdicted Person Amendments
2137	HB0437	H		1511221	2025-03-07	65	0	1	4	signed	screened	not-divided	House/ concurs with Senate amendment	Interdicted Person Amendments
2137	HB0437	S		1511220	2025-03-07	26	0	1	4	signed	screened	not-divided	Senate/ passed 2nd & 3rd readings/ suspension	Interdicted Person Amendments
2137	HB0438	H		1514967	2025-02-25	64	0	1	4	signed	screened	not-divided	House/ passed 3rd reading	Environmental Legal Action Amendments
2137	HB0438	S		1514969	2025-03-07	27	0	1	4	signed	screened	not-divided	Senate/ passed 2nd & 3rd readings/ suspension	Environmental Legal Action Amendments
2137	HB0439	H		1512990	2025-02-25	69	0	1	4	signed	screened	not-divided	House/ passed 3rd reading	Outdoor Recreation Revisions
2137	HB0439	S		1512992	2025-03-07	26	0	1	4	signed	screened	not-divided	Senate/ passed 2nd & 3rd readings/ suspension	Outdoor Recreation Revisions
2137	HB0440	H		1514553	2025-02-21	69	0	1	6	none	screened	not-divided	House/ passed 3rd reading	Uniform Mortgage Modification Act
2137	HB0441	H		1512858	2025-02-21	64	0	1	4	signed	screened	not-divided	House/ passed 3rd reading	Franchisee Protection Act
2137	HB0441	H		1512861	2025-03-07	71	0	1	4	signed	screened	not-divided	House/ concurs with Senate amendment	Franchisee Protection Act
2137	HB0441	S		1512860	2025-03-06	24	2	1	4	signed	screened	not-divided	Senate/ passed 2nd & 3rd readings/ suspension	Franchisee Protection Act
2137	HB0442	H		1512285	2025-02-18	70	0	1	4	signed	screened	not-divided	House/ passed 3rd reading	Construction Trades Licensing Amendments
2137	HB0442	H		1512290	2025-03-07	68	0	1	4	signed	screened	not-divided	House Conference Committee - Final Passage	Construction Trades Licensing Amendments
2137	HB0442	S		1512288	2025-03-06	27	0	1	4	signed	screened	not-divided	Senate/ passed 2nd & 3rd readings/ suspension	Construction Trades Licensing Amendments
2137	HB0442	S		1512289	2025-03-07	26	0	1	4	signed	screened	not-divided	Senate Conference Committee - Final Passage	Construction Trades Licensing Amendments
2137	HB0444	H		1511701	2025-02-27	73	0	1	4	signed	screened	not-divided	House/ passed 3rd reading	Data Privacy Amendments
2137	HB0444	H		1511705	2025-03-06	70	0	1	4	signed	screened	not-divided	House/ concurs with Senate amendment	Data Privacy Amendments
2137	HB0444	S		1511704	2025-03-06	26	0	1	4	signed	screened	not-divided	Senate/ passed 2nd & 3rd readings/ suspension	Data Privacy Amendments
2137	HB0445	H		1511348	2025-02-26	57	14	1	6	none	screened	not-divided	House/ passed 3rd reading	Revisions to Election Law
2137	HB0446	H		1511097	2025-02-25	66	0	1	4	signed	screened	not-divided	House/ passed 3rd reading	Great Salt Lake Amendments
2137	HB0446	S		1511099	2025-03-07	26	0	1	4	signed	screened	not-divided	Senate/ passed 2nd & 3rd readings/ suspension	Great Salt Lake Amendments
2137	HB0447	H		1512781	2025-02-19	73	0	1	4	signed	screened	not-divided	House/ passed 3rd reading	Statewide Catalyst Campus Model
2137	HB0447	H		1512785	2025-03-06	72	0	1	4	signed	screened	not-divided	House Conference Committee - Final Passage	Statewide Catalyst Campus Model
2137	HB0447	S		1512783	2025-03-05	25	0	1	4	signed	screened	not-divided	Senate/ passed 2nd & 3rd readings/ suspension	Statewide Catalyst Campus Model
2137	HB0447	S		1512784	2025-03-06	23	0	1	4	signed	screened	not-divided	Senate Conference Committee - Final Passage	Statewide Catalyst Campus Model
2137	HB0449	H		1512051	2025-02-24	61	4	1	6	none	screened	not-divided	House/ passed 3rd reading	Student Athlete Amendments
2137	HB0450	H		1513106	2025-02-25	68	0	1	6	none	screened	not-divided	House/ passed 3rd reading	Victim Privacy Amendments
2137	HB0452	H		1511422	2025-02-27	70	0	1	4	signed	screened	not-divided	House/ passed 3rd reading	Artificial Intelligence Amendments
2137	HB0452	S		1511424	2025-03-05	28	0	1	4	signed	screened	not-divided	Senate/ passed 2nd & 3rd readings/ suspension	Artificial Intelligence Amendments
2137	HB0453	H		1512768	2025-02-28	57	10	1	6	none	screened	not-divided	House/ passed 3rd reading	State School Board Transparency Amendments
2137	HB0454	H		1514153	2025-03-04	70	3	1	6	none	screened	not-divided	House/ passed 3rd reading	Local Government Fees Modifications
2137	HB0454	S		1514154	2025-03-06	15	14	1	6	none	screened	not-enacted-status-6	Senate/ passed 2nd & 3rd readings/ suspension	Local Government Fees Modifications
2137	HB0455	H		1511108	2025-02-24	69	0	1	4	signed	screened	not-divided	House/ passed 3rd reading	Utah Fits All Scholarship Program Amendments
2137	HB0455	H		1511113	2025-03-03	66	0	1	4	signed	screened	not-divided	House/ concurs with Senate amendment	Utah Fits All Scholarship Program Amendments
2137	HB0455	S		1511112	2025-02-28	25	1	1	4	signed	screened	not-divided	Senate/ passed 3rd reading	Utah Fits All Scholarship Program Amendments
2137	HB0456	H		1512574	2025-02-24	61	5	1	4	signed	screened	not-divided	House/ passed 3rd reading	Transient Room Tax Amendments
2137	HB0456	H		1512577	2025-03-06	61	10	1	4	signed	screened	not-divided	House/ concurs with Senate amendment	Transient Room Tax Amendments
2137	HB0456	S		1512576	2025-03-06	27	0	1	4	signed	screened	not-divided	Senate/ passed 2nd & 3rd readings/ suspension	Transient Room Tax Amendments
2137	HB0459	H		1513589	2025-02-14	68	0	1	4	signed	screened	not-divided	House/ passed 3rd reading	Appropriations Subcommittee Amendments
2137	HB0459	S		1513593	2025-02-27	25	0	1	4	signed	screened	not-divided	Senate/ passed 3rd reading	Appropriations Subcommittee Amendments
2137	HB0461	H		1512211	2025-02-27	44	20	1	6	none	screened	not-enacted-status-6	House/ passed 3rd reading	Animal Crime Victim Amendments
2137	HB0462	H		1511121	2025-02-28	66	0	1	4	signed	screened	not-divided	House/ passed 3rd reading	Rural School Funding Amendments
2137	HB0462	H		1511125	2025-03-05	73	0	1	4	signed	screened	not-divided	House/ concurs with Senate amendment	Rural School Funding Amendments
2137	HB0462	S		1511123	2025-03-05	23	4	1	4	signed	screened	not-divided	Senate/ passed 2nd & 3rd readings/ suspension	Rural School Funding Amendments
2137	HB0463	H		1514777	2025-02-25	66	0	1	4	signed	screened	not-divided	House/ passed 3rd reading	Child Support Modifications
2137	HB0463	S		1514779	2025-03-07	25	0	1	4	signed	screened	not-divided	Senate/ passed 2nd & 3rd readings/ suspension	Child Support Modifications
2137	HB0464	H		1514989	2025-02-26	69	0	1	4	signed	screened	not-divided	House/ passed 3rd reading	State Sovereignty Fund
2137	HB0464	S		1514991	2025-03-07	20	3	1	4	signed	screened	not-divided	Senate/ passed 2nd & 3rd readings/ suspension	State Sovereignty Fund
2137	HB0465	H		1514306	2025-02-21	54	16	1	4	signed	screened	not-the-chambers-final-roll	House/ passed 3rd reading	Public Safety Amendments
2137	HB0465	H		1514310	2025-03-07	56	12	1	4	signed	screened	not-divided	House/ concurs with Senate amendment	Public Safety Amendments
2137	HB0465	S		1514309	2025-03-07	22	6	1	4	signed	dropped:not-recognizable	one city's police agreement with the Department of Public Safety; local and administrative	Senate/ passed 2nd & 3rd readings/ suspension	Public Safety Amendments
2137	HB0466	H		1512078	2025-02-27	60	10	1	6	none	screened	not-divided	House/ passed 3rd reading	Uniform Antitrust Pre-Merger Notification Act Amendments
2137	HB0468	H		1512695	2025-02-27	64	2	1	6	none	screened	not-divided	House/ passed 3rd reading	Automatic License Plate Reader Amendments
2137	HB0471	H		1514076	2025-02-21	64	0	1	4	signed	screened	not-divided	House/ passed 3rd reading	Transportation Procurement Amendments
2137	HB0471	H		1514080	2025-03-07	71	0	1	4	signed	screened	not-divided	House/ concurs with Senate amendment	Transportation Procurement Amendments
2137	HB0471	S		1514079	2025-03-06	26	0	1	4	signed	screened	not-divided	Senate/ passed 2nd & 3rd readings/ suspension	Transportation Procurement Amendments
2137	HB0472	H		1515092	2025-02-25	68	2	1	6	none	screened	not-divided	House/ passed 3rd reading	Senior Care Facility Amendments
2137	HB0473	H		1511945	2025-03-03	54	14	1	6	none	screened	not-enacted-status-6	House/ passed 3rd reading	School Digital Materials Amendments
2137	HB0474	H		1511242	2025-02-27	66	0	1	4	signed	screened	not-divided	House/ passed 3rd reading	Regulatory Oversight Amendments
2137	HB0474	H		1511247	2025-03-07	72	0	1	4	signed	screened	not-divided	House Conference Committee - Final Passage	Regulatory Oversight Amendments
2137	HB0474	S		1511245	2025-03-05	27	0	1	4	signed	screened	not-divided	Senate/ passed 2nd & 3rd readings/ suspension	Regulatory Oversight Amendments
2137	HB0474	S		1511246	2025-03-07	23	0	1	4	signed	screened	not-divided	Senate Conference Committee - Final Passage	Regulatory Oversight Amendments
2137	HB0475	H		1511134	2025-03-03	71	0	1	4	signed	screened	not-divided	House/ passed 3rd reading	Public Funds Reporting Amendments
2137	HB0475	S		1511135	2025-03-05	27	0	1	4	signed	screened	not-divided	Senate/ passed 2nd & 3rd readings/ suspension	Public Funds Reporting Amendments
2137	HB0476	H		1514005	2025-02-26	66	0	1	6	none	screened	not-divided	House/ passed 3rd reading	Tax Return Donation Amendments
2137	HB0477	H		1515135	2025-02-28	49	19	1	4	signed	batch-01	imported	House/ passed 3rd reading	School Trespass Amendments
2137	HB0477	S		1515137	2025-03-07	17	7	1	4	signed	batch-01	imported	Senate/ passed 2nd & 3rd readings/ suspension	School Trespass Amendments
2137	HB0478	H		1513310	2025-02-25	69	0	1	4	signed	screened	not-divided	House/ passed 3rd reading	Brine Mining Amendments
2137	HB0478	H		1513314	2025-03-07	68	1	1	4	signed	screened	not-divided	House/ concurs with Senate amendment	Brine Mining Amendments
2137	HB0478	S		1513313	2025-03-07	23	0	1	4	signed	screened	not-divided	Senate/ passed 2nd & 3rd readings/ suspension	Brine Mining Amendments
2137	HB0479	H		1511632	2025-02-25	50	14	1	4	signed	screened	not-the-chambers-final-roll	House/ passed 3rd reading	Student Athlete Revisions
2137	HB0479	H		1511636	2025-03-07	50	15	1	4	signed	deferred:operator-direction	lets universities pay athletes directly for name, image and likeness; same open question as Wyoming SF 44	House/ concurs with Senate amendment	Student Athlete Revisions
2137	HB0479	S		1511635	2025-03-07	25	0	1	4	signed	screened	not-divided	Senate/ passed 2nd & 3rd readings/ suspension	Student Athlete Revisions
2137	HB0480	H		1511650	2025-02-25	53	15	1	4	signed	dropped	filter-5-two-directions and area-fit: an eviction procedure act, which the Maryland HB 767 line puts outside housing_affordability; it eases some tenant steps but also requires a bad-faith finding before an owner pays a tenant's fees and speeds removal	House/ passed 3rd reading	Landlord Communication Amendments
2137	HB0480	S		1511652	2025-03-07	23	2	1	4	signed	screened	not-divided	Senate/ passed 2nd & 3rd readings/ suspension	Landlord Communication Amendments
2137	HB0481	H		1514606	2025-02-26	70	0	1	4	signed	screened	not-divided	House/ passed 3rd reading	Ballot Proposition Requirements
2137	HB0481	S		1514608	2025-03-07	28	0	1	4	signed	screened	not-divided	Senate/ passed 2nd & 3rd readings/ suspension	Ballot Proposition Requirements
2137	HB0482	H		1511619	2025-02-28	64	0	1	4	signed	screened	not-divided	House/ passed 3rd reading	Health and Human Services Reporting Requirements
2137	HB0482	S		1511621	2025-03-07	24	0	1	4	signed	screened	not-divided	Senate/ passed 2nd & 3rd readings/ suspension	Health and Human Services Reporting Requirements
2137	HB0483	H		1515148	2025-02-27	70	0	1	4	signed	screened	not-divided	House/ passed 3rd reading	School and Institutional Trust Lands Administration Modifications
2137	HB0483	H		1515151	2025-03-07	69	1	1	4	signed	screened	not-divided	House/ concurs with Senate amendment	School and Institutional Trust Lands Administration Modifications
2137	HB0483	S		1515150	2025-03-07	24	3	1	4	signed	screened	not-divided	Senate/ passed 2nd & 3rd readings/ suspension	School and Institutional Trust Lands Administration Modifications
2137	HB0485	H		1514476	2025-02-27	42	29	1	6	none	screened	not-enacted-status-6	House/ passed 3rd reading	Residential Notification Amendments
2137	HB0488	H		1514403	2025-02-21	63	4	1	4	signed	screened	not-divided	House/ passed 3rd reading	Federalism Amendments
2137	HB0488	H		1514408	2025-03-06	67	0	1	4	signed	screened	not-divided	House Conference Committee - Final Passage	Federalism Amendments
2137	HB0488	S		1514406	2025-03-04	22	4	1	4	signed	screened	not-divided	Senate/ passed 2nd & 3rd readings/ suspension	Federalism Amendments
2137	HB0488	S		1514407	2025-03-05	19	4	1	4	signed	screened	not-divided	Senate Conference Committee - Final Passage	Federalism Amendments
2137	HB0489	H		1511297	2025-02-27	66	2	1	6	none	screened	not-divided	House/ passed 3rd reading	Eyewear Sales Tax Amendments
2137	HB0490	H		1514712	2025-02-27	69	0	1	4	signed	screened	not-divided	House/ passed 3rd reading	State Parks Modifications
2137	HB0490	S		1514714	2025-03-06	26	0	1	4	signed	screened	not-divided	Senate/ passed 2nd & 3rd readings/ suspension	State Parks Modifications
2137	HB0491	H		1511640	2025-02-27	63	1	1	4	signed	screened	not-divided	House/ passed 3rd reading	Behavioral Health Modifications
2137	HB0491	H		1511644	2025-03-06	70	1	1	4	signed	screened	not-divided	House/ concurs with Senate amendment	Behavioral Health Modifications
2137	HB0491	S		1511642	2025-03-05	27	0	1	4	signed	screened	not-divided	Senate/ passed 2nd & 3rd readings/ suspension	Behavioral Health Modifications
2137	HB0491	S		1511643	2025-03-06	25	0	1	4	signed	screened	not-divided	Senate/ passed 2nd & 3rd readings/ suspension	Behavioral Health Modifications
2137	HB0492	H		1511275	2025-02-24	68	0	1	6	none	screened	not-divided	House/ passed 3rd reading	Drinking Water Utilities Amendments
2137	HB0493	H		1512871	2025-02-28	63	0	1	4	signed	screened	not-divided	House/ passed 3rd reading	Medical Examiner Amendments
2137	HB0493	S		1512873	2025-03-06	23	0	1	4	signed	screened	not-divided	Senate/ passed 2nd & 3rd readings/ suspension	Medical Examiner Amendments
2137	HB0494	H		1514238	2025-03-03	73	1	1	6	none	screened	not-divided	House/ passed 3rd reading	Boards and Committee Amendments
2137	HB0495	H		1511444	2025-02-28	66	0	1	4	signed	screened	not-divided	House/ passed 3rd reading	Health Care Amendments
2137	HB0495	S		1511447	2025-03-07	21	0	1	4	signed	screened	not-divided	Senate/ passed 3rd reading	Health Care Amendments
2137	HB0496	H		1514239	2025-02-25	70	0	1	4	signed	screened	not-divided	House/ passed 3rd reading	Revisor's Technical Corrections to Utah Code
2137	HB0496	S		1514241	2025-02-28	25	0	1	4	signed	screened	not-divided	Senate/ passed 3rd reading	Revisor's Technical Corrections to Utah Code
2137	HB0497	H		1513553	2025-02-28	73	0	1	4	signed	screened	not-divided	House/ passed 3rd reading	Public Education Compliance
2137	HB0497	H		1513555	2025-03-07	60	11	1	4	signed	screened	not-divided	House/ concurs with Senate amendment	Public Education Compliance
2137	HB0497	S		1513554	2025-03-07	16	11	1	4	signed	dropped:not-recognizable	education compliance framework	Senate/ passed 2nd & 3rd readings/ suspension	Public Education Compliance
2137	HB0499	H		1512795	2025-02-27	56	13	1	6	none	screened	not-divided	House/ passed 3rd reading	Department of Environmental Quality Amendments
2137	HB0500	H		1512849	2025-02-25	63	0	1	6	none	screened	not-divided	House/ passed 3rd reading	Controlled Substance Modifications
2137	HB0501	H		1511144	2025-03-03	71	0	1	4	signed	screened	not-divided	House/ passed 3rd reading	Law Enforcement Salary Amendments
2137	HB0501	S		1511145	2025-03-05	24	0	1	4	signed	screened	not-divided	Senate/ passed 2nd & 3rd readings/ suspension	Law Enforcement Salary Amendments
2137	HB0502	H		1514595	2025-02-25	64	0	1	4	signed	screened	not-divided	House/ passed 3rd reading	Transportation and Infrastructure Funding Amendments
2137	HB0502	H		1514600	2025-03-07	68	0	1	4	signed	screened	not-divided	House/ concurs with Senate amendment	Transportation and Infrastructure Funding Amendments
2137	HB0502	S		1514599	2025-03-07	24	0	1	4	signed	screened	not-divided	Senate/ passed 2nd & 3rd readings/ suspension	Transportation and Infrastructure Funding Amendments
2137	HB0503	H		1512265	2025-02-28	41	25	1	4	signed	screened	not-the-chambers-final-roll	House/ passed 3rd reading	Medical Malpractice Modifications
2137	HB0503	H		1512269	2025-03-05	47	27	1	4	signed	dropped:mixed	medical malpractice: repeals affidavits of merit (easier to sue) and limits collection against providers (harder to collect)	House/ concurs with Senate amendment	Medical Malpractice Modifications
2137	HB0503	S		1512268	2025-03-05	17	11	1	4	signed	dropped:mixed	medical malpractice: repeals affidavits of merit (easier to sue) and limits collection against providers (harder to collect)	Senate/ passed 2nd & 3rd readings/ suspension	Medical Malpractice Modifications
2137	HB0504	H		1513450	2025-02-28	65	0	1	4	signed	screened	not-divided	House/ passed 3rd reading	Financial and Conflict of Interest Disclosures by Candidates Amendments
2137	HB0504	H		1513453	2025-03-07	71	0	1	4	signed	screened	not-divided	House/ concurs with Senate amendment	Financial and Conflict of Interest Disclosures by Candidates Amendments
2137	HB0504	S		1513452	2025-03-06	26	2	1	4	signed	screened	not-divided	Senate/ passed 2nd & 3rd readings/ suspension	Financial and Conflict of Interest Disclosures by Candidates Amendments
2137	HB0505	H		1513189	2025-02-28	68	0	1	4	signed	screened	not-divided	House/ passed 3rd reading	Homeless Services Revisions
2137	HB0505	S		1513192	2025-03-07	22	0	1	4	signed	screened	not-divided	Senate/ passed 3rd reading	Homeless Services Revisions
2137	HB0506	H		1513154	2025-02-24	64	0	1	6	none	screened	not-divided	House/ passed 3rd reading	Unclaimed Property Amendments
2137	HB0507	H		1512811	2025-02-28	65	1	1	6	none	screened	not-divided	House/ passed 3rd reading	Legislative Water Development Commission Amendments
2137	HB0508	H		1513655	2025-02-28	70	0	1	4	signed	screened	not-divided	House/ passed 3rd reading	School Data Amendments
2137	HB0508	H		1513659	2025-03-07	62	8	1	4	signed	screened	not-divided	House/ concurs with Senate amendment	School Data Amendments
2137	HB0508	S		1513658	2025-03-06	20	6	1	4	signed	dropped:not-recognizable	school data advisory committee	Senate/ passed 2nd & 3rd readings/ suspension	School Data Amendments
2137	HB0509	H		1511324	2025-02-28	66	0	1	6	none	screened	not-divided	House/ passed 3rd reading	Specialized Product Amendments
2137	HB0510	H		1511158	2025-02-27	70	1	1	4	signed	screened	not-divided	House/ passed 3rd reading	Agricultural Amendments
2137	HB0510	S		1511160	2025-03-05	22	0	1	4	signed	screened	not-divided	Senate/ passed 2nd & 3rd readings/ suspension	Agricultural Amendments
2137	HB0513	H		1511237	2025-02-27	72	2	1	6	none	screened	not-divided	House/ passed 3rd reading	Utah Commission for Earthquake Preparedness
2137	HB0514	H		1512242	2025-02-27	74	0	1	4	signed	screened	not-divided	House/ passed 3rd reading	Vehicle Registration Changes
2137	HB0514	H		1512244	2025-03-06	72	0	1	4	signed	screened	not-divided	House/ concurs with Senate amendment	Vehicle Registration Changes
2137	HB0514	S		1512243	2025-03-05	28	0	1	4	signed	screened	not-divided	Senate/ passed 2nd & 3rd readings/ suspension	Vehicle Registration Changes
2137	HB0516	H		1512092	2025-02-27	65	0	1	4	signed	screened	not-divided	House/ passed 3rd reading	Automobile Franchise Amendments
2137	HB0516	S		1512094	2025-03-07	26	0	1	4	signed	screened	not-divided	Senate/ passed 2nd & 3rd readings/ suspension	Automobile Franchise Amendments
2137	HB0519	H		1512205	2025-02-28	69	0	1	6	none	screened	not-divided	House/ passed 3rd reading	Health Care Access Amendments
2137	HB0519	H		1512206	2025-03-04	73	0	1	6	none	screened	not-divided	House/ passed 3rd reading	Health Care Access Amendments
2137	HB0520	H		1513952	2025-03-03	70	0	1	4	signed	screened	not-divided	House/ passed 3rd reading	Water Entity Amendments
2137	HB0520	H		1513954	2025-03-06	69	0	1	4	signed	screened	not-divided	House/ concurs with Senate amendment	Water Entity Amendments
2137	HB0520	S		1513953	2025-03-06	24	2	1	4	signed	screened	not-divided	Senate/ passed 2nd & 3rd readings/ suspension	Water Entity Amendments
2137	HB0524	H		1511280	2025-03-03	71	1	1	6	none	screened	not-divided	House/ passed 3rd reading	Non-nicotine Inhalation Product Amendments
2137	HB0527	H		1512685	2025-02-28	64	0	1	6	none	screened	not-divided	House/ passed 3rd reading	Federal Requirements Reporting
2137	HB0530	H		1511173	2025-02-27	71	0	1	4	signed	screened	not-divided	House/ passed 3rd reading	Utah Innovation Lab Modifications
2137	HB0530	S		1511175	2025-03-04	26	0	1	4	signed	screened	not-divided	Senate/ passed 2nd & 3rd readings/ suspension	Utah Innovation Lab Modifications
2137	HB0531	H		1513893	2025-03-03	63	0	1	6	none	screened	not-divided	House/ passed 3rd reading	Division of Professional Licensing Amendments
2137	HB0534	H		1513900	2025-02-28	64	0	1	4	signed	screened	not-divided	House/ passed 3rd reading	Adult Protective Services Amendments
2137	HB0534	H		1513904	2025-03-07	67	0	1	4	signed	screened	not-divided	House/ concurs with Senate amendment	Adult Protective Services Amendments
2137	HB0534	S		1513903	2025-03-07	27	0	1	4	signed	screened	not-divided	Senate/ passed 2nd & 3rd readings/ suspension	Adult Protective Services Amendments
2137	HB0535	H		1511829	2025-03-04	70	0	1	6	none	screened	not-divided	House/ passed 3rd reading	Driver Training Schools for Commercial Driver License Amendments
2137	HB0537	H		1512703	2025-02-28	65	0	1	4	signed	screened	not-divided	House/ passed 3rd reading	Utah Schools for the Deaf and the Blind Amendments
2137	HB0537	S		1512705	2025-03-07	28	0	1	4	signed	screened	not-divided	Senate/ passed 2nd & 3rd readings/ suspension	Utah Schools for the Deaf and the Blind Amendments
2137	HB0538	H		1513650	2025-03-03	67	0	1	6	none	screened	not-divided	House/ passed 3rd reading	Judgment Information Amendments
2137	HB0540	H		1513741	2025-03-04	53	19	1	6	none	screened	not-enacted-status-6	House/ passed 3rd reading	Municipal Incorporation Modifications
2137	HB0541	H		1513578	2025-02-28	73	0	1	4	signed	screened	not-divided	House/ passed 3rd reading	Olympic Legacy Liability Amendments
2137	HB0541	S		1513580	2025-03-07	23	0	1	4	signed	screened	not-divided	Senate/ passed 2nd & 3rd readings/ suspension	Olympic Legacy Liability Amendments
2137	HB0542	H		1513424	2025-02-28	71	0	1	4	signed	screened	not-divided	House/ passed 3rd reading	Economic Development Amendments
2137	HB0542	H		1513428	2025-03-07	39	26	1	4	signed	dropped:omnibus	economic development agency reorganization and commission repeals; administrative	House/ concurs with Senate amendment	Economic Development Amendments
2137	HB0542	S		1513427	2025-03-07	17	9	1	4	signed	dropped:omnibus	economic development agency reorganization and commission repeals; administrative	Senate/ passed 2nd & 3rd readings/ suspension	Economic Development Amendments
2137	HB0545	H		1511184	2025-02-28	58	11	1	4	signed	screened	not-divided	House/ passed 3rd reading	School District Governance Agreements
2137	HB0545	S		1511186	2025-03-07	16	11	1	4	signed	dropped:school-choice-precedent	bars delegating district governance to a private entity; the mirror image of the school-choice class	Senate/ passed 2nd & 3rd readings/ suspension	School District Governance Agreements
2137	HB0547	H		1511353	2025-03-03	32	42	0	6	signed	screened	not-the-chambers-final-roll	House/ failed	Diaper Program Amendments
2137	HB0547	H		1511354	2025-03-04	55	15	1	6	signed	screened	not-enacted-status-6	House/ passed 3rd reading	Diaper Program Amendments
2137	HB0547	S		1511355	2025-03-05	18	3	1	6	signed	screened	not-divided	Senate/ passed 2nd & 3rd readings/ suspension	Diaper Program Amendments
2137	HB0548	H		1515007	2025-03-03	71	0	1	6	none	screened	not-divided	House/ passed 3rd reading	Genetic Information Amendments
2137	HB0550	H		1514012	2025-03-03	69	0	1	4	signed	screened	not-divided	House/ passed 3rd reading	Building Permit Fee Prohibition Amendments
2137	HB0550	H		1514015	2025-03-07	65	5	1	4	signed	screened	not-divided	House/ concurs with Senate amendment	Building Permit Fee Prohibition Amendments
2137	HB0550	S		1514013	2025-03-07	23	6	1	4	signed	dropped:not-recognizable	inspection fees for water conservancy districts	Senate/ passed 2nd & 3rd readings/ suspension	Building Permit Fee Prohibition Amendments
2137	HB0551	H		1513588	2025-03-03	74	0	1	4	signed	screened	not-divided	House/ passed 3rd reading	Elected Official Publicity Amendments
2137	HB0551	S		1513591	2025-03-07	23	0	1	4	signed	screened	not-divided	Senate/ passed 2nd & 3rd readings/ suspension	Elected Official Publicity Amendments
2137	HB0553	H		1512660	2025-03-03	74	0	1	6	none	screened	not-divided	House/ passed 3rd reading	State Grant Process Amendments
2137	HB0558	H		1514295	2025-03-03	71	0	1	6	none	screened	not-divided	House/ passed 3rd reading	Local Government Drug Testing Amendments
2137	HB0560	H		1514763	2025-03-03	66	0	1	6	none	screened	not-divided	House/ passed 3rd reading	School Safety Foundation
2137	HB0562	H		1513489	2025-03-04	60	11	1	4	signed	screened	not-divided	House/ passed 3rd reading	Law Enforcement and Criminal Justice Amendments
2137	HB0562	H		1513492	2025-03-07	58	14	1	4	signed	screened	not-divided	House/ concurs with Senate amendment	Law Enforcement and Criminal Justice Amendments
2137	HB0562	S		1513490	2025-03-06	14	10	0	4	signed	screened	not-the-chambers-final-roll	Senate/ failed	Law Enforcement and Criminal Justice Amendments
2137	HB0562	S		1513491	2025-03-06	17	11	1	4	signed	dropped:omnibus	probation standards, restitution collection and other justice-system changes; strands differ	Senate/ passed 2nd & 3rd readings/ suspension	Law Enforcement and Criminal Justice Amendments
2137	HB0563	H		1514695	2025-03-03	68	3	1	6	none	screened	not-divided	House/ passed 3rd reading	Ballot Title Amendments
2137	HJR001	H		1513702	2025-02-19	71	0	1	6	none	screened	not-divided	House/ passed 3rd reading	Joint Rules Resolution - Sponsor's Handout
2137	HJR002	H		1512908	2025-02-05	71	0	1	6	none	screened	not-divided	House/ passed 3rd reading	Joint Rules Resolution - Fiscal Note Process
2137	HJR003	H		1514041	2025-02-18	72	0	1	3	none	screened	not-divided	House/ passed 3rd reading	Joint Resolution Regarding State Prisoner Placement in Iron County Correctional Facility
2137	HJR003	S		1514043	2025-03-06	27	0	1	3	none	screened	not-divided	Senate/ passed 2nd & 3rd readings/ suspension	Joint Resolution Regarding State Prisoner Placement in Iron County Correctional Facility
2137	HJR004	H		1510545	2025-01-21	74	0	1	3	none	screened	not-divided	House/ passed 3rd reading	Joint Rules Resolution - Amendments to Joint Rules
2137	HJR004	S		1510548	2025-02-05	29	0	1	3	none	screened	not-divided	Senate/ passed 3rd reading	Joint Rules Resolution - Amendments to Joint Rules
2137	HJR006	H		1513747	2025-02-19	68	0	1	3	none	screened	not-divided	House/ passed 3rd reading	Joint Rules Resolution - Legislative Process Amendments
2137	HJR006	H		1513751	2025-03-07	66	3	1	3	none	screened	not-divided	House/ concurs with Senate amendment	Joint Rules Resolution - Legislative Process Amendments
2137	HJR006	S		1513750	2025-03-07	27	0	1	3	none	screened	not-divided	Senate/ passed 2nd & 3rd readings/ suspension	Joint Rules Resolution - Legislative Process Amendments
2137	HJR009	H		1514527	2025-02-25	65	0	1	3	none	screened	not-divided	House/ passed 3rd reading	Joint Resolution Regarding Utah's Share of Colorado River Water
2137	HJR010	H		1514269	2025-02-26	70	0	1	3	none	screened	not-divided	House/ passed 3rd reading	Proposal to Amend Utah Constitution - Publication Amendments
2137	HJR010	S		1514271	2025-03-07	29	0	1	3	none	screened	not-divided	Senate/ passed 2nd & 3rd readings/ suspension	Proposal to Amend Utah Constitution - Publication Amendments
2137	SB0001	H		1510714	2025-01-30	73	0	1	4	signed	screened	not-divided	House/ passed 3rd reading	Public Education Base Budget Amendments
2137	SB0001	S		1510713	2025-01-29	25	0	1	4	signed	screened	not-divided	Senate/ passed 2nd & 3rd readings/ suspension	Public Education Base Budget Amendments
2137	SB0002	H		1511431	2025-03-05	70	0	1	4	signed	screened	not-divided	House/ passed 3rd reading	New Fiscal Year Supplemental Appropriations Act
2137	SB0002	S		1511430	2025-03-04	26	1	1	4	signed	screened	not-divided	Senate/ passed 2nd & 3rd readings/ suspension	New Fiscal Year Supplemental Appropriations Act
2137	SB0003	H		1511461	2025-03-07	72	0	1	3	none	screened	not-divided	House/ passed 3rd reading	Appropriations Adjustments
2137	SB0003	S		1511460	2025-03-07	27	0	1	3	none	screened	not-divided	Senate/ passed 2nd & 3rd readings/ suspension	Appropriations Adjustments
2137	SB0005	H		1510732	2025-01-30	74	0	1	4	signed	screened	not-divided	House/ passed 3rd reading	Natural Resources, Agriculture, and Environmental Quality Base Budget
2137	SB0005	S		1510731	2025-01-29	28	0	1	4	signed	screened	not-divided	Senate/ passed 2nd & 3rd readings/ suspension	Natural Resources, Agriculture, and Environmental Quality Base Budget
2137	SB0006	H		1510736	2025-01-30	74	0	1	4	signed	screened	not-divided	House/ passed 3rd reading	Criminal Justice Base Budget
2137	SB0006	S		1510735	2025-01-29	27	0	1	4	signed	screened	not-divided	Senate/ passed 2nd & 3rd readings/ suspension	Criminal Justice Base Budget
2137	SB0007	H		1510730	2025-01-30	75	0	1	4	signed	screened	not-divided	House/ passed 3rd reading	Social Services Base Budget
2137	SB0007	S		1510729	2025-01-29	26	0	1	4	signed	screened	not-divided	Senate/ passed 2nd & 3rd readings/ suspension	Social Services Base Budget
2137	SB0008	H		1511729	2025-03-05	72	0	1	4	signed	screened	not-divided	House/ passed 3rd reading	State Agency Fees and Internal Service Fund Rate Authorization and Appropriations
2137	SB0008	S		1511728	2025-03-04	24	0	1	4	signed	screened	not-divided	Senate/ passed 2nd & 3rd readings/ suspension	State Agency Fees and Internal Service Fund Rate Authorization and Appropriations
2137	SB0009	H		1511201	2025-03-05	70	0	1	4	signed	screened	not-divided	House/ passed 3rd reading	Revenue Bond and Capital Facilities Amendments
2137	SB0009	S		1511200	2025-03-04	27	0	1	4	signed	screened	not-divided	Senate/ passed 2nd & 3rd readings/ suspension	Revenue Bond and Capital Facilities Amendments
2137	SB0012	H		1509923	2025-02-05	55	15	1	4	signed	dropped:not-recognizable	tourism board sunset extension	House/ passed 3rd reading	Board of Tourism Development Amendments
2137	SB0012	S		1509920	2025-01-21	25	0	1	4	signed	screened	not-divided	Senate/ passed 2nd & 3rd readings/ suspension	Board of Tourism Development Amendments
2137	SB0013	H		1509967	2025-01-31	71	0	1	4	signed	screened	not-divided	House/ passed 3rd reading	Property Tax Reimbursement Amendments
2137	SB0013	S		1509965	2025-01-21	26	0	1	4	signed	screened	not-divided	Senate/ passed 2nd & 3rd readings/ suspension	Property Tax Reimbursement Amendments
2137	SB0013	S		1509968	2025-02-04	29	0	1	4	signed	screened	not-divided	Senate/ concurs with House amendment	Property Tax Reimbursement Amendments
2137	SB0014	H		1509904	2025-02-06	71	0	1	4	signed	screened	not-divided	House/ passed 3rd reading	Private Sale of a Firearm Sunset Review Amendments
2137	SB0014	S		1509901	2025-01-23	25	0	1	4	signed	screened	not-divided	Senate/ passed 2nd & 3rd readings/ suspension	Private Sale of a Firearm Sunset Review Amendments
2137	SB0015	H		1512918	2025-03-05	70	0	1	4	signed	screened	not-divided	House/ passed 3rd reading	Certified Public Accountant Licensing Amendments
2137	SB0015	S		1512915	2025-01-21	24	0	1	4	signed	screened	not-divided	Senate/ passed 2nd & 3rd readings/ suspension	Certified Public Accountant Licensing Amendments
2137	SB0015	S		1512919	2025-03-06	23	0	1	4	signed	screened	not-divided	Senate/ concurs with House amendment	Certified Public Accountant Licensing Amendments
2137	SB0016	H		1512960	2025-03-06	73	0	1	4	signed	screened	not-divided	House/ passed 3rd reading	Property Tax Notice Amendments
2137	SB0016	S		1512958	2025-01-21	25	0	1	4	signed	screened	not-divided	Senate/ passed 2nd & 3rd readings/ suspension	Property Tax Notice Amendments
2137	SB0016	S		1512961	2025-03-06	21	0	1	4	signed	screened	not-divided	Senate/ concurs with House amendment	Property Tax Notice Amendments
2137	SB0017	H		1509790	2025-01-31	73	0	1	4	signed	screened	not-divided	House/ passed 3rd reading	Services for Department of Defense Civilian Employees
2137	SB0017	S		1509788	2025-01-21	25	0	1	4	signed	screened	not-divided	Senate/ passed 2nd & 3rd readings/ suspension	Services for Department of Defense Civilian Employees
2137	SB0018	H		1509810	2025-01-31	70	0	1	4	signed	screened	not-divided	House/ passed 3rd reading	Election Fundraising Amendments
2137	SB0018	S		1509808	2025-01-21	24	0	1	4	signed	screened	not-divided	Senate/ passed 2nd & 3rd readings/ suspension	Election Fundraising Amendments
2137	SB0018	S		1509811	2025-02-04	29	0	1	4	signed	screened	not-divided	Senate/ concurs with House amendment	Election Fundraising Amendments
2137	SB0019	H		1509827	2025-02-05	71	0	1	4	signed	screened	not-divided	House/ passed 3rd reading	Utah Retirement Systems Amendments for Military Personnel
2137	SB0019	S		1509825	2025-01-21	24	0	1	4	signed	screened	not-divided	Senate/ passed 2nd & 3rd readings/ suspension	Utah Retirement Systems Amendments for Military Personnel
2137	SB0021	H		1509807	2025-02-13	70	0	1	4	signed	screened	not-divided	House/ passed 3rd reading	Long-Term Disability Amendments
2137	SB0021	S		1509805	2025-01-28	28	0	1	4	signed	screened	not-divided	Senate/ passed 3rd reading	Long-Term Disability Amendments
2137	SB0022	H		1515170	2025-03-05	69	0	1	4	signed	screened	not-divided	House/ passed 3rd reading	State Employee Benefit Amendments
2137	SB0022	S		1515167	2025-01-24	25	0	1	4	signed	screened	not-divided	Senate/ passed 3rd reading	State Employee Benefit Amendments
2137	SB0022	S		1515171	2025-03-06	24	0	1	4	signed	screened	not-divided	Senate/ concurs with House amendment	State Employee Benefit Amendments
2137	SB0023	H		1509782	2025-02-05	68	0	1	4	signed	screened	not-divided	House/ passed 3rd reading	First Home Investment Zone Amendments
2137	SB0023	S		1509779	2025-01-21	23	2	1	4	signed	screened	not-divided	Senate/ passed 2nd & 3rd readings/ suspension	First Home Investment Zone Amendments
2137	SB0023	S		1509783	2025-02-10	22	4	1	4	signed	screened	not-divided	Senate/ concurs with House amendment	First Home Investment Zone Amendments
2137	SB0024	H		1511895	2025-03-04	69	2	1	4	signed	screened	not-divided	House/ passed 3rd reading	Child Abuse and Torture Amendments
2137	SB0024	S		1511893	2025-02-10	25	0	1	4	signed	screened	not-divided	Senate/ passed 3rd reading	Child Abuse and Torture Amendments
2137	SB0025	H		1509820	2025-02-12	73	0	1	4	signed	screened	not-divided	House/ passed 3rd reading	Postretirement Reemployment for Emergency Services Workers
2137	SB0025	S		1509818	2025-01-21	25	0	1	4	signed	screened	not-divided	Senate/ passed 2nd & 3rd readings/ suspension	Postretirement Reemployment for Emergency Services Workers
2137	SB0026	H		1511769	2025-03-07	64	5	1	4	signed	screened	not-divided	House/ passed 3rd reading	Housing and Transit Reinvestment Zone Amendments
2137	SB0026	S		1511763	2025-01-21	22	3	1	4	signed	screened	not-divided	Senate/ passed 2nd & 3rd readings/ suspension	Housing and Transit Reinvestment Zone Amendments
2137	SB0026	S		1511770	2025-03-07	21	5	1	4	signed	screened	not-divided	Senate/ concurs with House amendment	Housing and Transit Reinvestment Zone Amendments
2137	SB0027	H		1511438	2025-02-26	66	0	1	4	signed	screened	not-divided	House/ passed 3rd reading	Motor Vehicle Division Amendments
2137	SB0027	S		1511435	2025-02-05	28	0	1	4	signed	screened	not-divided	Senate/ passed 3rd reading	Motor Vehicle Division Amendments
2137	SB0027	S		1511439	2025-02-27	26	0	1	4	signed	screened	not-divided	Senate/ concurs with House amendment	Motor Vehicle Division Amendments
2137	SB0028	H		1509856	2025-02-13	70	0	1	4	signed	screened	not-divided	House/ passed 3rd reading	Livestock Brand Board Amendments
2137	SB0028	S		1509854	2025-01-21	25	0	1	4	signed	screened	not-divided	Senate/ passed 2nd & 3rd readings/ suspension	Livestock Brand Board Amendments
2137	SB0029	H		1509786	2025-02-19	67	0	1	4	signed	screened	not-divided	House/ passed 3rd reading	Charter School Amendments
2137	SB0029	S		1509784	2025-01-21	24	0	1	4	signed	screened	not-divided	Senate/ passed 2nd & 3rd readings/ suspension	Charter School Amendments
2137	SB0029	S		1509787	2025-02-20	24	0	1	4	signed	screened	not-divided	Senate/ concurs with House amendment	Charter School Amendments
2137	SB0030	H		1509830	2025-02-05	73	0	1	4	signed	screened	not-divided	House/ passed 3rd reading	Forest Fire Resources Compact Amendments
2137	SB0030	S		1509828	2025-01-21	24	0	1	4	signed	screened	not-divided	Senate/ passed 2nd & 3rd readings/ suspension	Forest Fire Resources Compact Amendments
2137	SB0031	H		1512111	2025-03-04	67	7	1	4	signed	screened	not-divided	House/ passed 3rd reading	Refugee Services Amendments
2137	SB0031	S		1512109	2025-02-05	28	0	1	4	signed	screened	not-divided	Senate/ passed 3rd reading	Refugee Services Amendments
2137	SB0032	S		1512913	2025-02-19	19	8	1	6	none	screened	not-enacted-status-6	Senate/ passed 3rd reading	Class Size Reduction Modifications
2137	SB0033	H		1509841	2025-02-05	73	0	1	4	signed	screened	not-divided	House/ passed 3rd reading	Water Rights Recording Amendments
2137	SB0033	S		1509839	2025-01-21	22	0	1	4	signed	screened	not-divided	Senate/ passed 2nd & 3rd readings/ suspension	Water Rights Recording Amendments
2137	SB0034	H		1509907	2025-02-06	73	0	1	4	signed	screened	not-divided	House/ passed 3rd reading	Mineral Surety Study
2137	SB0034	S		1509905	2025-01-21	23	0	1	4	signed	screened	not-divided	Senate/ passed 2nd & 3rd readings/ suspension	Mineral Surety Study
2137	SB0035	H		1509976	2025-03-05	72	0	1	4	signed	screened	not-divided	House/ passed 3rd reading	Statewide Online Education Program Modifications
2137	SB0035	S		1509975	2025-03-04	25	1	1	4	signed	screened	not-divided	Senate/ passed 3rd reading	Statewide Online Education Program Modifications
2137	SB0036	H		1512638	2025-02-19	63	0	1	4	signed	screened	not-divided	House/ passed 3rd reading	Water Quality Board Amendments
2137	SB0036	S		1512636	2025-02-04	29	0	1	4	signed	screened	not-divided	Senate/ passed 3rd reading	Water Quality Board Amendments
2137	SB0037	H		1509918	2025-02-19	41	27	1	5	vetoed	screened	vetoed	House/ passed 3rd reading	Minimum Basic Tax Rate Amendments
2137	SB0037	S		1509915	2025-02-07	19	8	1	5	vetoed	screened	not-the-chambers-final-roll	Senate/ passed 3rd reading	Minimum Basic Tax Rate Amendments
2137	SB0037	S		1509919	2025-02-20	20	8	1	5	vetoed	screened	vetoed	Senate/ concurs with House amendment	Minimum Basic Tax Rate Amendments
2137	SB0038	H		1512711	2025-03-05	51	21	1	4	signed	dropped:not-recognizable	manufacturing grant sunset extension	House/ passed 3rd reading	Manufacturing Modernization Grant Sunset Amendments
2137	SB0038	S		1512708	2025-01-22	25	0	1	4	signed	screened	not-divided	Senate/ passed 3rd reading	Manufacturing Modernization Grant Sunset Amendments
2137	SB0039	H		1511888	2025-03-04	74	0	1	4	signed	screened	not-divided	House/ passed 3rd reading	Education Testing Amendments
2137	SB0039	S		1511884	2025-02-25	25	0	1	4	signed	screened	not-divided	Senate/ passed 3rd reading	Education Testing Amendments
2137	SB0039	S		1511889	2025-03-05	27	0	1	4	signed	screened	not-divided	Senate/ concurs with House amendment	Education Testing Amendments
2137	SB0040	H		1512057	2025-03-07	70	0	1	4	signed	screened	not-divided	House/ passed 3rd reading	Sales and Use Tax Act Amendments
2137	SB0040	S		1512054	2025-01-21	25	0	1	4	signed	screened	not-divided	Senate/ passed 2nd & 3rd readings/ suspension	Sales and Use Tax Act Amendments
2137	SB0040	S		1512058	2025-03-07	24	0	1	4	signed	screened	not-divided	Senate/ concurs with House amendment	Sales and Use Tax Act Amendments
2137	SB0041	H		1511843	2025-02-06	74	0	1	4	signed	screened	not-divided	House/ passed 3rd reading	Sex, Kidnap, and Child Abuse Offender Registry Amendments
2137	SB0041	S		1511839	2025-01-23	27	0	1	4	signed	screened	not-divided	Senate/ passed 2nd & 3rd readings/ suspension	Sex, Kidnap, and Child Abuse Offender Registry Amendments
2137	SB0041	S		1511844	2025-02-10	25	0	1	4	signed	screened	not-divided	Senate/ concurs with House amendment	Sex, Kidnap, and Child Abuse Offender Registry Amendments
2137	SB0042	H		1510024	2025-02-05	70	0	1	4	signed	screened	not-divided	House/ passed 3rd reading	Consumer Protection Amendments
2137	SB0042	S		1510022	2025-01-24	26	0	1	4	signed	screened	not-divided	Senate/ passed 3rd reading	Consumer Protection Amendments
2137	SB0043	H		1510058	2025-02-19	67	0	1	4	signed	screened	not-divided	House/ passed 3rd reading	Income Tax Credit Review Amendments
2137	SB0043	S		1510055	2025-01-21	26	0	1	4	signed	screened	not-divided	Senate/ passed 2nd & 3rd readings/ suspension	Income Tax Credit Review Amendments
2137	SB0043	S		1510059	2025-02-20	25	0	1	4	signed	screened	not-divided	Senate/ concurs with House amendment	Income Tax Credit Review Amendments
2137	SB0044	H		1510042	2025-02-19	68	0	1	4	signed	screened	not-divided	House/ passed 3rd reading	Professional Licensure Amendments
2137	SB0044	S		1510039	2025-01-24	25	0	1	4	signed	screened	not-divided	Senate/ passed 3rd reading	Professional Licensure Amendments
2137	SB0044	S		1510043	2025-02-20	25	0	1	4	signed	screened	not-divided	Senate/ concurs with House amendment	Professional Licensure Amendments
2137	SB0045	H		1510046	2025-02-20	67	0	1	4	signed	screened	not-divided	House/ passed 3rd reading	Juvenile Court Procedures Amendments
2137	SB0045	S		1510044	2025-01-21	26	0	1	4	signed	screened	not-divided	Senate/ passed 2nd & 3rd readings/ suspension	Juvenile Court Procedures Amendments
2137	SB0046	H		1510031	2025-02-05	72	0	1	4	signed	screened	not-divided	House/ passed 3rd reading	Youth Electronic Cigarette, Marijuana, and Other Drug Prevention Program Sunset Extension
2137	SB0046	S		1510029	2025-01-21	25	0	1	4	signed	screened	not-divided	Senate/ passed 2nd & 3rd readings/ suspension	Youth Electronic Cigarette, Marijuana, and Other Drug Prevention Program Sunset Extension
2137	SB0046	S		1510032	2025-02-07	23	0	1	4	signed	screened	not-divided	Senate/ concurs with House amendment	Youth Electronic Cigarette, Marijuana, and Other Drug Prevention Program Sunset Extension
2137	SB0047	H		1514161	2025-03-05	12	45	0	4	signed	screened	not-the-chambers-final-roll	House/ failed	Sales and Use Tax Remittance Amendments
2137	SB0047	H		1514162	2025-03-05	71	0	1	4	signed	screened	not-divided	House/ passed 3rd reading	Sales and Use Tax Remittance Amendments
2137	SB0047	S		1514159	2025-02-06	27	1	1	4	signed	screened	not-divided	Senate/ passed 3rd reading	Sales and Use Tax Remittance Amendments
2137	SB0047	S		1514163	2025-03-06	26	0	1	4	signed	screened	not-divided	Senate/ concurs with House amendment	Sales and Use Tax Remittance Amendments
2137	SB0048	H		1510064	2025-02-20	68	0	1	4	signed	screened	not-divided	House/ passed 3rd reading	Behavioral Health Amendments
2137	SB0048	S		1510062	2025-02-07	26	0	1	4	signed	screened	not-divided	Senate/ passed 3rd reading	Behavioral Health Amendments
2137	SB0049	H		1510075	2025-02-12	71	0	1	4	signed	screened	not-divided	House/ passed 3rd reading	Insurance Investment Amendments
2137	SB0049	S		1510073	2025-01-27	25	0	1	4	signed	screened	not-divided	Senate/ passed 3rd reading	Insurance Investment Amendments
2137	SB0050	H		1510080	2025-02-19	69	0	1	4	signed	screened	not-divided	House/ passed 3rd reading	Limited Purpose Local Government Entities Board of Trustees Compensation Amendments
2137	SB0050	S		1510078	2025-02-03	27	0	1	4	signed	screened	not-divided	Senate/ passed 3rd reading	Limited Purpose Local Government Entities Board of Trustees Compensation Amendments
2137	SB0051	H		1511459	2025-02-13	69	0	1	4	signed	screened	not-divided	House/ passed 3rd reading	State Resource Management Plan Amendments
2137	SB0051	S		1511457	2025-01-21	25	0	1	4	signed	screened	not-divided	Senate/ passed 2nd & 3rd readings/ suspension	State Resource Management Plan Amendments
2137	SB0052	H		1511256	2025-03-06	66	6	1	4	signed	screened	not-divided	House/ passed 3rd reading	Vehicle Registration Modifications
2137	SB0052	S		1511254	2025-02-19	23	1	1	4	signed	screened	not-divided	Senate/ passed 3rd reading	Vehicle Registration Modifications
2137	SB0053	H		1512461	2025-02-05	67	0	1	4	signed	screened	not-divided	House/ passed 3rd reading	Election Code Amendments
2137	SB0053	S		1512459	2025-01-21	25	1	1	4	signed	screened	not-divided	Senate/ passed 2nd & 3rd readings/ suspension	Election Code Amendments
2137	SB0054	H		1514835	2025-02-19	65	2	1	4	signed	screened	not-divided	House/ passed 3rd reading	Appearance of Candidate Name on Ballot
2137	SB0054	S		1514833	2025-02-07	22	3	1	4	signed	screened	not-divided	Senate/ passed 3rd reading	Appearance of Candidate Name on Ballot
2137	SB0055	H		1510145	2025-02-19	63	2	1	4	signed	screened	not-divided	House/ passed 3rd reading	Unauthorized Use of Real Property Amendments
2137	SB0055	S		1510143	2025-02-03	27	0	1	4	signed	screened	not-divided	Senate/ passed 3rd reading	Unauthorized Use of Real Property Amendments
2137	SB0057	H		1510125	2025-03-05	72	0	1	4	signed	screened	not-divided	House/ passed 3rd reading	Newborn Relinquishment Amendments
2137	SB0057	S		1510123	2025-02-19	25	0	1	4	signed	screened	not-divided	Senate/ passed 3rd reading	Newborn Relinquishment Amendments
2137	SB0059	H		1510150	2025-02-06	73	0	1	4	signed	screened	not-divided	House/ passed 3rd reading	Commercial Driver License Revisions
2137	SB0059	S		1510148	2025-01-28	28	0	1	4	signed	screened	not-divided	Senate/ passed 3rd reading	Commercial Driver License Revisions
2137	SB0060	S		1512478	2025-02-11	19	7	1	6	none	screened	not-enacted-status-6	Senate/ passed 3rd reading	Newborn Testing Amendments
2137	SB0061	H		1513948	2025-02-26	63	6	1	4	signed	screened	not-divided	House/ passed 3rd reading	Energy Corridor Amendments
2137	SB0061	S		1513946	2025-02-10	24	0	1	4	signed	screened	not-divided	Senate/ passed 3rd reading	Energy Corridor Amendments
2137	SB0061	S		1513949	2025-02-28	25	0	1	4	signed	screened	not-divided	Senate/ concurs with House amendment	Energy Corridor Amendments
2137	SB0062	H		1513367	2025-03-07	63	8	1	4	signed	screened	not-divided	House/ passed 3rd reading	Spaceport Exploration Committee
2137	SB0062	S		1513365	2025-01-28	27	1	1	4	signed	screened	not-divided	Senate/ passed 3rd reading	Spaceport Exploration Committee
2137	SB0062	S		1513368	2025-03-07	25	1	1	4	signed	screened	not-divided	Senate/ concurs with House amendment	Spaceport Exploration Committee
2137	SB0063	S		1512504	2025-02-19	24	0	1	6	none	screened	not-divided	Senate/ passed 3rd reading	Waste Tire Recycling Amendments
2137	SB0064	H		1513500	2025-02-26	69	0	1	4	signed	screened	not-divided	House/ passed 3rd reading	Medical Cannabis Amendments
2137	SB0064	S		1513497	2025-02-11	21	6	1	4	signed	screened	not-the-chambers-final-roll	Senate/ passed 3rd reading	Medical Cannabis Amendments
2137	SB0064	S		1513501	2025-02-28	24	1	1	4	signed	screened	not-divided	Senate/ concurs with House amendment	Medical Cannabis Amendments
2137	SB0065	H		1510185	2025-03-05	66	3	1	4	signed	screened	not-divided	House/ passed 3rd reading	Medication Assisted Treatment Amendments
2137	SB0065	S		1510182	2025-02-24	23	0	1	4	signed	screened	not-divided	Senate/ passed 3rd reading	Medication Assisted Treatment Amendments
2137	SB0066	H		1510247	2025-02-19	65	0	1	4	signed	screened	not-divided	House/ passed 3rd reading	School Personnel Amendments
2137	SB0066	S		1510245	2025-01-28	26	0	1	4	signed	screened	not-divided	Senate/ passed 3rd reading	School Personnel Amendments
2137	SB0067	H		1513326	2025-03-07	66	4	1	6	none	screened	not-divided	House/ passed 3rd reading	Local Option Sales Tax Amendments
2137	SB0067	S		1513323	2025-02-05	26	0	1	6	none	screened	not-divided	Senate/ passed 3rd reading	Local Option Sales Tax Amendments
2137	SB0068	H		1510300	2025-02-12	70	0	1	4	signed	screened	not-divided	House/ passed 3rd reading	Child Welfare Worker Protections
2137	SB0068	S		1510298	2025-01-29	28	0	1	4	signed	screened	not-divided	Senate/ passed 3rd reading	Child Welfare Worker Protections
2137	SB0068	S		1510301	2025-02-14	23	0	1	4	signed	screened	not-divided	Senate/ concurs with House amendment	Child Welfare Worker Protections
2137	SB0069	H		1511961	2025-03-05	71	0	1	3	became-law-without-signature	screened	not-divided	House/ passed 3rd reading	Medication Amendments
2137	SB0069	S		1511960	2025-03-04	26	1	1	3	became-law-without-signature	screened	not-divided	Senate/ passed 2nd & 3rd readings/ suspension	Medication Amendments
2137	SB0070	H		1510263	2025-02-28	68	0	1	4	signed	screened	not-divided	House/ passed 3rd reading	Consumer Reporting Amendments
2137	SB0070	S		1510260	2025-02-07	25	0	1	4	signed	screened	not-divided	Senate/ passed 3rd reading	Consumer Reporting Amendments
2137	SB0071	H		1510305	2025-03-05	71	0	1	4	signed	screened	not-divided	House/ passed 3rd reading	Social Security Tax Revisions
2137	SB0071	S		1510304	2025-03-04	26	0	1	4	signed	screened	not-divided	Senate/ passed 3rd reading	Social Security Tax Revisions
2137	SB0073	H		1512937	2025-03-06	50	19	1	4	signed	deferred	user-direction: statewide initiative requirements, the Arkansas line says burdens on who may take part in lawmaking carry no honest direction	House/ passed 3rd reading	Statewide Initiatives Amendments
2137	SB0073	S		1512934	2025-01-24	21	7	1	4	signed	screened	not-the-chambers-final-roll	Senate/ passed 3rd reading	Statewide Initiatives Amendments
2137	SB0073	S		1512938	2025-03-06	21	6	1	4	signed	deferred	user-direction: statewide initiative requirements, the Arkansas line says burdens on who may take part in lawmaking carry no honest direction	Senate/ concurs with House amendment	Statewide Initiatives Amendments
2137	SB0074	H		1510336	2025-02-26	67	0	1	4	signed	screened	not-divided	House/ passed 3rd reading	Corrections Modifications
2137	SB0074	S		1510333	2025-02-10	26	0	1	4	signed	screened	not-divided	Senate/ passed 3rd reading	Corrections Modifications
2137	SB0074	S		1510337	2025-02-27	25	0	1	4	signed	screened	not-divided	Senate/ concurs with House amendment	Corrections Modifications
2137	SB0076	H		1510323	2025-02-20	70	0	1	4	signed	screened	not-divided	House/ passed 3rd reading	Marriage Amendments
2137	SB0076	S		1510321	2025-02-05	25	0	1	4	signed	screened	not-divided	Senate/ passed 3rd reading	Marriage Amendments
2137	SB0077	H		1512014	2025-02-20	67	0	1	4	signed	screened	not-divided	House/ passed 3rd reading	Public Safety Animal Amendments
2137	SB0077	S		1512012	2025-02-03	28	0	1	4	signed	screened	not-divided	Senate/ passed 3rd reading	Public Safety Animal Amendments
2137	SB0078	H		1513968	2025-03-05	35	40	0	4	signed	screened	not-the-chambers-final-roll	House/ failed	Homeless Individuals Protection Amendments
2137	SB0078	H		1513970	2025-03-06	43	28	1	4	signed	batch-01	imported	House/ passed 3rd reading	Homeless Individuals Protection Amendments
2137	SB0078	S		1513966	2025-02-12	18	8	1	4	signed	batch-01	imported	Senate/ passed 3rd reading	Homeless Individuals Protection Amendments
2137	SB0079	H		1514426	2025-02-13	71	0	1	4	signed	screened	not-divided	House/ passed 3rd reading	Technical Code Amendments
2137	SB0079	S		1514423	2025-02-04	29	0	1	4	signed	screened	not-divided	Senate/ passed 3rd reading	Technical Code Amendments
2137	SB0079	S		1514427	2025-02-18	26	0	1	4	signed	screened	not-divided	Senate/ concurs with House amendment	Technical Code Amendments
2137	SB0080	H		1515157	2025-02-26	62	7	1	4	signed	screened	not-divided	House/ passed 3rd reading	Water Fee Amendments
2137	SB0080	H		1515158	2025-03-04	60	10	1	4	signed	screened	not-divided	House Conference Committee - Final Passage	Water Fee Amendments
2137	SB0080	S		1515154	2025-02-05	26	0	1	4	signed	screened	not-divided	Senate/ passed 3rd reading	Water Fee Amendments
2137	SB0080	S		1515159	2025-03-04	21	0	1	4	signed	screened	not-divided	Senate Conference Committee - Final Passage	Water Fee Amendments
2137	SB0081	S		1512744	2025-02-03	21	7	1	6	none	screened	not-enacted-status-6	Senate/ passed 3rd reading	Care Provider Abuse Modifications
2137	SB0082	H		1510393	2025-02-26	64	0	1	4	signed	screened	not-divided	House/ passed 3rd reading	Autopsy Photo Amendments
2137	SB0082	S		1510391	2025-02-19	25	1	1	4	signed	screened	not-divided	Senate/ passed 3rd reading	Autopsy Photo Amendments
2137	SB0083	H		1512943	2025-02-26	61	0	1	4	signed	screened	not-divided	House/ passed 3rd reading	Law Enforcement Policy Requirements
2137	SB0083	S		1512941	2025-02-10	25	0	1	4	signed	screened	not-divided	Senate/ passed 3rd reading	Law Enforcement Policy Requirements
2137	SB0086	H		1513438	2025-03-07	50	15	1	4	signed	dropped	filter-3-no-recognizable-subject: the enrolled act strikes 15 and re-inserts 15, so it does not lower the employer threshold its official summary promises; only a definition of sexual harassment changes	House/ passed 3rd reading	Workplace Protection Amendments
2137	SB0086	S		1513436	2025-02-12	25	0	1	4	signed	screened	not-divided	Senate/ passed 3rd reading	Workplace Protection Amendments
2137	SB0087	H		1510371	2025-02-13	70	0	1	4	signed	screened	not-divided	House/ passed 3rd reading	DUI Sentencing Modifications
2137	SB0087	S		1510369	2025-02-03	28	0	1	4	signed	screened	not-divided	Senate/ passed 3rd reading	DUI Sentencing Modifications
2137	SB0088	S		1512587	2025-01-28	27	0	1	6	none	screened	not-divided	Senate/ passed 3rd reading	School Funding for Veterans Day Commemorations
2137	SB0090	H		1512356	2025-03-06	64	2	1	4	signed	screened	not-divided	House/ passed 3rd reading	Mandatory Jail Sentence Amendments
2137	SB0090	S		1512353	2025-02-24	22	0	1	4	signed	screened	not-divided	Senate/ passed 3rd reading	Mandatory Jail Sentence Amendments
2137	SB0090	S		1512357	2025-03-07	23	1	1	4	signed	screened	not-divided	Senate/ concurs with House amendment	Mandatory Jail Sentence Amendments
2137	SB0091	H		1512554	2025-03-07	41	30	1	4	signed	dropped	no-area-fits: authorizes counties to extend the 1% prepared-food tax to convenience stores, gas stations and grocery stores; cost_of_living_reduction is defined as price stability, competition and trade, and no other area reaches a local tax	House/ passed 3rd reading	Restaurant Tax Revisions
2137	SB0091	S		1512552	2025-02-12	28	0	1	4	signed	screened	not-divided	Senate/ passed 3rd reading	Restaurant Tax Revisions
2137	SB0092	S		1512739	2025-02-05	22	4	1	6	none	screened	not-divided	Senate/ passed 3rd reading	Golf Course Amendments
2137	SB0093	S		1512827	2025-02-19	23	0	1	6	none	screened	not-divided	Senate/ passed 3rd reading	Juvenile Justice Career Training Amendments
2137	SB0095	H		1510398	2025-02-19	69	0	1	4	signed	screened	not-divided	House/ passed 3rd reading	Truth in Taxation Amendments
2137	SB0095	S		1510396	2025-02-04	29	0	1	4	signed	screened	not-divided	Senate/ passed 3rd reading	Truth in Taxation Amendments
2137	SB0096	H		1510411	2025-02-19	62	1	1	4	signed	screened	not-divided	House/ passed 3rd reading	Advanced Air Mobility Amendments
2137	SB0096	S		1510409	2025-01-28	25	0	1	4	signed	screened	not-divided	Senate/ passed 3rd reading	Advanced Air Mobility Amendments
2137	SB0098	H		1510423	2025-02-27	70	0	1	4	signed	screened	not-divided	House/ passed 3rd reading	Parental Education on Student Use of Technology Amendments
2137	SB0098	S		1510421	2025-02-10	26	2	1	4	signed	screened	not-divided	Senate/ passed 3rd reading	Parental Education on Student Use of Technology Amendments
2137	SB0099	H		1510446	2025-03-05	58	11	1	4	signed	screened	not-divided	House/ passed 3rd reading	Excellence in Education and Leadership Supplement Amendments
2137	SB0099	S		1510443	2025-01-28	20	8	1	4	signed	screened	not-the-chambers-final-roll	Senate/ passed 3rd reading	Excellence in Education and Leadership Supplement Amendments
2137	SB0099	S		1510447	2025-03-05	22	0	1	4	signed	screened	not-divided	Senate/ concurs with House amendment	Excellence in Education and Leadership Supplement Amendments
2137	SB0100	H		1511593	2025-02-20	69	0	1	4	signed	screened	not-divided	House/ passed 3rd reading	Estate Planning Recodification
2137	SB0100	S		1511591	2025-02-04	24	0	1	4	signed	screened	not-divided	Senate/ passed 3rd reading	Estate Planning Recodification
2137	SB0100	S		1511594	2025-02-21	23	0	1	4	signed	screened	not-divided	Senate/ concurs with House amendment	Estate Planning Recodification
2137	SB0101	H		1513546	2025-02-19	62	0	1	4	signed	screened	not-divided	House/ passed 3rd reading	Dog Related Liability Amendments
2137	SB0101	S		1513544	2025-02-05	28	0	1	4	signed	screened	not-divided	Senate/ passed 3rd reading	Dog Related Liability Amendments
2137	SB0102	H		1513243	2025-03-07	55	12	1	4	signed	screened	not-divided	House/ passed 3rd reading	Public Education Reporting Amendments
2137	SB0102	S		1513241	2025-02-19	19	6	1	4	signed	dropped:not-recognizable	legislative program reviews	Senate/ passed 3rd reading	Public Education Reporting Amendments
2137	SB0104	H		1510453	2025-02-27	70	0	1	4	signed	screened	not-divided	House/ passed 3rd reading	Boundary Line Amendments
2137	SB0104	S		1510451	2025-02-19	24	0	1	4	signed	screened	not-divided	Senate/ passed 3rd reading	Boundary Line Amendments
2137	SB0105	H		1510471	2025-03-07	65	4	1	4	signed	screened	not-divided	House/ passed 3rd reading	Student Privacy and Modesty in Public Education
2137	SB0105	S		1510469	2025-02-24	20	0	1	4	signed	screened	not-divided	Senate/ passed 3rd reading	Student Privacy and Modesty in Public Education
2137	SB0106	H		1514231	2025-03-04	35	40	0	5	vetoed	screened	not-the-chambers-final-roll	House/ failed	Utah-Ireland Trade Commission
2137	SB0106	H		1514232	2025-03-04	63	11	1	5	vetoed	screened	not-divided	House/ passed 3rd reading	Utah-Ireland Trade Commission
2137	SB0106	S		1514229	2025-02-20	22	0	1	5	vetoed	screened	not-divided	Senate/ passed 3rd reading	Utah-Ireland Trade Commission
2137	SB0106	S		1514233	2025-03-05	27	0	1	5	vetoed	screened	not-divided	Senate/ concurs with House amendment	Utah-Ireland Trade Commission
2137	SB0110	H		1510492	2025-02-26	64	0	1	4	signed	screened	not-divided	House/ passed 3rd reading	Summons Modifications
2137	SB0110	S		1510490	2025-02-10	26	0	1	4	signed	screened	not-divided	Senate/ passed 3rd reading	Summons Modifications
2137	SB0113	H		1510506	2025-02-26	66	0	1	4	signed	screened	not-divided	House/ passed 3rd reading	Traffic Code Amendments
2137	SB0113	S		1510504	2025-02-18	24	2	1	4	signed	screened	not-divided	Senate/ passed 3rd reading	Traffic Code Amendments
2137	SB0114	S		1512446	2025-02-05	13	15	0	6	none	screened	not-the-chambers-final-roll	Senate/ failed	Veteran Access to State Parks
2137	SB0114	S		1512447	2025-02-06	17	12	1	6	none	screened	not-enacted-status-6	Senate/ passed 3rd reading	Veteran Access to State Parks
2137	SB0115	H		1510524	2025-02-26	61	8	1	4	signed	screened	not-divided	House/ passed 3rd reading	Substance Use Disorder Revisions
2137	SB0115	S		1510521	2025-02-10	25	0	1	4	signed	screened	not-divided	Senate/ passed 3rd reading	Substance Use Disorder Revisions
2137	SB0115	S		1510525	2025-02-27	25	0	1	4	signed	screened	not-divided	Senate/ concurs with House amendment	Substance Use Disorder Revisions
2137	SB0117	H		1510531	2025-02-21	67	0	1	4	signed	screened	not-divided	House/ passed 3rd reading	Uniform Family Law Arbitration Act
2137	SB0117	S		1510528	2025-02-05	28	0	1	4	signed	screened	not-divided	Senate/ passed 3rd reading	Uniform Family Law Arbitration Act
2137	SB0118	H		1510575	2025-02-20	68	0	1	4	signed	screened	not-divided	House/ passed 3rd reading	Political Party Procedures Amendments
2137	SB0118	S		1510572	2025-02-05	28	0	1	4	signed	screened	not-divided	Senate/ passed 3rd reading	Political Party Procedures Amendments
2137	SB0119	H		1511910	2025-02-27	67	0	1	4	signed	screened	not-divided	House/ passed 3rd reading	Domestic Relations Recodification
2137	SB0119	S		1511906	2025-02-12	26	0	1	4	signed	screened	not-divided	Senate/ passed 3rd reading	Domestic Relations Recodification
2137	SB0119	S		1511911	2025-02-28	25	0	1	4	signed	screened	not-divided	Senate/ concurs with House amendment	Domestic Relations Recodification
2137	SB0120	H		1510591	2025-02-20	70	0	1	4	signed	screened	not-divided	House/ passed 3rd reading	Controlled Substances Modifications
2137	SB0120	S		1510589	2025-02-06	27	0	1	4	signed	screened	not-divided	Senate/ passed 3rd reading	Controlled Substances Modifications
2137	SB0121	H		1514562	2025-03-07	64	3	1	4	signed	screened	not-divided	House/ passed 3rd reading	Property Loss Amendments
2137	SB0121	S		1514560	2025-03-03	23	5	1	4	signed	screened	not-divided	Senate/ passed 3rd reading	Property Loss Amendments
2137	SB0123	H		1510580	2025-02-26	68	0	1	4	signed	screened	not-divided	House/ passed 3rd reading	Criminal Protective Order Amendments
2137	SB0123	S		1510578	2025-02-11	28	0	1	4	signed	screened	not-divided	Senate/ passed 3rd reading	Criminal Protective Order Amendments
2137	SB0124	S		1511292	2025-02-21	13	9	0	6	none	screened	not-the-chambers-final-roll	Senate/ failed	Landscaping Procurement Amendments
2137	SB0124	S		1511294	2025-03-03	17	10	1	6	none	screened	not-enacted-status-6	Senate/ passed 3rd reading	Landscaping Procurement Amendments
2137	SB0126	S		1512560	2025-02-24	19	4	1	6	none	screened	not-divided	Senate/ passed 3rd reading	Airborne Chemicals Amendments
2137	SB0128	H		1511628	2025-03-07	66	0	1	4	signed	screened	not-divided	House/ passed 3rd reading	Assisted Reproduction Amendments
2137	SB0128	S		1511626	2025-02-25	22	0	1	4	signed	screened	not-divided	Senate/ passed 3rd reading	Assisted Reproduction Amendments
2137	SB0129	H		1514860	2025-03-06	70	1	1	4	signed	screened	not-divided	House/ passed 3rd reading	Higher Education Development Areas
2137	SB0129	S		1514855	2025-02-25	25	0	1	4	signed	screened	not-divided	Senate/ passed 3rd reading	Higher Education Development Areas
2137	SB0129	S		1514861	2025-03-06	27	0	1	4	signed	screened	not-divided	Senate/ concurs with House amendment	Higher Education Development Areas
2137	SB0131	S		1512465	2025-02-05	26	0	1	6	none	screened	not-divided	Senate/ passed 3rd reading	Water Commitment Amendments
2137	SB0132	H		1512174	2025-03-07	71	0	1	4	signed	screened	not-divided	House/ passed 3rd reading	Electric Utility Amendments
2137	SB0132	S		1512171	2025-03-03	28	1	1	4	signed	screened	not-divided	Senate/ passed 3rd reading	Electric Utility Amendments
2137	SB0132	S		1512175	2025-03-07	27	0	1	4	signed	screened	not-divided	Senate/ concurs with House amendment	Electric Utility Amendments
2137	SB0133	H		1513091	2025-03-06	70	0	1	4	signed	screened	not-divided	House/ passed 3rd reading	Metal Purchase and Theft Amendments
2137	SB0133	S		1513089	2025-02-21	25	1	1	4	signed	screened	not-divided	Senate/ passed 3rd reading	Metal Purchase and Theft Amendments
2137	SB0134	H		1510629	2025-02-26	69	0	1	4	signed	screened	not-divided	House/ passed 3rd reading	Health Care Decisions Act Amendments
2137	SB0134	S		1510626	2025-02-07	23	1	1	4	signed	screened	not-divided	Senate/ passed 3rd reading	Health Care Decisions Act Amendments
2137	SB0134	S		1510630	2025-02-27	24	1	1	4	signed	screened	not-divided	Senate/ concurs with House amendment	Health Care Decisions Act Amendments
2137	SB0137	H		1512135	2025-03-07	46	23	1	4	signed	dropped:school-choice-precedent	online course program for private school students; school-choice measures carry no stance under the campaign precedent	House/ passed 3rd reading	Course Choice Empowerment
2137	SB0137	S		1512130	2025-02-18	12	13	0	4	signed	screened	not-the-chambers-final-roll	Senate/ failed	Course Choice Empowerment
2137	SB0137	S		1512132	2025-02-28	23	3	1	4	signed	screened	not-divided	Senate/ passed 3rd reading	Course Choice Empowerment
2137	SB0137	S		1512136	2025-03-07	22	4	1	4	signed	screened	not-divided	Senate/ concurs with House amendment	Course Choice Empowerment
2137	SB0139	H		1510651	2025-02-26	65	0	1	4	signed	screened	not-divided	House/ passed 3rd reading	Mineral Rights Amendments
2137	SB0139	S		1510647	2025-02-05	26	0	1	4	signed	screened	not-divided	Senate/ passed 3rd reading	Mineral Rights Amendments
2137	SB0139	S		1510652	2025-02-27	26	0	1	4	signed	screened	not-divided	Senate/ concurs with House amendment	Mineral Rights Amendments
2137	SB0140	H		1513206	2025-03-06	72	0	1	4	signed	screened	not-divided	House/ passed 3rd reading	Law Enforcement DNA Amendments
2137	SB0140	S		1513203	2025-02-12	20	8	1	4	signed	screened	not-the-chambers-final-roll	Senate/ passed 3rd reading	Law Enforcement DNA Amendments
2137	SB0140	S		1513207	2025-03-06	25	1	1	4	signed	screened	not-divided	Senate/ concurs with House amendment	Law Enforcement DNA Amendments
2137	SB0142	H		1511491	2025-03-04	64	3	1	4	signed	screened	not-divided	House/ passed 3rd reading	App Store Accountability Act
2137	SB0142	S		1511488	2025-02-10	24	1	1	4	signed	screened	not-divided	Senate/ passed 3rd reading	App Store Accountability Act
2137	SB0142	S		1511492	2025-03-05	25	1	1	4	signed	screened	not-divided	Senate/ concurs with House amendment	App Store Accountability Act
2137	SB0143	H		1514504	2025-03-06	49	18	1	6	none	screened	not-enacted-status-6	House/ passed 3rd reading	Legislative Activities Amendments
2137	SB0143	S		1514502	2025-02-10	26	0	1	6	none	screened	not-divided	Senate/ passed 3rd reading	Legislative Activities Amendments
2137	SB0144	H		1513297	2025-03-07	69	0	1	4	signed	screened	not-divided	House/ passed 3rd reading	Sexual Crimes Amendments
2137	SB0144	S		1513295	2025-02-26	20	4	1	4	signed	screened	not-divided	Senate/ passed 3rd reading	Sexual Crimes Amendments
2137	SB0144	S		1513298	2025-03-07	24	1	1	4	signed	screened	not-divided	Senate/ concurs with House amendment	Sexual Crimes Amendments
2137	SB0145	H		1510758	2025-02-20	71	0	1	4	signed	screened	not-divided	House/ passed 3rd reading	Technical Senate District Boundary Adjustment
2137	SB0145	S		1510755	2025-02-04	29	0	1	4	signed	screened	not-divided	Senate/ passed 3rd reading	Technical Senate District Boundary Adjustment
2137	SB0146	H		1514444	2025-03-04	71	0	1	4	signed	screened	not-divided	House/ passed 3rd reading	Glucagon Amendments
2137	SB0146	S		1514442	2025-02-05	27	0	1	4	signed	screened	not-divided	Senate/ passed 3rd reading	Glucagon Amendments
2137	SB0147	H		1510747	2025-02-24	70	0	1	4	signed	screened	not-divided	House/ passed 3rd reading	Youth Service Organizations Amendments
2137	SB0147	S		1510744	2025-02-05	28	0	1	4	signed	screened	not-divided	Senate/ passed 3rd reading	Youth Service Organizations Amendments
2137	SB0148	S		1513351	2025-03-04	26	0	1	6	none	screened	not-divided	Senate/ passed 2nd & 3rd readings/ suspension	Court Fees and Administration Amendments
2137	SB0149	H		1512024	2025-03-07	63	9	1	4	signed	screened	not-divided	House/ passed 3rd reading	Natural Resources Modifications
2137	SB0149	H		1512025	2025-03-07	53	1	1	4	signed	screened	not-divided	House Conference Committee - Final Passage	Natural Resources Modifications
2137	SB0149	S		1512023	2025-02-10	27	0	1	4	signed	screened	not-divided	Senate/ passed 3rd reading	Natural Resources Modifications
2137	SB0149	S		1512026	2025-03-07	16	11	1	4	signed	dropped:not-recognizable	registration of hunting guides and outfitters	Senate Conference Committee - Final Passage	Natural Resources Modifications
2137	SB0150	H		1510763	2025-02-26	61	0	1	4	signed	screened	not-divided	House/ passed 3rd reading	Nonpublic Personal Information Amendments
2137	SB0150	S		1510761	2025-02-12	28	0	1	4	signed	screened	not-divided	Senate/ passed 3rd reading	Nonpublic Personal Information Amendments
2137	SB0151	H		1510775	2025-02-18	73	0	1	4	signed	screened	not-divided	House/ passed 3rd reading	Income Tax Contributions Amendments
2137	SB0151	S		1510771	2025-02-06	27	0	1	4	signed	screened	not-divided	Senate/ passed 3rd reading	Income Tax Contributions Amendments
2137	SB0151	S		1510776	2025-02-19	25	0	1	4	signed	screened	not-divided	Senate/ concurs with House amendment	Income Tax Contributions Amendments
2137	SB0154	H		1513034	2025-03-07	75	0	1	4	signed	screened	not-divided	House/ passed 3rd reading	Legislative Audit Amendments
2137	SB0154	S		1513031	2025-02-24	26	0	1	4	signed	screened	not-divided	Senate/ passed 3rd reading	Legislative Audit Amendments
2137	SB0154	S		1513035	2025-03-07	20	5	1	4	signed	dropped:not-recognizable	legislative auditor access to certain tax records; internal audit procedure	Senate/ concurs with House amendment	Legislative Audit Amendments
2137	SB0156	S		1512278	2025-03-05	13	14	0	6	none	screened	not-enacted-status-6	Senate/ failed	Pari-mutuel Horse Racing
2137	SB0157	H		1513634	2025-03-04	75	0	1	4	signed	screened	not-divided	House/ passed 3rd reading	Nonjudicial Adjustment Amendments
2137	SB0157	S		1513632	2025-02-12	29	0	1	4	signed	screened	not-divided	Senate/ passed 3rd reading	Nonjudicial Adjustment Amendments
2137	SB0158	H		1512955	2025-03-07	71	0	1	4	signed	screened	not-divided	House/ passed 3rd reading	Sale or Lease of Federally Managed Public Land Amendments
2137	SB0158	S		1512953	2025-02-07	22	0	1	4	signed	screened	not-divided	Senate/ passed 3rd reading	Sale or Lease of Federally Managed Public Land Amendments
2137	SB0159	H		1510800	2025-02-26	69	0	1	4	signed	screened	not-divided	House/ passed 3rd reading	Environmental Quality Modifications
2137	SB0159	S		1510798	2025-02-11	28	0	1	4	signed	screened	not-divided	Senate/ passed 3rd reading	Environmental Quality Modifications
2137	SB0161	H		1510814	2025-03-05	59	13	1	4	signed	screened	not-divided	House/ passed 3rd reading	Cultural and Community Engagement Amendments
2137	SB0161	S		1510812	2025-02-18	27	0	1	4	signed	screened	not-divided	Senate/ passed 3rd reading	Cultural and Community Engagement Amendments
2137	SB0162	H		1510825	2025-03-04	68	0	1	4	signed	screened	not-divided	House/ passed 3rd reading	Talent Connect
2137	SB0162	S		1510823	2025-02-12	27	0	1	4	signed	screened	not-divided	Senate/ passed 3rd reading	Talent Connect
2137	SB0163	S		1513986	2025-02-24	19	5	1	6	none	screened	not-enacted-status-6	Senate/ passed 3rd reading	Government Records Amendments
2137	SB0164	H		1515178	2025-03-07	74	0	1	4	signed	screened	not-divided	House/ passed 3rd reading	Modifications to Election Law
2137	SB0164	S		1515175	2025-02-24	20	2	1	4	signed	screened	not-divided	Senate/ passed 3rd reading	Modifications to Election Law
2137	SB0164	S		1515179	2025-03-07	26	0	1	4	signed	screened	not-divided	Senate/ concurs with House amendment	Modifications to Election Law
2137	SB0165	H		1512927	2025-03-06	56	17	1	4	signed	batch-03	imported 2026-09-10, run 06:20:32.472Z	House/ passed 3rd reading	Municipal Broadband Service Amendments
2137	SB0165	S		1512925	2025-02-20	26	0	1	4	signed	screened	not-divided	Senate/ passed 3rd reading	Municipal Broadband Service Amendments
2137	SB0165	S		1512928	2025-03-06	28	0	1	4	signed	screened	not-divided	Senate/ concurs with House amendment	Municipal Broadband Service Amendments
2137	SB0166	H		1510831	2025-02-27	62	2	1	4	signed	screened	not-divided	House/ passed 3rd reading	Point of the Mountain State Land Authority Amendments
2137	SB0166	S		1510829	2025-02-19	25	0	1	4	signed	screened	not-divided	Senate/ passed 3rd reading	Point of the Mountain State Land Authority Amendments
2137	SB0169	H		1514788	2025-03-06	71	0	1	4	signed	screened	not-divided	House/ passed 3rd reading	Governmental Immunity Act Amendments
2137	SB0169	S		1514786	2025-02-11	27	0	1	4	signed	screened	not-divided	Senate/ passed 3rd reading	Governmental Immunity Act Amendments
2137	SB0170	H		1510850	2025-03-05	72	0	1	4	signed	screened	not-divided	House/ passed 3rd reading	School Discipline Amendments
2137	SB0170	S		1510846	2025-02-12	28	0	1	4	signed	screened	not-divided	Senate/ passed 3rd reading	School Discipline Amendments
2137	SB0170	S		1510851	2025-03-05	27	0	1	4	signed	screened	not-divided	Senate/ concurs with House amendment	School Discipline Amendments
2137	SB0171	H		1510870	2025-03-05	71	0	1	4	signed	screened	not-divided	House/ passed 3rd reading	Indigent Defense Amendments
2137	SB0171	S		1510865	2025-02-14	23	0	1	4	signed	screened	not-divided	Senate/ passed 3rd reading	Indigent Defense Amendments
2137	SB0171	S		1510871	2025-03-05	27	0	1	4	signed	screened	not-divided	Senate/ concurs with House amendment	Indigent Defense Amendments
2137	SB0172	H		1510856	2025-02-26	61	0	1	4	signed	screened	not-divided	House/ passed 3rd reading	Local Health Department Amendments
2137	SB0172	S		1510854	2025-02-11	27	0	1	4	signed	screened	not-divided	Senate/ passed 3rd reading	Local Health Department Amendments
2137	SB0174	H		1510861	2025-02-27	67	0	1	4	signed	screened	not-divided	House/ passed 3rd reading	Transit and Transportation Governance Amendments
2137	SB0174	S		1510859	2025-02-12	26	0	1	4	signed	screened	not-divided	Senate/ passed 3rd reading	Transit and Transportation Governance Amendments
2137	SB0177	H		1510879	2025-02-26	66	0	1	4	signed	screened	not-divided	House/ passed 3rd reading	Child Welfare Amendments
2137	SB0177	S		1510875	2025-02-12	26	0	1	4	signed	screened	not-divided	Senate/ passed 3rd reading	Child Welfare Amendments
2137	SB0177	S		1510880	2025-02-27	27	0	1	4	signed	screened	not-divided	Senate/ concurs with House amendment	Child Welfare Amendments
2137	SB0178	H		1510892	2025-02-27	68	1	1	4	signed	screened	not-divided	House/ passed 3rd reading	Devices in Public Schools
2137	SB0178	S		1510890	2025-02-12	22	2	1	4	signed	screened	not-divided	Senate/ passed 3rd reading	Devices in Public Schools
2137	SB0179	H		1514397	2025-03-06	69	0	1	4	signed	screened	not-divided	House/ passed 3rd reading	Local Regulation of Business Entities Amendments
2137	SB0179	S		1514395	2025-02-24	23	0	1	4	signed	screened	not-divided	Senate/ passed 3rd reading	Local Regulation of Business Entities Amendments
2137	SB0180	H		1510911	2025-02-26	66	0	1	4	signed	screened	not-divided	House/ passed 3rd reading	Law Enforcement Usage of Artificial Intelligence
2137	SB0180	S		1510909	2025-02-19	23	0	1	4	signed	screened	not-divided	Senate/ passed 3rd reading	Law Enforcement Usage of Artificial Intelligence
2137	SB0181	H		1514908	2025-03-06	50	20	1	4	signed	batch-02	imported	House/ passed 3rd reading	Housing Affordability Amendments
2137	SB0181	S		1514906	2025-02-24	22	0	1	4	signed	screened	not-divided	Senate/ passed 3rd reading	Housing Affordability Amendments
2137	SB0182	H		1514982	2025-03-05	21	49	0	6	none	screened	not-enacted-status-6	House/ failed	Homeless Services Modifications
2137	SB0182	S		1514979	2025-02-11	27	0	1	6	none	screened	not-divided	Senate/ passed 3rd reading	Homeless Services Modifications
2137	SB0183	S		1511343	2025-02-24	25	0	1	6	none	screened	not-divided	Senate/ passed 3rd reading	Inmate Amendments
2137	SB0185	H		1514687	2025-03-06	69	0	1	4	signed	screened	not-divided	House/ passed 3rd reading	Compensatory Service in Lieu of Fine Amendments
2137	SB0185	S		1514685	2025-02-24	22	0	1	4	signed	screened	not-divided	Senate/ passed 3rd reading	Compensatory Service in Lieu of Fine Amendments
2137	SB0186	H		1513835	2025-03-07	69	0	1	6	none	screened	not-divided	House/ passed 3rd reading	Tobacco and Electronic Cigarette Amendments
2137	SB0186	S		1513834	2025-02-04	28	1	1	6	none	screened	not-divided	Senate/ passed 2nd & 3rd readings/ suspension	Tobacco and Electronic Cigarette Amendments
2137	SB0187	H		1513710	2025-03-07	60	11	1	4	signed	screened	not-divided	House/ passed 3rd reading	Throughput Infrastructure Funding Amendments
2137	SB0187	S		1513707	2025-02-11	25	0	1	4	signed	screened	not-divided	Senate/ passed 3rd reading	Throughput Infrastructure Funding Amendments
2137	SB0187	S		1513711	2025-03-07	22	5	1	4	signed	screened	not-divided	Senate/ concurs with House amendment	Throughput Infrastructure Funding Amendments
2137	SB0188	H		1514543	2025-03-06	70	0	1	4	signed	screened	not-divided	House/ passed 3rd reading	School District Modifications
2137	SB0188	H		1514544	2025-03-07	68	0	1	4	signed	screened	not-divided	House Conference Committee - Final Passage	School District Modifications
2137	SB0188	S		1514538	2025-02-12	25	0	1	4	signed	screened	not-divided	Senate/ passed 3rd reading	School District Modifications
2137	SB0188	S		1514545	2025-03-07	24	0	1	4	signed	screened	not-divided	Senate Conference Committee - Final Passage	School District Modifications
2137	SB0189	H		1512347	2025-03-06	22	48	0	6	none	screened	not-enacted-status-6	House/ failed	Child Care Services Amendments
2137	SB0189	S		1512344	2025-02-19	17	7	1	6	none	screened	not-enacted-status-6	Senate/ passed 3rd reading	Child Care Services Amendments
2137	SB0190	H		1510946	2025-02-26	66	0	1	4	signed	screened	not-divided	House/ passed 3rd reading	Workers' Compensation Modifications
2137	SB0190	S		1510944	2025-02-12	26	0	1	4	signed	screened	not-divided	Senate/ passed 3rd reading	Workers' Compensation Modifications
2137	SB0191	H		1512184	2025-03-07	67	0	1	4	signed	screened	not-divided	House/ passed 3rd reading	Protective Orders Amendments
2137	SB0191	S		1512182	2025-02-14	23	2	1	4	signed	screened	not-divided	Senate/ passed 3rd reading	Protective Orders Amendments
2137	SB0192	H		1512033	2025-03-06	63	8	1	4	signed	screened	not-divided	House/ passed 3rd reading	Commercial Wind and Solar Incentives Amendments
2137	SB0192	S		1512030	2025-02-11	23	3	1	4	signed	screened	not-divided	Senate/ passed 3rd reading	Commercial Wind and Solar Incentives Amendments
2137	SB0192	S		1512034	2025-03-06	25	1	1	4	signed	screened	not-divided	Senate/ concurs with House amendment	Commercial Wind and Solar Incentives Amendments
2137	SB0193	S		1512540	2025-02-19	25	0	1	6	none	screened	not-divided	Senate/ passed 3rd reading	Medicaid Provider Reimbursement Amendments
2137	SB0194	H		1511312	2025-03-06	65	0	1	4	signed	screened	not-divided	House/ passed 3rd reading	Defendant Access to Evidence Amendments
2137	SB0194	S		1511309	2025-02-24	21	0	1	4	signed	screened	not-divided	Senate/ passed 3rd reading	Defendant Access to Evidence Amendments
2137	SB0195	H		1511990	2025-03-04	60	14	1	4	signed	screened	not-divided	House/ passed 3rd reading	Transportation Amendments
2137	SB0195	H		1511991	2025-03-06	61	9	1	4	signed	screened	not-divided	House Conference Committee - Final Passage	Transportation Amendments
2137	SB0195	S		1511987	2025-02-20	19	6	1	4	signed	screened	not-the-chambers-final-roll	Senate/ passed 3rd reading	Transportation Amendments
2137	SB0195	S		1511992	2025-03-06	20	2	1	4	signed	screened	not-divided	Senate Conference Committee - Final Passage	Transportation Amendments
2137	SB0196	H		1510956	2025-02-26	70	0	1	4	signed	screened	not-divided	House/ passed 3rd reading	Physical Therapist Practice Amendments
2137	SB0196	S		1510954	2025-02-12	28	0	1	4	signed	screened	not-divided	Senate/ passed 3rd reading	Physical Therapist Practice Amendments
2137	SB0197	H		1511382	2025-03-07	42	32	1	5	vetoed	screened	vetoed	House/ passed 3rd reading	Property Tax Amendments
2137	SB0197	S		1511379	2025-02-24	15	10	1	5	vetoed	screened	not-the-chambers-final-roll	Senate/ passed 3rd reading	Property Tax Amendments
2137	SB0197	S		1511383	2025-03-07	18	7	1	5	vetoed	screened	vetoed	Senate/ concurs with House amendment	Property Tax Amendments
2137	SB0198	H		1510963	2025-02-24	64	0	1	4	signed	screened	not-divided	House/ passed 3rd reading	Federal Guidance Letter Amendments
2137	SB0198	S		1510959	2025-02-12	26	0	1	4	signed	screened	not-divided	Senate/ passed 3rd reading	Federal Guidance Letter Amendments
2137	SB0198	S		1510964	2025-02-25	20	0	1	4	signed	screened	not-divided	Senate/ concurs with House amendment	Federal Guidance Letter Amendments
2137	SB0199	H		1512311	2025-03-06	69	0	1	4	signed	screened	not-divided	House/ passed 3rd reading	Guardianship Amendments
2137	SB0199	S		1512309	2025-02-24	23	1	1	4	signed	screened	not-divided	Senate/ passed 3rd reading	Guardianship Amendments
2137	SB0200	H		1515132	2025-03-06	73	0	1	4	signed	screened	not-divided	House/ passed 3rd reading	Watercraft Amendments
2137	SB0200	S		1515130	2025-02-20	22	0	1	4	signed	screened	not-divided	Senate/ passed 3rd reading	Watercraft Amendments
2137	SB0201	H		1510970	2025-03-06	54	17	1	4	signed	dropped:mixed	lets associations set minimum lease terms (limits rentals) while capping rental fees; strands point different ways	House/ passed 3rd reading	Real Estate Amendments
2137	SB0201	S		1510968	2025-02-18	27	0	1	4	signed	screened	not-divided	Senate/ passed 3rd reading	Real Estate Amendments
2137	SB0202	H		1510988	2025-03-04	70	1	1	4	signed	screened	not-divided	House/ passed 3rd reading	Property Tax Revisions
2137	SB0202	S		1510985	2025-02-19	23	0	1	4	signed	screened	not-divided	Senate/ passed 3rd reading	Property Tax Revisions
2137	SB0202	S		1510989	2025-03-05	26	0	1	4	signed	screened	not-divided	Senate/ concurs with House amendment	Property Tax Revisions
2137	SB0203	H		1510998	2025-03-06	59	13	1	4	signed	screened	not-divided	House/ passed 3rd reading	Judicial Standing Amendments
2137	SB0203	S		1510994	2025-02-20	22	7	1	4	signed	screened	not-the-chambers-final-roll	Senate/ passed 3rd reading	Judicial Standing Amendments
2137	SB0203	S		1510999	2025-03-06	17	6	1	4	signed	dropped:no-area	limits who has standing to sue; legal procedure areas are barred on roll-call records	Senate/ concurs with House amendment	Judicial Standing Amendments
2137	SB0204	H		1512720	2025-03-06	60	12	1	4	signed	screened	not-divided	House/ passed 3rd reading	Right to Appeal Amendments
2137	SB0204	S		1512717	2025-02-20	20	6	1	4	signed	screened	not-the-chambers-final-roll	Senate/ passed 3rd reading	Right to Appeal Amendments
2137	SB0204	S		1512721	2025-03-06	16	6	1	4	signed	dropped:no-area	immediate appeals of injunctions against state laws; legal procedure	Senate/ concurs with House amendment	Right to Appeal Amendments
2137	SB0206	H		1512407	2025-03-06	68	0	1	4	signed	screened	not-divided	House/ passed 3rd reading	Estate Planning Amendments
2137	SB0206	S		1512405	2025-02-14	22	0	1	4	signed	screened	not-divided	Senate/ passed 3rd reading	Estate Planning Amendments
2137	SB0207	H		1511935	2025-03-06	69	0	1	4	signed	screened	not-divided	House/ passed 3rd reading	Local Impact Mitigation Amendments
2137	SB0207	S		1511933	2025-02-19	25	0	1	4	signed	screened	not-divided	Senate/ passed 3rd reading	Local Impact Mitigation Amendments
2137	SB0207	S		1511936	2025-03-07	25	0	1	4	signed	screened	not-divided	Senate/ concurs with House amendment	Local Impact Mitigation Amendments
2137	SB0208	S		1512141	2025-02-19	23	0	1	6	none	screened	not-divided	Senate/ passed 3rd reading	Parent-time and Custody Amendments
2137	SB0209	H		1514882	2025-03-07	71	0	1	4	signed	screened	not-divided	House/ passed 3rd reading	Emergency Medical Services
2137	SB0209	S		1514879	2025-02-24	25	0	1	4	signed	screened	not-divided	Senate/ passed 3rd reading	Emergency Medical Services
2137	SB0209	S		1514883	2025-03-07	27	0	1	4	signed	screened	not-divided	Senate/ concurs with House amendment	Emergency Medical Services
2137	SB0210	S		1513144	2025-02-18	26	0	1	6	none	screened	not-divided	Senate/ passed 3rd reading	Motor Vehicle Registration Services Amendments
2137	SB0212	S		1512524	2025-02-18	11	13	0	6	none	screened	not-enacted-status-6	Senate/ failed	Motor Assisted Transportation Devices Amendments
2137	SB0213	H		1511025	2025-03-07	72	0	1	4	signed	screened	not-divided	House/ passed 3rd reading	Sales and Use Tax Modifications
2137	SB0213	S		1511023	2025-02-24	23	0	1	4	signed	screened	not-divided	Senate/ passed 3rd reading	Sales and Use Tax Modifications
2137	SB0214	S		1514130	2025-02-25	17	8	1	6	none	screened	not-enacted-status-6	Senate/ passed 3rd reading	Health Insurance Coverage Amendments
2137	SB0215	H		1513763	2025-03-07	72	0	1	4	signed	screened	not-divided	House/ passed 3rd reading	Emergency Medical Services Modifications
2137	SB0215	S		1513759	2025-02-19	25	0	1	4	signed	screened	not-divided	Senate/ passed 3rd reading	Emergency Medical Services Modifications
2137	SB0215	S		1513764	2025-03-07	26	0	1	4	signed	screened	not-divided	Senate/ concurs with House amendment	Emergency Medical Services Modifications
2137	SB0216	H		1514848	2025-03-04	59	11	1	4	signed	screened	not-divided	House/ passed 3rd reading	Environmental Quality Amendments
2137	SB0216	S		1514845	2025-02-19	20	2	1	4	signed	screened	not-divided	Senate/ passed 3rd reading	Environmental Quality Amendments
2137	SB0216	S		1514849	2025-03-05	22	4	1	4	signed	screened	not-divided	Senate/ concurs with House amendment	Environmental Quality Amendments
2137	SB0217	H		1511759	2025-03-03	64	0	1	4	signed	screened	not-divided	House/ passed 3rd reading	Recycling and Waste Amendments
2137	SB0217	S		1511756	2025-02-24	25	0	1	4	signed	screened	not-divided	Senate/ passed 3rd reading	Recycling and Waste Amendments
2137	SB0219	H		1511031	2025-03-05	72	0	1	4	signed	screened	not-divided	House/ passed 3rd reading	Financial Institution Tax Amendments
2137	SB0219	S		1511029	2025-02-25	22	0	1	4	signed	screened	not-divided	Senate/ passed 3rd reading	Financial Institution Tax Amendments
2137	SB0220	H		1512391	2025-03-07	66	0	1	4	signed	screened	not-divided	House/ passed 3rd reading	Construction Modifications
2137	SB0220	S		1512389	2025-02-24	21	0	1	4	signed	screened	not-divided	Senate/ passed 3rd reading	Construction Modifications
2137	SB0220	S		1512392	2025-03-07	24	0	1	4	signed	screened	not-divided	Senate/ concurs with House amendment	Construction Modifications
2137	SB0221	H		1512734	2025-03-05	28	43	0	6	none	screened	not-enacted-status-6	House/ failed	Child Care Revisions
2137	SB0221	S		1512733	2025-02-28	24	3	1	6	none	screened	not-divided	Senate/ passed 3rd reading	Child Care Revisions
2137	SB0222	S		1512157	2025-03-04	26	2	1	6	none	screened	not-divided	Senate/ passed 2nd & 3rd readings/ suspension	Vehicle Emission Inspection Program Revisions
2137	SB0223	H		1513249	2025-03-07	69	0	1	4	signed	screened	not-divided	House/ passed 3rd reading	Public Education Bullying Amendments
2137	SB0223	S		1513247	2025-02-25	25	0	1	4	signed	screened	not-divided	Senate/ passed 3rd reading	Public Education Bullying Amendments
2137	SB0226	H		1512240	2025-03-07	69	0	1	4	signed	screened	not-divided	House/ passed 3rd reading	Artificial Intelligence Consumer Protection Amendments
2137	SB0226	S		1512238	2025-02-24	24	0	1	4	signed	screened	not-divided	Senate/ passed 3rd reading	Artificial Intelligence Consumer Protection Amendments
2137	SB0227	S		1512114	2025-03-04	26	0	1	6	none	screened	not-divided	Senate/ passed 3rd reading	Electricity Supply Amendments
2137	SB0228	H		1514808	2025-03-07	68	0	1	4	signed	screened	not-divided	House/ passed 3rd reading	Health Care Services Platforms
2137	SB0228	S		1514806	2025-02-24	23	0	1	4	signed	screened	not-divided	Senate/ passed 3rd reading	Health Care Services Platforms
2137	SB0229	H		1511054	2025-02-27	66	1	1	4	signed	screened	not-divided	House/ passed 3rd reading	Organ Donor Amendments
2137	SB0229	S		1511051	2025-02-19	21	4	1	4	signed	screened	not-divided	Senate/ passed 3rd reading	Organ Donor Amendments
2137	SB0230	H		1511060	2025-03-05	69	2	1	4	signed	screened	not-divided	House/ passed 3rd reading	Utah Resident Terminology Amendments
2137	SB0230	S		1511057	2025-02-19	26	0	1	4	signed	screened	not-divided	Senate/ passed 3rd reading	Utah Resident Terminology Amendments
2137	SB0233	H		1514497	2025-03-06	72	0	1	4	signed	screened	not-divided	House/ passed 3rd reading	Probate Amendments
2137	SB0233	S		1514495	2025-02-24	25	0	1	4	signed	screened	not-divided	Senate/ passed 3rd reading	Probate Amendments
2137	SB0234	H		1515030	2025-03-07	68	0	1	4	signed	screened	not-divided	House/ passed 3rd reading	Severance Amendments
2137	SB0234	H		1515031	2025-03-07	65	0	1	4	signed	screened	not-divided	House/ passed 3rd reading	Severance Amendments
2137	SB0234	S		1515027	2025-02-24	25	3	1	4	signed	screened	not-divided	Senate/ passed 3rd reading	Severance Amendments
2137	SB0234	S		1515032	2025-03-07	19	5	1	4	signed	dropped:not-recognizable	mining exploration severance tax credit	Senate/ concurs with House amendment	Severance Amendments
2137	SB0237	H		1511076	2025-03-04	69	0	1	4	signed	screened	not-divided	House/ passed 3rd reading	Utah Communications Authority Amendments
2137	SB0237	S		1511074	2025-02-24	25	0	1	4	signed	screened	not-divided	Senate/ passed 3rd reading	Utah Communications Authority Amendments
2137	SB0238	H		1511066	2025-02-26	65	0	1	4	signed	screened	not-divided	House/ passed 3rd reading	Abandoned Aircraft Amendments
2137	SB0238	S		1511063	2025-02-19	23	0	1	4	signed	screened	not-divided	Senate/ passed 3rd reading	Abandoned Aircraft Amendments
2137	SB0239	H		1511082	2025-02-27	63	2	1	4	signed	screened	not-divided	House/ passed 3rd reading	Inland Port Authority Amendments
2137	SB0239	S		1511080	2025-02-19	24	0	1	4	signed	screened	not-divided	Senate/ passed 3rd reading	Inland Port Authority Amendments
2137	SB0240	S		1514452	2025-02-25	21	3	1	6	none	screened	not-divided	Senate/ passed 3rd reading	Congregate Care Modifications
2137	SB0241	H		1511094	2025-03-04	58	14	1	4	signed	screened	not-divided	House/ passed 3rd reading	Limited Purpose Local Government Amendments
2137	SB0241	S		1511092	2025-02-24	22	4	1	4	signed	screened	not-divided	Senate/ passed 3rd reading	Limited Purpose Local Government Amendments
2137	SB0241	S		1511095	2025-03-05	25	2	1	4	signed	screened	not-divided	Senate/ concurs with House amendment	Limited Purpose Local Government Amendments
2137	SB0242	H		1511104	2025-03-05	68	0	1	4	signed	screened	not-divided	House/ passed 3rd reading	Public Employees' Benefit and Insurance Program Modifications
2137	SB0242	S		1511102	2025-02-24	23	0	1	4	signed	screened	not-divided	Senate/ passed 3rd reading	Public Employees' Benefit and Insurance Program Modifications
2137	SB0243	S		1515142	2025-02-24	21	4	1	6	none	screened	not-divided	Senate/ passed 3rd reading	Law Enforcement Quota Amendments
2137	SB0243	S		1515143	2025-03-03	27	1	1	6	none	screened	not-divided	Senate/ passed 3rd reading	Law Enforcement Quota Amendments
2137	SB0245	H		1514957	2025-03-07	65	0	1	4	signed	screened	not-divided	House/ passed 3rd reading	PEHP Amendments
2137	SB0245	S		1514953	2025-02-24	25	0	1	4	signed	screened	not-divided	Senate/ passed 3rd reading	PEHP Amendments
2137	SB0245	S		1514958	2025-03-07	26	0	1	4	signed	screened	not-divided	Senate/ concurs with House amendment	PEHP Amendments
2137	SB0246	S		1512773	2025-02-24	24	0	1	6	none	screened	not-divided	Senate/ passed 3rd reading	Medicaid Reimbursement Rate Modifications
2137	SB0249	H		1512824	2025-03-07	66	4	1	4	signed	screened	not-divided	House/ passed 3rd reading	Student Integration Amendments
2137	SB0249	S		1512822	2025-02-25	22	0	1	4	signed	screened	not-divided	Senate/ passed 3rd reading	Student Integration Amendments
2137	SB0250	H		1514377	2025-03-07	66	2	1	4	signed	screened	not-divided	House/ passed 3rd reading	Community Development Modifications
2137	SB0250	S		1514374	2025-02-24	24	0	1	4	signed	screened	not-divided	Senate/ passed 3rd reading	Community Development Modifications
2137	SB0250	S		1514378	2025-03-07	25	0	1	4	signed	screened	not-divided	Senate/ concurs with House amendment	Community Development Modifications
2137	SB0251	H		1511131	2025-03-05	67	0	1	4	signed	screened	not-divided	House/ passed 3rd reading	Commercial Vehicle Registration Amendments
2137	SB0251	S		1511128	2025-02-20	21	0	1	4	signed	screened	not-divided	Senate/ passed 3rd reading	Commercial Vehicle Registration Amendments
2137	SB0251	S		1511132	2025-03-05	23	0	1	4	signed	screened	not-divided	Senate/ concurs with House amendment	Commercial Vehicle Registration Amendments
2137	SB0252	S		1513233	2025-02-27	25	0	1	6	none	screened	not-divided	Senate/ passed 3rd reading	Digital Information Seizure Amendments
2137	SB0253	H		1511547	2025-03-07	73	0	1	4	signed	screened	not-divided	House/ passed 3rd reading	Railroad and Transportation Amendments
2137	SB0253	S		1511545	2025-02-24	15	4	1	4	signed	screened	not-the-chambers-final-roll	Senate/ passed 3rd reading	Railroad and Transportation Amendments
2137	SB0253	S		1511548	2025-03-07	19	8	1	4	signed	dropped:not-recognizable	rail ombudsman duties	Senate/ concurs with House amendment	Railroad and Transportation Amendments
2137	SB0254	H		1513540	2025-03-07	72	0	1	6	none	screened	not-divided	House/ passed 3rd reading	State Grant Revisions
2137	SB0254	S		1513538	2025-02-19	25	0	1	6	none	screened	not-divided	Senate/ passed 3rd reading	State Grant Revisions
2137	SB0255	H		1513678	2025-03-07	67	0	1	4	signed	screened	not-divided	House/ passed 3rd reading	Line-of-Duty Death Benefit Amendments
2137	SB0255	S		1513675	2025-02-25	23	0	1	4	signed	screened	not-divided	Senate/ passed 3rd reading	Line-of-Duty Death Benefit Amendments
2137	SB0255	S		1513679	2025-03-07	28	0	1	4	signed	screened	not-divided	Senate/ concurs with House amendment	Line-of-Duty Death Benefit Amendments
2137	SB0256	H		1512616	2025-03-05	71	0	1	4	signed	screened	not-divided	House/ passed 3rd reading	General Government and Appropriations Amendments
2137	SB0256	S		1512613	2025-02-25	24	0	1	4	signed	screened	not-divided	Senate/ passed 3rd reading	General Government and Appropriations Amendments
2137	SB0256	S		1512617	2025-03-06	25	0	1	4	signed	screened	not-divided	Senate/ concurs with House amendment	General Government and Appropriations Amendments
2137	SB0259	H		1514651	2025-03-07	67	6	1	4	signed	screened	not-divided	House/ passed 3rd reading	State Holy Days
2137	SB0259	S		1514649	2025-02-26	23	0	1	4	signed	screened	not-divided	Senate/ passed 3rd reading	State Holy Days
2137	SB0260	H		1511140	2025-03-04	68	0	1	4	signed	screened	not-divided	House/ passed 3rd reading	Individual Digital Identity Amendments
2137	SB0260	S		1511138	2025-02-24	25	0	1	4	signed	screened	not-divided	Senate/ passed 3rd reading	Individual Digital Identity Amendments
2137	SB0261	H		1512604	2025-03-07	72	0	1	4	signed	screened	not-divided	House/ passed 3rd reading	Tourism Related Tax Reporting Amendments
2137	SB0261	S		1512602	2025-02-24	23	0	1	4	signed	screened	not-divided	Senate/ passed 3rd reading	Tourism Related Tax Reporting Amendments
2137	SB0262	H		1512583	2025-03-05	45	22	1	4	signed	batch-03	imported 2026-09-10, run 06:20:32.472Z	House/ passed 3rd reading	Housing Affordability Modifications
2137	SB0262	S		1512580	2025-03-03	26	1	1	4	signed	screened	not-divided	Senate/ passed 3rd reading	Housing Affordability Modifications
2137	SB0262	S		1512584	2025-03-06	24	0	1	4	signed	screened	not-divided	Senate/ concurs with House amendment	Housing Affordability Modifications
2137	SB0263	H		1513304	2025-03-06	69	0	1	4	signed	screened	not-divided	House/ passed 3rd reading	Revisor's Corrections to Utah Code - Title 10
2137	SB0263	S		1513303	2025-02-25	25	0	1	4	signed	screened	not-divided	Senate/ passed 3rd reading	Revisor's Corrections to Utah Code - Title 10
2137	SB0264	S		1513343	2025-02-25	23	0	1	6	none	screened	not-divided	Senate/ passed 3rd reading	Higher Education Certification Amendments
2137	SB0265	H		1513216	2025-03-07	55	10	1	4	signed	screened	not-divided	House/ passed 3rd reading	Utah Constitutional Sovereignty Act Amendments
2137	SB0265	S		1513214	2025-02-24	22	1	1	4	signed	screened	not-divided	Senate/ passed 3rd reading	Utah Constitutional Sovereignty Act Amendments
2137	SB0266	H		1514137	2025-03-07	59	7	1	4	signed	screened	not-divided	House/ passed 3rd reading	Ethylene Oxide Litigation Amendments
2137	SB0266	S		1514135	2025-02-24	21	2	1	4	signed	screened	not-divided	Senate/ passed 3rd reading	Ethylene Oxide Litigation Amendments
2137	SB0268	H		1513150	2025-03-05	39	32	1	4	signed	dropped:no-area	closed meetings are narrow child-welfare privacy; main strand is a legislature-vs-State-Board-of-Education rule delay with no research area	House/ passed 3rd reading	Rules Review and General Oversight Committee Amendments
2137	SB0268	S		1513148	2025-02-24	25	0	1	4	signed	screened	not-divided	Senate/ passed 3rd reading	Rules Review and General Oversight Committee Amendments
2137	SB0268	S		1513151	2025-03-06	18	4	1	4	signed	screened	not-divided	Senate/ concurs with House amendment	Rules Review and General Oversight Committee Amendments
2137	SB0269	H		1512535	2025-03-03	68	0	1	4	signed	screened	not-divided	House/ passed 3rd reading	Telecommunications Amendments
2137	SB0269	S		1512532	2025-02-24	21	2	1	4	signed	screened	not-divided	Senate/ passed 3rd reading	Telecommunications Amendments
2137	SB0271	H		1511401	2025-03-07	70	0	1	4	signed	screened	not-divided	House/ passed 3rd reading	Unauthorized Artificial Intelligence Impersonation Amendments
2137	SB0271	S		1511399	2025-02-27	25	0	1	4	signed	screened	not-divided	Senate/ passed 3rd reading	Unauthorized Artificial Intelligence Impersonation Amendments
2137	SB0272	H		1512677	2025-03-07	58	11	1	4	signed	screened	not-divided	House/ passed 3rd reading	Micro-education Entity Amendments
2137	SB0272	S		1512675	2025-02-26	21	6	1	4	signed	dropped:school-choice-precedent	eases building rules for microschools; school-choice precedent	Senate/ passed 3rd reading	Micro-education Entity Amendments
2137	SB0274	H		1511150	2025-03-05	70	5	1	4	signed	screened	not-divided	House/ passed 3rd reading	Health Insurance Preauthorization Revisions
2137	SB0274	S		1511148	2025-02-28	26	0	1	4	signed	screened	not-divided	Senate/ passed 3rd reading	Health Insurance Preauthorization Revisions
2137	SB0274	S		1511151	2025-03-05	28	0	1	4	signed	screened	not-divided	Senate/ concurs with House amendment	Health Insurance Preauthorization Revisions
2137	SB0275	S		1511271	2025-02-25	23	0	1	6	none	screened	not-divided	Senate/ passed 3rd reading	Placental Tissue Amendments
2137	SB0276	H		1513283	2025-03-07	52	16	1	4	signed	dropped:not-recognizable	horse racing commission appeals	House/ passed 3rd reading	Utah Horse Racing Commission Amendments
2137	SB0276	S		1513281	2025-02-25	22	0	1	4	signed	screened	not-divided	Senate/ passed 3rd reading	Utah Horse Racing Commission Amendments
2137	SB0277	H		1514324	2025-03-05	44	23	1	4	signed	batch-04	imported 2026-09-10, run 06:31:36.630Z	House/ passed 3rd reading	Government Records Management Amendments
2137	SB0277	S		1514321	2025-02-27	21	8	1	4	signed	screened	not-the-chambers-final-roll	Senate/ passed 3rd reading	Government Records Management Amendments
2137	SB0277	S		1514325	2025-03-06	18	6	1	4	signed	batch-04	imported 2026-09-10, run 06:31:36.630Z	Senate/ concurs with House amendment	Government Records Management Amendments
2137	SB0278	H		1511155	2025-03-05	70	0	1	4	signed	screened	not-divided	House/ passed 3rd reading	State Debt Collection Amendments
2137	SB0278	S		1511154	2025-02-27	26	0	1	4	signed	screened	not-divided	Senate/ passed 3rd reading	State Debt Collection Amendments
2137	SB0279	H		1512192	2025-03-07	62	5	1	4	signed	screened	not-divided	House/ passed 3rd reading	High School Rodeo Amendments
2137	SB0279	S		1512190	2025-02-25	23	1	1	4	signed	screened	not-divided	Senate/ passed 3rd reading	High School Rodeo Amendments
2137	SB0280	H		1513822	2025-03-07	68	0	1	4	signed	screened	not-divided	House/ passed 3rd reading	Retail Facility Amendments
2137	SB0280	S		1513820	2025-02-24	26	0	1	4	signed	screened	not-divided	Senate/ passed 3rd reading	Retail Facility Amendments
2137	SB0282	H		1515013	2025-03-07	70	0	1	4	signed	screened	not-divided	House/ passed 3rd reading	Higher Education Hiring Amendments
2137	SB0282	S		1515011	2025-02-25	24	1	1	4	signed	screened	not-divided	Senate/ passed 3rd reading	Higher Education Hiring Amendments
2137	SB0283	H		1513873	2025-03-06	71	0	1	4	signed	screened	not-divided	House/ passed 3rd reading	Funds Amendments
2137	SB0283	S		1513871	2025-02-25	24	0	1	4	signed	screened	not-divided	Senate/ passed 3rd reading	Funds Amendments
2137	SB0284	H		1511164	2025-03-05	55	16	1	4	signed	batch-01	imported	House/ passed 3rd reading	Medicaid Doula Services
2137	SB0284	S		1511163	2025-02-25	25	0	1	4	signed	screened	not-divided	Senate/ passed 3rd reading	Medicaid Doula Services
2137	SB0285	S		1514524	2025-02-26	25	0	1	6	none	screened	not-divided	Senate/ passed 3rd reading	County Auditor Amendments
2137	SB0286	H		1511170	2025-03-05	68	0	1	4	signed	screened	not-divided	House/ passed 3rd reading	Criminal Plea Withdrawal Amendments
2137	SB0286	S		1511167	2025-02-28	20	0	1	4	signed	screened	not-divided	Senate/ passed 3rd reading	Criminal Plea Withdrawal Amendments
2137	SB0288	S		1515086	2025-03-04	18	1	1	6	none	screened	not-divided	Senate/ passed 2nd & 3rd readings/ suspension	Employment Investigation Records Amendments
2137	SB0289	H		1513078	2025-03-07	63	0	1	4	signed	screened	not-divided	House/ passed 3rd reading	Community Development Amendments
2137	SB0289	S		1513076	2025-02-27	25	0	1	4	signed	screened	not-divided	Senate/ passed 3rd reading	Community Development Amendments
2137	SB0290	H		1514436	2025-03-07	70	0	1	4	signed	screened	not-divided	House/ passed 3rd reading	Candidate Licensing Amendments
2137	SB0290	H		1514437	2025-03-07	73	1	1	4	signed	screened	not-divided	House/ passed 3rd reading	Candidate Licensing Amendments
2137	SB0290	S		1514434	2025-02-26	24	0	1	4	signed	screened	not-divided	Senate/ passed 3rd reading	Candidate Licensing Amendments
2137	SB0290	S		1514438	2025-03-07	25	0	1	4	signed	screened	not-divided	Senate/ concurs with House amendment	Candidate Licensing Amendments
2137	SB0291	S		1512653	2025-02-26	24	0	1	6	none	screened	not-divided	Senate/ passed 3rd reading	Lobbying Amendments
2137	SB0292	S		1512864	2025-02-28	23	2	1	6	none	screened	not-divided	Senate/ passed 3rd reading	Ticketing Delivery Amendments
2137	SB0294	H		1515200	2025-03-07	66	0	1	4	signed	screened	not-divided	House/ passed 3rd reading	Finance Amendments
2137	SB0294	S		1515198	2025-03-03	25	0	1	4	signed	screened	not-divided	Senate/ passed 3rd reading	Finance Amendments
2137	SB0294	S		1515201	2025-03-07	27	0	1	4	signed	screened	not-divided	Senate/ concurs with House amendment	Finance Amendments
2137	SB0295	H		1512760	2025-03-07	67	0	1	4	signed	screened	not-divided	House/ passed 3rd reading	Property Tax Modifications
2137	SB0295	S		1512757	2025-02-25	24	0	1	4	signed	screened	not-divided	Senate/ passed 3rd reading	Property Tax Modifications
2137	SB0295	S		1512761	2025-03-07	26	0	1	4	signed	screened	not-divided	Senate/ concurs with House amendment	Property Tax Modifications
2137	SB0296	H		1512692	2025-03-07	40	29	1	5	vetoed	screened	vetoed	House/ passed 3rd reading	Judicial Amendments
2137	SB0296	S		1512690	2025-02-28	17	12	1	5	vetoed	screened	vetoed	Senate/ passed 3rd reading	Judicial Amendments
2137	SB0297	H		1514220	2025-03-05	53	19	1	4	signed	batch-03	imported 2026-09-10, run 06:20:32.472Z	House/ passed 3rd reading	Congregate Care Amendments
2137	SB0297	S		1514217	2025-02-28	19	6	1	4	signed	screened	not-the-chambers-final-roll	Senate/ passed 3rd reading	Congregate Care Amendments
2137	SB0297	S		1514221	2025-03-05	27	1	1	4	signed	screened	not-divided	Senate/ concurs with House amendment	Congregate Care Amendments
2137	SB0298	S		1513959	2025-02-26	22	5	1	6	none	screened	not-divided	Senate/ passed 3rd reading	Mowing Ordinance Amendments
2137	SB0299	S		1513597	2025-02-28	22	0	1	6	none	screened	not-divided	Senate/ passed 3rd reading	Assault Modifications
2137	SB0300	S		1515204	2025-03-04	22	7	1	6	none	screened	not-enacted-status-6	Senate/ passed 3rd reading	Election Amendments
2137	SB0303	H		1513770	2025-03-07	67	0	1	4	signed	screened	not-divided	House/ passed 3rd reading	Private Investigator Regulation Modifications
2137	SB0303	S		1513768	2025-02-26	22	0	1	4	signed	screened	not-divided	Senate/ passed 3rd reading	Private Investigator Regulation Modifications
2137	SB0304	S		1514087	2025-02-27	23	0	1	6	none	screened	not-divided	Senate/ passed 3rd reading	Government Attorney Amendments
2137	SB0306	S		1513291	2025-03-04	18	10	1	6	none	screened	not-enacted-status-6	Senate/ passed 3rd reading	Convention Center Investment Amendments
2137	SB0308	S		1514586	2025-02-26	23	0	1	6	none	screened	not-divided	Senate/ passed 3rd reading	Dual Language Immersion Amendments
2137	SB0309	S		1513372	2025-02-26	22	0	1	6	none	screened	not-divided	Senate/ passed 3rd reading	Title Lending Amendments
2137	SB0310	S		1514964	2025-03-04	17	8	1	6	none	screened	not-enacted-status-6	Senate/ passed 3rd reading	Transportation Utility Fee Amendments
2137	SB0311	S		1512127	2025-03-04	24	0	1	6	none	screened	not-divided	Senate/ passed 3rd reading	Sales and Use Tax Exemptions Amendments
2137	SB0312	H		1515082	2025-03-07	68	0	1	4	signed	screened	not-divided	House/ passed 3rd reading	Pharmacy Practice Amendments
2137	SB0312	S		1515079	2025-02-26	22	0	1	4	signed	screened	not-divided	Senate/ passed 3rd reading	Pharmacy Practice Amendments
2137	SB0312	S		1515083	2025-03-07	28	0	1	4	signed	screened	not-divided	Senate/ concurs with House amendment	Pharmacy Practice Amendments
2137	SB0313	S		1514072	2025-02-27	26	0	1	6	none	screened	not-divided	Senate/ passed 3rd reading	Constable Amendments
2137	SB0314	H		1514188	2025-03-07	71	1	1	4	signed	screened	not-divided	House/ passed 3rd reading	Special District Modifications
2137	SB0314	S		1514186	2025-02-26	19	0	1	4	signed	screened	not-divided	Senate/ passed 3rd reading	Special District Modifications
2137	SB0315	H		1512643	2025-03-07	68	0	1	4	signed	screened	not-divided	House/ passed 3rd reading	Microenterprise Home Kitchen Amendments
2137	SB0315	S		1512641	2025-02-28	25	0	1	4	signed	screened	not-divided	Senate/ passed 3rd reading	Microenterprise Home Kitchen Amendments
2137	SB0316	H		1514172	2025-03-07	38	27	1	4	signed	dropped:no-area	development zone tax distribution formulas; technical	House/ passed 3rd reading	Military Installation Development Authority and Other Development Zone Amendments
2137	SB0316	S		1514169	2025-02-28	19	5	1	4	signed	screened	not-the-chambers-final-roll	Senate/ passed 3rd reading	Military Installation Development Authority and Other Development Zone Amendments
2137	SB0316	S		1514173	2025-03-07	22	5	1	4	signed	screened	not-divided	Senate/ concurs with House amendment	Military Installation Development Authority and Other Development Zone Amendments
2137	SB0317	H		1511710	2025-03-07	68	0	1	4	signed	screened	not-divided	House/ passed 3rd reading	Dietitian Licensing Amendments
2137	SB0317	S		1511708	2025-03-03	26	0	1	4	signed	screened	not-divided	Senate/ passed 3rd reading	Dietitian Licensing Amendments
2137	SB0318	H		1515112	2025-03-05	69	0	1	4	signed	screened	not-divided	House/ passed 3rd reading	Prosecutorial Misconduct Amendments
2137	SB0318	S		1515111	2025-03-04	26	0	1	4	signed	screened	not-divided	Senate/ passed 3rd reading	Prosecutorial Misconduct Amendments
2137	SB0318	S		1515113	2025-03-06	21	0	1	4	signed	screened	not-divided	Senate/ concurs with House amendment	Prosecutorial Misconduct Amendments
2137	SB0319	S		1512631	2025-02-28	24	0	1	6	none	screened	not-divided	Senate/ passed 3rd reading	Utah Lake Authority Amendments
2137	SB0321	S		1512699	2025-03-03	18	8	1	6	none	screened	not-enacted-status-6	Senate/ passed 3rd reading	Public Education Funding Amendments
2137	SB0323	H		1511181	2025-03-05	67	4	1	4	signed	screened	not-divided	House/ passed 3rd reading	Asset and Investment Review Task Force
2137	SB0323	S		1511179	2025-02-28	26	1	1	4	signed	screened	not-divided	Senate/ passed 3rd reading	Asset and Investment Review Task Force
2137	SB0326	H		1514622	2025-03-07	68	0	1	4	signed	screened	not-divided	House/ passed 3rd reading	Judgment Renewal Modifications
2137	SB0326	S		1514621	2025-03-04	27	0	1	4	signed	screened	not-divided	Senate/ passed 2nd & 3rd readings/ suspension	Judgment Renewal Modifications
2137	SB0327	H		1513180	2025-03-07	55	9	1	4	signed	screened	not-divided	House/ passed 3rd reading	Public Sector Labor Organization Amendments
2137	SB0327	S		1513177	2025-02-28	18	10	1	4	signed	screened	not-the-chambers-final-roll	Senate/ passed 3rd reading	Public Sector Labor Organization Amendments
2137	SB0327	S		1513181	2025-03-07	19	5	1	4	signed	deferred	user-direction: public sector labor organization amendments, same labor gap and same repeal as HB 267	Senate/ concurs with House amendment	Public Sector Labor Organization Amendments
2137	SB0328	H		1512418	2025-03-07	66	0	1	4	signed	screened	not-divided	House/ passed 3rd reading	Alcohol Amendments
2137	SB0328	S		1512416	2025-03-04	13	15	0	4	signed	screened	not-the-chambers-final-roll	Senate/ failed	Alcohol Amendments
2137	SB0328	S		1512417	2025-03-05	24	2	1	4	signed	screened	not-divided	Senate/ passed 2nd & 3rd readings/ suspension	Alcohol Amendments
2137	SB0328	S		1512419	2025-03-07	24	0	1	4	signed	screened	not-divided	Senate/ concurs with House amendment	Alcohol Amendments
2137	SB0330	H		1515067	2025-03-07	61	4	1	4	signed	screened	not-divided	House/ passed 3rd reading	Cosmetology Modifications
2137	SB0330	S		1515066	2025-03-04	24	4	1	4	signed	screened	not-divided	Senate/ passed 3rd reading	Cosmetology Modifications
2137	SB0330	S		1515068	2025-03-07	27	1	1	4	signed	screened	not-divided	Senate/ concurs with House amendment	Cosmetology Modifications
2137	SB0332	H		1511191	2025-03-05	74	0	1	4	signed	screened	not-divided	House/ passed 3rd reading	Artificial Intelligence Revisions
2137	SB0332	S		1511189	2025-03-03	24	0	1	4	signed	screened	not-divided	Senate/ passed 3rd reading	Artificial Intelligence Revisions
2137	SB0333	H		1511305	2025-03-06	45	27	1	4	signed	dropped:no-area	tax increment financing zones around major sports venues; financing mechanism, no area fits	House/ passed 3rd reading	Major Sporting Event Venue Financing Amendments
2137	SB0333	S		1511304	2025-03-04	23	4	1	4	signed	screened	not-divided	Senate/ passed 2nd & 3rd readings/ suspension	Major Sporting Event Venue Financing Amendments
2137	SB0333	S		1511306	2025-03-06	17	7	1	4	signed	dropped:no-area	tax increment financing zones around major sports venues; financing mechanism, no area fits	Senate/ concurs with House amendment	Major Sporting Event Venue Financing Amendments
2137	SB0334	H		1511195	2025-03-05	68	3	1	4	signed	screened	not-divided	House/ passed 3rd reading	Center for Civic Excellence at Utah State University
2137	SB0334	S		1511194	2025-03-04	25	4	1	4	signed	screened	not-divided	Senate/ passed 3rd reading	Center for Civic Excellence at Utah State University
2137	SB0336	H		1513775	2025-03-07	54	16	1	4	signed	dropped:no-area	Fairpark district taxing and land use powers; financing mechanism, no area fits	House/ passed 3rd reading	Utah Fairpark Area Investment and Restoration District Modifications
2137	SB0336	S		1513774	2025-03-04	21	4	1	4	signed	screened	not-divided	Senate/ passed 3rd reading	Utah Fairpark Area Investment and Restoration District Modifications
2137	SB0336	S		1513776	2025-03-07	22	5	1	4	signed	screened	not-divided	Senate/ concurs with House amendment	Utah Fairpark Area Investment and Restoration District Modifications
2137	SB0338	H		1513853	2025-03-07	70	0	1	4	signed	screened	not-divided	House/ passed 3rd reading	Nonprofit Entities Amendments
2137	SB0338	S		1513852	2025-03-04	26	0	1	4	signed	screened	not-divided	Senate/ passed 3rd reading	Nonprofit Entities Amendments
2137	SB0340	H		1511338	2025-03-07	63	4	1	4	signed	screened	not-divided	House/ passed 3rd reading	Protected Person Amendments
2137	SB0340	S		1511337	2025-03-04	24	0	1	4	signed	screened	not-divided	Senate/ passed 3rd reading	Protected Person Amendments
2137	SB0340	S		1511339	2025-03-07	27	1	1	4	signed	screened	not-divided	Senate/ concurs with House amendment	Protected Person Amendments
2137	SB0341	S		1513915	2025-03-04	27	0	1	6	none	screened	not-divided	Senate/ passed 2nd & 3rd readings/ suspension	Election Modifications
2137	SJR001	H		1510281	2025-03-04	72	0	1	3	none	screened	not-divided	House/ passed 3rd reading	Joint Resolution Dissolving the North Logan and Hyde Park Justice Courts
2137	SJR001	S		1510279	2025-02-13	26	0	1	3	none	screened	not-divided	Senate/ passed 3rd reading	Joint Resolution Dissolving the North Logan and Hyde Park Justice Courts
2137	SJR002	H		1513161	2025-03-06	55	17	1	3	none	screened	joint-resolution-not-law	House/ passed 3rd reading	Proposal to Amend Utah Constitution - Statewide Initiatives
2137	SJR002	S		1513159	2025-02-05	21	8	1	3	none	screened	joint-resolution-not-law	Senate/ passed 3rd reading	Proposal to Amend Utah Constitution - Statewide Initiatives
2137	SJR003	H		1510657	2025-03-04	71	0	1	3	none	screened	not-divided	House/ passed 3rd reading	Joint Resolution Dissolving Salt Lake County Justice Court
2137	SJR003	S		1510655	2025-02-24	25	0	1	3	none	screened	not-divided	Senate/ passed 3rd reading	Joint Resolution Dissolving Salt Lake County Justice Court
2137	SJR004	H		1513621	2025-03-07	66	2	1	3	none	screened	not-divided	House/ passed 3rd reading	Joint Resolution Amending Court Rules on Attorney Confidentiality
2137	SJR004	S		1513620	2025-03-04	26	3	1	3	none	screened	not-divided	Senate/ passed 3rd reading	Joint Resolution Amending Court Rules on Attorney Confidentiality
2137	SJR005	H		1513993	2025-03-06	72	0	1	3	none	screened	not-divided	House/ passed 3rd reading	Joint Resolution Regarding State Prisoner Placement in Juab County Correctional Facility
2137	SJR005	S		1513991	2025-02-19	24	0	1	3	none	screened	not-divided	Senate/ passed 3rd reading	Joint Resolution Regarding State Prisoner Placement in Juab County Correctional Facility
2137	SJR006	H		1514672	2025-03-06	57	8	1	3	none	screened	not-divided	House/ passed 3rd reading	Joint Resolution Supporting State Jurisdiction Under the Principle of Federalism
2137	SJR006	S		1514670	2025-02-20	17	6	1	3	none	screened	joint-resolution-not-law	Senate/ passed 3rd reading	Joint Resolution Supporting State Jurisdiction Under the Principle of Federalism
2137	SJR007	H		1513098	2025-03-06	63	9	1	3	none	screened	not-divided	House/ passed 3rd reading	Joint Resolution Emphasizing State Authority in Election Governance
2137	SJR007	S		1513096	2025-02-25	20	4	1	3	none	screened	not-divided	Senate/ passed 3rd reading	Joint Resolution Emphasizing State Authority in Election Governance
2137	SJR008	S		1514532	2025-02-24	25	0	1	6	none	screened	not-divided	Senate/ passed 3rd reading	Joint Resolution Amending Rules of Evidence on Admissibility of Evidence of Crimes or Other Acts
2137	SJR009	H		1512884	2025-03-07	47	19	1	3	none	screened	not-the-chambers-final-roll	House/ passed 3rd reading	Joint Resolution Amending Rules of Civil Procedure on Injunctions
2137	SJR009	H		1512885	2025-03-07	52	21	1	3	none	screened	joint-resolution-not-law	House/ passed 3rd reading	Joint Resolution Amending Rules of Civil Procedure on Injunctions
2137	SJR009	S		1512882	2025-02-28	21	7	1	3	none	screened	joint-resolution-not-law	Senate/ passed 3rd reading	Joint Resolution Amending Rules of Civil Procedure on Injunctions
2137	SJR010	H		1513647	2025-03-07	72	0	1	3	none	screened	not-divided	House/ passed 3rd reading	Joint Resolution Amending Court Rules Regarding Pleas
2137	SJR010	S		1513646	2025-03-04	26	1	1	3	none	screened	not-divided	Senate/ passed 3rd reading	Joint Resolution Amending Court Rules Regarding Pleas
2137	SJR011	H		1513809	2025-03-07	69	0	1	3	none	screened	not-divided	House/ passed 3rd reading	Joint Resolution Regarding Critical Minerals
2137	SJR011	S		1513807	2025-02-28	24	1	1	3	none	screened	not-divided	Senate/ passed 3rd reading	Joint Resolution Regarding Critical Minerals
2137	SJR012	S		1514999	2025-02-28	21	2	1	3	none	screened	not-divided	Senate/ passed 3rd reading	Joint Resolution Calling for an Executive Order on Federalism
