session	bill	chamber	printed_roll	roll_call_id	date	yea	nay	passed	status	governor	disposition	reason	desc	title
2214	HB0001	H		1618201	2026-01-28	71	0	1	4	signed	screened	not-divided	House/ passed 3rd reading	Public Education Base Budget Amendments
2214	HB0001	S		1619281	2026-01-29	28	0	1	4	signed	screened	not-divided	Senate/ passed 2nd & 3rd readings/ suspension	Public Education Base Budget Amendments
2214	HB0002	H		1651294	2026-03-03	68	6	1	4	signed	screened	not-divided	House/ passed 3rd reading	New Fiscal Year Supplemental Appropriations
2214	HB0002	S		1652826	2026-03-04	25	0	1	4	signed	screened	not-divided	Senate/ passed 2nd & 3rd readings/ suspension	New Fiscal Year Supplemental Appropriations
2214	HB0003	H		1656632	2026-03-06	71	1	1	3	none	screened	not-divided	House/ passed 3rd reading	Appropriations Adjustments
2214	HB0003	S		1656822	2026-03-06	28	0	1	3	none	screened	not-divided	Senate/ passed 2nd & 3rd readings/ suspension	Appropriations Adjustments
2214	HB0005	H		1618788	2026-01-28	71	0	1	4	signed	screened	not-divided	House/ passed 3rd reading	Natural Resources, Agriculture, and Environmental Quality Base Budget
2214	HB0005	S		1619461	2026-01-29	27	0	1	4	signed	screened	not-divided	Senate/ passed 2nd & 3rd readings/ suspension	Natural Resources, Agriculture, and Environmental Quality Base Budget
2214	HB0006	H		1618267	2026-01-28	74	0	1	4	signed	screened	not-divided	House/ passed 3rd reading	Criminal Justice Base Budget
2214	HB0006	S		1619362	2026-01-29	26	0	1	4	signed	screened	not-divided	Senate/ passed 2nd & 3rd readings/ suspension	Criminal Justice Base Budget
2214	HB0007	H		1618473	2026-01-28	73	0	1	4	signed	screened	not-divided	House/ passed 3rd reading	Social Services Base Budget
2214	HB0007	S		1619458	2026-01-29	26	0	1	4	signed	screened	not-divided	Senate/ passed 2nd & 3rd readings/ suspension	Social Services Base Budget
2214	HB0008	H		1650251	2026-03-03	71	1	1	4	signed	screened	not-divided	House/ passed 3rd reading	State Agency Fees and Internal Service Fund Authorization and Appropriations
2214	HB0008	S		1652337	2026-03-04	24	0	1	4	signed	screened	not-divided	Senate/ passed 2nd & 3rd readings/ suspension	State Agency Fees and Internal Service Fund Authorization and Appropriations
2214	HB0011	H		1614530	2026-01-20	74	0	1	4	signed	screened	not-divided	House/ passed 3rd reading	Dyed Diesel Fuel Search Amendments
2214	HB0011	S		1624485	2026-02-05	28	0	1	4	signed	screened	not-divided	Senate/ passed 3rd reading	Dyed Diesel Fuel Search Amendments
2214	HB0012	H		1614392	2026-01-20	74	0	1	4	signed	screened	not-divided	House/ passed 3rd reading	Outdoor Recreation Accessibility Amendments
2214	HB0012	S		1621619	2026-02-03	27	0	1	4	signed	screened	not-divided	Senate/ passed 3rd reading	Outdoor Recreation Accessibility Amendments
2214	HB0013	H		1626291	2026-02-09	32	39	0	6	none	screened	not-enacted-status-6	House/ failed	Municipal Services Fees and Political Subdivision Lien Amendments
2214	HB0014	H		1614694	2026-01-20	73	0	1	6	none	screened	not-divided	House/ passed 3rd reading	Behavior Analyst Licensing Amendments
2214	HB0015	H		1642283	2026-02-24	63	1	1	4	signed	screened	not-divided	House/ passed 3rd reading	Medicaid Amendments
2214	HB0015	S		1656459	2026-03-06	27	0	1	4	signed	screened	not-divided	Senate/ passed 3rd reading	Medicaid Amendments
2214	HB0016	H		1616628	2026-01-23	61	8	1	4	signed	screened	not-divided	House/ passed 3rd reading	Solar Power Plant Amendments
2214	HB0016	H		1639771	2026-02-20	61	6	1	4	signed	screened	not-divided	House/ concurs with Senate amendment	Solar Power Plant Amendments
2214	HB0016	S		1637011	2026-02-18	20	6	1	4	signed	dropped:mixed	cuts solar plant incentives on protected farmland; farmland protection versus solar	Senate/ passed 3rd reading	Solar Power Plant Amendments
2214	HB0017	H		1616647	2026-01-23	70	0	1	4	signed	screened	not-divided	House/ passed 3rd reading	Public Infrastructure District Meeting Amendments
2214	HB0017	S		1625478	2026-02-06	26	0	1	4	signed	screened	not-divided	Senate/ passed 3rd reading	Public Infrastructure District Meeting Amendments
2214	HB0019	H		1614821	2026-01-20	75	0	1	4	signed	screened	not-divided	House/ passed 3rd reading	Drinking Water Utilities Amendments
2214	HB0019	S		1624842	2026-02-05	28	0	1	4	signed	screened	not-divided	Senate/ passed 3rd reading	Drinking Water Utilities Amendments
2214	HB0020	H		1621722	2026-02-03	69	0	1	4	signed	screened	not-divided	House/ passed 3rd reading	Correctional Facility Capacity Amendments
2214	HB0020	S		1638841	2026-02-19	23	3	1	4	signed	screened	not-divided	Senate/ passed 3rd reading	Correctional Facility Capacity Amendments
2214	HB0021	H		1614816	2026-01-20	74	1	1	4	signed	screened	not-divided	House/ passed 3rd reading	Senior Care Facility Amendments
2214	HB0021	H		1628187	2026-02-10	69	0	1	4	signed	screened	not-divided	House/ concurs with Senate amendment	Senior Care Facility Amendments
2214	HB0021	S		1625835	2026-02-06	28	0	1	4	signed	screened	not-divided	Senate/ passed 3rd reading	Senior Care Facility Amendments
2214	HB0022	H		1622043	2026-02-03	66	1	1	4	signed	screened	not-divided	House/ passed 3rd reading	Vintage Vehicle Amendments
2214	HB0022	H		1646131	2026-02-26	63	1	1	4	signed	screened	not-divided	House/ concurs with Senate amendment	Vintage Vehicle Amendments
2214	HB0022	S		1644086	2026-02-25	27	0	1	4	signed	screened	not-divided	Senate/ passed 3rd reading	Vintage Vehicle Amendments
2214	HB0023	H		1635099	2026-02-17	69	0	1	4	signed	screened	not-divided	House/ passed 3rd reading	Service Animal Amendments
2214	HB0023	S		1648105	2026-02-27	27	0	1	4	signed	screened	not-divided	Senate/ passed 3rd reading	Service Animal Amendments
2214	HB0024	H		1622554	2026-02-03	69	0	1	4	signed	screened	not-divided	House/ passed 3rd reading	Criminal Penalty Amendments
2214	HB0024	S		1648335	2026-02-27	21	2	1	4	signed	screened	not-divided	Senate/ passed 3rd reading	Criminal Penalty Amendments
2214	HB0026	H		1614818	2026-01-20	74	1	1	4	signed	screened	not-divided	House/ passed 3rd reading	Voting Equipment Amendments
2214	HB0026	S		1624500	2026-02-05	29	0	1	4	signed	screened	not-divided	Senate/ passed 3rd reading	Voting Equipment Amendments
2214	HB0028	H		1614863	2026-01-20	73	1	1	6	none	screened	not-divided	House/ passed 3rd reading	Health and Human Services Sunset Amendments
2214	HB0029	H		1614625	2026-01-20	70	3	1	6	none	screened	not-divided	House/ passed 3rd reading	Unfair and Deceptive Pricing Amendments
2214	HB0030	H		1622206	2026-02-03	58	11	1	4	signed	screened	not-divided	House/ passed 3rd reading	Wildlife Management Area Amendments
2214	HB0030	S		1654062	2026-03-04	28	1	1	4	signed	screened	not-divided	Senate/ passed 2nd & 3rd readings/ suspension	Wildlife Management Area Amendments
2214	HB0032	H		1631678	2026-02-12	56	11	1	4	signed	screened	not-divided	House/ passed 3rd reading	Signature Gathering and Verification Amendments
2214	HB0032	H		1654782	2026-03-05	70	0	1	4	signed	screened	not-divided	House/ concurs with Senate amendment	Signature Gathering and Verification Amendments
2214	HB0032	S		1654010	2026-03-04	22	7	1	4	signed	dropped:no-direction	petition signature gathering rules; Arkansas ballot-initiative precedent	Senate/ passed 2nd & 3rd readings/ suspension	Signature Gathering and Verification Amendments
2214	HB0033	H		1616690	2026-01-23	72	0	1	4	signed	screened	not-divided	House/ passed 3rd reading	Political Signs Amendments
2214	HB0033	H		1633270	2026-02-13	69	1	1	4	signed	screened	not-divided	House/ concurs with Senate amendment	Political Signs Amendments
2214	HB0033	S		1631540	2026-02-12	27	0	1	4	signed	screened	not-divided	Senate/ passed 3rd reading	Political Signs Amendments
2214	HB0034	H		1614885	2026-01-20	72	0	1	4	signed	screened	not-divided	House/ passed 3rd reading	Victim Rights Amendments
2214	HB0034	S		1652620	2026-03-04	25	0	1	4	signed	screened	not-divided	Senate/ passed 3rd reading	Victim Rights Amendments
2214	HB0035	H		1614888	2026-01-20	72	0	1	6	none	screened	not-divided	House/ passed 3rd reading	Bears Ears Visitor Center Advisory Committee Amendments
2214	HB0036	H		1640312	2026-02-20	71	1	1	4	signed	screened	not-divided	House/ passed 3rd reading	Gold Medal Schools Pilot Program
2214	HB0036	S		1652370	2026-03-04	26	0	1	4	signed	screened	not-divided	Senate/ passed 3rd reading	Gold Medal Schools Pilot Program
2214	HB0037	H		1622540	2026-02-03	69	1	1	4	signed	screened	not-divided	House/ passed 3rd reading	Used Oil Management Act Amendments
2214	HB0037	H		1640029	2026-02-20	69	1	1	4	signed	screened	not-divided	House/ concurs with Senate amendment	Used Oil Management Act Amendments
2214	HB0037	S		1638223	2026-02-19	24	1	1	4	signed	screened	not-divided	Senate/ passed 3rd reading	Used Oil Management Act Amendments
2214	HB0038	H		1626510	2026-02-09	56	13	1	4	signed	screened	not-divided	House/ passed 3rd reading	Local Government Amendments
2214	HB0038	S		1639719	2026-02-20	19	4	1	4	signed	screened	not-divided	Senate/ passed 3rd reading	Local Government Amendments
2214	HB0039	H		1614801	2026-01-20	69	1	1	6	none	screened	not-divided	House/ passed 3rd reading	Prison and Jail Standards Amendments
2214	HB0040	H		1620014	2026-01-30	70	1	1	4	signed	screened	not-divided	House/ passed 3rd reading	Utah Construction Trades Licensing Act Amendments
2214	HB0040	S		1631719	2026-02-12	24	1	1	4	signed	screened	not-divided	Senate/ passed 3rd reading	Utah Construction Trades Licensing Act Amendments
2214	HB0041	H		1637373	2026-02-18	67	1	1	4	signed	screened	not-divided	House/ passed 3rd reading	Construction and Fire Codes Amendments
2214	HB0041	H		1651180	2026-03-03	70	1	1	4	signed	screened	not-divided	House/ concurs with Senate amendment	Construction and Fire Codes Amendments
2214	HB0041	S		1648981	2026-03-02	27	0	1	4	signed	screened	not-divided	Senate/ passed 3rd reading	Construction and Fire Codes Amendments
2214	HB0042	H		1635830	2026-02-17	70	2	1	2	none	screened	not-divided	House/ passed 3rd reading	School Cybersecurity Amendments
2214	HB0043	H		1636010	2026-02-17	25	47	0	6	none	screened	not-enacted-status-6	House/ failed	School Security Amendments
2214	HB0044	H		1647107	2026-02-26	71	0	1	4	signed	screened	not-divided	House/ passed 3rd reading	School Security Personnel Standards
2214	HB0044	H		1656721	2026-03-06	67	0	1	4	signed	screened	not-divided	House/ concurs with Senate amendment	School Security Personnel Standards
2214	HB0044	S		1656423	2026-03-06	24	1	1	4	signed	screened	not-divided	Senate/ passed 2nd & 3rd readings/ suspension	School Security Personnel Standards
2214	HB0045	H		1615005	2026-01-21	70	3	1	4	signed	screened	not-divided	House/ passed 3rd reading	Fire Code Amendments
2214	HB0045	H		1626284	2026-02-09	68	1	1	4	signed	screened	not-divided	House/ concurs with Senate amendment	Fire Code Amendments
2214	HB0045	S		1624857	2026-02-05	26	0	1	4	signed	screened	not-divided	Senate/ passed 3rd reading	Fire Code Amendments
2214	HB0046	H		1620659	2026-02-02	70	2	1	4	signed	screened	not-divided	House/ passed 3rd reading	Taxpayer Information Sharing Amendments
2214	HB0046	H		1654715	2026-03-05	61	9	1	4	signed	screened	not-divided	House/ concurs with Senate amendment	Taxpayer Information Sharing Amendments
2214	HB0046	S		1653054	2026-03-04	21	5	1	4	signed	screened	not-divided	Senate/ passed 2nd & 3rd readings/ suspension	Taxpayer Information Sharing Amendments
2214	HB0047	H		1615088	2026-01-21	70	3	1	4	signed	screened	not-divided	House/ passed 3rd reading	Vehicle Registration and Insurance Amendments
2214	HB0047	S		1624462	2026-02-05	27	0	1	4	signed	screened	not-divided	Senate/ passed 3rd reading	Vehicle Registration and Insurance Amendments
2214	HB0048	H		1635692	2026-02-17	56	14	1	4	signed	screened	not-the-chambers-final-roll	House/ passed 3rd reading	Criminal and Juvenile Justice Changes
2214	HB0048	H		1655741	2026-03-05	52	15	1	4	signed	batch-09	imported 2026-09-10, run 16:43:17.988Z	House/ concurs with Senate amendment	Criminal and Juvenile Justice Changes
2214	HB0048	S		1654689	2026-03-05	20	7	1	4	signed	batch-09	imported 2026-09-10, run 16:43:17.988Z	Senate/ passed 2nd & 3rd readings/ suspension	Criminal and Juvenile Justice Changes
2214	HB0049	H		1615530	2026-01-21	63	12	1	6	none	screened	not-divided	House/ passed 3rd reading	Law Enforcement Salary Amendments
2214	HB0050	H		1615020	2026-01-21	74	0	1	4	signed	screened	not-divided	House/ passed 3rd reading	Child Protection Ombudsman Amendments
2214	HB0050	S		1624856	2026-02-05	27	0	1	4	signed	screened	not-divided	Senate/ passed 3rd reading	Child Protection Ombudsman Amendments
2214	HB0051	H		1623221	2026-02-04	66	1	1	4	signed	screened	not-divided	House/ passed 3rd reading	Adoption Amendments
2214	HB0051	H		1647866	2026-02-27	66	0	1	4	signed	screened	not-divided	House/ concurs with Senate amendment	Adoption Amendments
2214	HB0051	S		1646836	2026-02-26	21	0	1	4	signed	screened	not-divided	Senate/ passed 3rd reading	Adoption Amendments
2214	HB0052	H		1616392	2026-01-22	73	0	1	4	signed	screened	not-divided	House/ passed 3rd reading	Tribal Endorsement of Utah Driver License Amendments
2214	HB0052	H		1639841	2026-02-20	71	0	1	4	signed	screened	not-divided	House/ concurs with Senate amendment	Tribal Endorsement of Utah Driver License Amendments
2214	HB0052	S		1637195	2026-02-18	27	0	1	4	signed	screened	not-divided	Senate/ passed 3rd reading	Tribal Endorsement of Utah Driver License Amendments
2214	HB0053	H		1615748	2026-01-22	75	0	1	4	signed	screened	not-divided	House/ passed 3rd reading	Community Rehabilitation Program Amendments
2214	HB0053	S		1622469	2026-02-03	26	0	1	4	signed	screened	not-divided	Senate/ passed 3rd reading	Community Rehabilitation Program Amendments
2214	HB0053	S		1639488	2026-02-19	27	0	1	4	signed	screened	not-divided	Senate/ passed 3rd reading	Community Rehabilitation Program Amendments
2214	HB0054	H		1616285	2026-01-22	50	19	1	4	signed	screened	not-the-chambers-final-roll	House/ passed 3rd reading	Boating Safety Education
2214	HB0054	H		1656335	2026-03-06	57	6	1	4	signed	screened	not-divided	House/ concurs with Senate amendment	Boating Safety Education
2214	HB0054	S		1656334	2026-03-06	20	5	1	4	signed	batch-09	imported 2026-09-10, run 16:43:17.988Z	Senate/ passed 2nd & 3rd readings/ suspension	Boating Safety Education
2214	HB0055	H		1620692	2026-02-02	70	0	1	4	signed	screened	not-divided	House/ passed 3rd reading	Privacy Compliance for Education Technology Vendors
2214	HB0055	S		1631777	2026-02-12	28	0	1	4	signed	screened	not-divided	Senate/ passed 3rd reading	Privacy Compliance for Education Technology Vendors
2214	HB0056	H		1625585	2026-02-06	69	0	1	6	none	screened	not-divided	House/ passed 3rd reading	Vehicle Registration Amendments
2214	HB0057	H		1622280	2026-02-03	69	1	1	4	signed	screened	not-divided	House/ passed 3rd reading	Motor Vehicle Division Amendments
2214	HB0057	H		1654370	2026-03-05	69	0	1	4	signed	screened	not-divided	House/ concurs with Senate amendment	Motor Vehicle Division Amendments
2214	HB0057	S		1652261	2026-03-04	23	0	1	4	signed	screened	not-divided	Senate/ passed 3rd reading	Motor Vehicle Division Amendments
2214	HB0058	H		1625772	2026-02-06	63	1	1	4	signed	screened	not-divided	House/ passed 3rd reading	Insurance Code Modifications
2214	HB0058	H		1648675	2026-03-02	68	1	1	4	signed	screened	not-divided	House/ concurs with Senate amendment	Insurance Code Modifications
2214	HB0058	S		1647673	2026-02-27	24	0	1	4	signed	screened	not-divided	Senate/ passed 3rd reading	Insurance Code Modifications
2214	HB0059	H		1644498	2026-02-25	68	0	1	4	signed	screened	not-divided	House/ passed 3rd reading	Identification Verification Amendments
2214	HB0059	H		1656212	2026-03-06	66	0	1	4	signed	screened	not-divided	House/ concurs with Senate amendment	Identification Verification Amendments
2214	HB0059	S		1656211	2026-03-06	25	0	1	4	signed	screened	not-divided	Senate/ passed 3rd reading	Identification Verification Amendments
2214	HB0060	H		1622172	2026-02-03	54	17	1	4	signed	batch-07	imported 2026-09-10, run 06:54:37.475Z	House/ passed 3rd reading	Water Rights Amendments
2214	HB0060	S		1639860	2026-02-20	18	7	1	4	signed	batch-07	imported 2026-09-10, run 06:54:37.475Z	Senate/ passed 3rd reading	Water Rights Amendments
2214	HB0061	H		1616429	2026-01-22	74	0	1	4	signed	screened	not-divided	House/ passed 3rd reading	Navajo Trust Fund Amendments
2214	HB0061	S		1625721	2026-02-06	28	0	1	4	signed	screened	not-divided	Senate/ passed 3rd reading	Navajo Trust Fund Amendments
2214	HB0062	H		1624838	2026-02-05	71	0	1	4	signed	screened	not-divided	House/ passed 3rd reading	Road Jurisdiction Amendments
2214	HB0062	S		1639084	2026-02-19	23	0	1	4	signed	screened	not-divided	Senate/ passed 3rd reading	Road Jurisdiction Amendments
2214	HB0063	H		1622300	2026-02-03	69	0	1	4	signed	screened	not-divided	House/ passed 3rd reading	Livestock Watering Amendments
2214	HB0063	S		1653626	2026-03-04	28	0	1	4	signed	screened	not-divided	Senate/ passed 2nd & 3rd readings/ suspension	Livestock Watering Amendments
2214	HB0064	H		1622030	2026-02-03	71	0	1	6	none	screened	not-divided	House/ passed 3rd reading	School and Institutional Trust Lands Amendments
2214	HB0065	H		1617462	2026-01-27	67	2	1	4	signed	screened	not-divided	House/ passed 3rd reading	Construction Code Amendments
2214	HB0065	H		1626243	2026-02-09	67	2	1	4	signed	screened	not-divided	House/ concurs with Senate amendment	Construction Code Amendments
2214	HB0065	S		1625476	2026-02-06	27	0	1	4	signed	screened	not-divided	Senate/ passed 3rd reading	Construction Code Amendments
2214	HB0066	H		1615859	2026-01-22	73	1	1	4	signed	screened	not-divided	House/ passed 3rd reading	Soil Health Program Amendments
2214	HB0066	S		1621553	2026-02-03	27	0	1	4	signed	screened	not-divided	Senate/ passed 3rd reading	Soil Health Program Amendments
2214	HB0067	H		1616152	2026-01-22	70	0	1	6	none	screened	not-divided	House/ passed 3rd reading	Lead Acid Battery Disposal Sunset Amendments
2214	HB0067	S		1621988	2026-02-03	27	0	1	6	none	screened	not-divided	Senate/ passed 3rd reading	Lead Acid Battery Disposal Sunset Amendments
2214	HB0068	H		1633346	2026-02-13	55	13	1	4	signed	screened	not-divided	House/ passed 3rd reading	Housing and Community Development Amendments
2214	HB0068	H		1655305	2026-03-05	54	10	1	4	signed	screened	not-divided	House/ concurs with Senate amendment	Housing and Community Development Amendments
2214	HB0068	S		1655304	2026-03-05	25	3	1	4	signed	screened	not-divided	Senate/ passed 2nd & 3rd readings/ suspension	Housing and Community Development Amendments
2214	HB0069	H		1616155	2026-01-22	60	11	1	4	signed	screened	not-divided	House/ passed 3rd reading	Drinking Water Restructuring Amendments
2214	HB0069	H		1627820	2026-02-10	68	1	1	4	signed	screened	not-divided	House/ concurs with Senate amendment	Drinking Water Restructuring Amendments
2214	HB0069	S		1625708	2026-02-06	26	0	1	4	signed	screened	not-divided	Senate/ passed 3rd reading	Drinking Water Restructuring Amendments
2214	HB0070	H		1639974	2026-02-20	63	1	1	6	none	screened	not-divided	House/ passed 3rd reading	Correctional Health Services Amendments
2214	HB0071	H		1624969	2026-02-05	65	5	1	4	signed	screened	not-divided	House/ passed 3rd reading	Health Provider Directory and Access Amendments
2214	HB0071	H		1655008	2026-03-05	63	3	1	4	signed	screened	not-divided	House/ concurs with Senate amendment	Health Provider Directory and Access Amendments
2214	HB0071	S		1655007	2026-03-05	24	0	1	4	signed	screened	not-divided	Senate/ passed 2nd & 3rd readings/ suspension	Health Provider Directory and Access Amendments
2214	HB0072	H		1638737	2026-02-19	64	0	1	4	signed	screened	not-divided	House/ passed 3rd reading	Criminal Use of Cryptocurrency Amendments
2214	HB0072	S		1652440	2026-03-04	25	0	1	4	signed	screened	not-divided	Senate/ passed 2nd & 3rd readings/ suspension	Criminal Use of Cryptocurrency Amendments
2214	HB0073	H		1616799	2026-01-23	71	0	1	4	signed	screened	not-divided	House/ passed 3rd reading	Public Employee Retaliatory Action Amendments
2214	HB0073	S		1655159	2026-03-05	24	0	1	4	signed	screened	not-divided	Senate/ passed 2nd & 3rd readings/ suspension	Public Employee Retaliatory Action Amendments
2214	HB0075	H		1620221	2026-01-30	72	0	1	4	signed	screened	not-divided	House/ passed 3rd reading	American Indian and Alaska Native Education Amendments
2214	HB0075	S		1632247	2026-02-12	22	0	1	4	signed	screened	not-divided	Senate/ passed 3rd reading	American Indian and Alaska Native Education Amendments
2214	HB0076	H		1619302	2026-01-29	72	0	1	4	signed	screened	not-divided	House/ passed 3rd reading	Data Center Water Transparency Amendments
2214	HB0076	H		1655059	2026-03-05	62	2	1	4	signed	screened	not-divided	House/ concurs with Senate amendment	Data Center Water Transparency Amendments
2214	HB0076	S		1654375	2026-03-05	13	15	0	4	signed	screened	not-the-chambers-final-roll	Senate/ failed	Data Center Water Transparency Amendments
2214	HB0076	S		1654376	2026-03-05	19	5	1	4	signed	batch-07	imported 2026-09-10, run 06:54:37.475Z	Senate/ passed 2nd & 3rd readings/ suspension	Data Center Water Transparency Amendments
2214	HB0077	H		1617498	2026-01-27	72	0	1	4	signed	screened	not-divided	House/ passed 3rd reading	Tax Modifications
2214	HB0077	S		1625631	2026-02-06	27	1	1	4	signed	screened	not-divided	Senate/ passed 3rd reading	Tax Modifications
2214	HB0078	H		1617210	2026-01-26	75	0	1	4	signed	screened	not-divided	House/ passed 3rd reading	Nuclear Regulatory Amendments
2214	HB0078	H		1654804	2026-03-05	61	8	1	4	signed	screened	not-divided	House/ concurs with Senate amendment	Nuclear Regulatory Amendments
2214	HB0078	S		1652567	2026-03-04	23	2	1	4	signed	screened	not-divided	Senate/ passed 2nd & 3rd readings/ suspension	Nuclear Regulatory Amendments
2214	HB0079	H		1620783	2026-02-02	71	0	1	4	signed	screened	not-divided	House/ passed 3rd reading	Governmental Immunity Amendments
2214	HB0079	S		1632175	2026-02-12	25	0	1	4	signed	screened	not-divided	Senate/ passed 3rd reading	Governmental Immunity Amendments
2214	HB0082	H		1622039	2026-02-03	69	0	1	4	signed	screened	not-divided	House/ passed 3rd reading	Judgment Information Amendments
2214	HB0082	S		1638302	2026-02-19	25	0	1	4	signed	screened	not-divided	Senate/ passed 3rd reading	Judgment Information Amendments
2214	HB0084	H		1637409	2026-02-18	67	0	1	4	signed	screened	not-divided	House/ passed 3rd reading	Dangerous Weapon Amendments
2214	HB0084	H		1656611	2026-03-06	58	8	1	4	signed	screened	not-divided	House/ concurs with Senate amendment	Dangerous Weapon Amendments
2214	HB0084	S		1656422	2026-03-06	18	5	1	4	signed	batch-07	imported 2026-09-10, run 06:54:37.475Z	Senate/ passed 2nd & 3rd readings/ suspension	Dangerous Weapon Amendments
2214	HB0085	H		1616537	2026-01-23	55	11	1	6	none	screened	not-divided	House/ passed 3rd reading	State Sovereignty Amendments
2214	HB0085	S		1625467	2026-02-05	12	17	0	6	none	screened	not-enacted-status-6	Senate/ failed	State Sovereignty Amendments
2214	HB0086	H		1625838	2026-02-06	48	18	1	6	none	screened	not-enacted-status-6	House/ passed 3rd reading	Restricted Person Amendments
2214	HB0087	H		1628619	2026-02-10	40	24	1	4	signed	screened	not-the-chambers-final-roll	House/ passed 3rd reading	Animal Crime Victim Amendments
2214	HB0087	H		1647712	2026-02-27	52	14	1	4	signed	dropped:no-area	placement of animals seized in abuse cases	House/ concurs with Senate amendment	Animal Crime Victim Amendments
2214	HB0087	S		1638420	2026-02-19	12	16	0	4	signed	screened	not-the-chambers-final-roll	Senate/ failed	Animal Crime Victim Amendments
2214	HB0087	S		1646309	2026-02-26	22	0	1	4	signed	screened	not-divided	Senate/ passed 3rd reading	Animal Crime Victim Amendments
2214	HB0089	H		1639457	2026-02-19	66	1	1	4	signed	screened	not-divided	House/ passed 3rd reading	Use of Polygraph Amendments
2214	HB0089	S		1655731	2026-03-05	27	2	1	4	signed	screened	not-divided	Senate/ passed 2nd & 3rd readings/ suspension	Use of Polygraph Amendments
2214	HB0090	H		1625732	2026-02-06	67	0	1	4	signed	screened	not-divided	House/ passed 3rd reading	Sexual Offenses Amendments
2214	HB0090	H		1656470	2026-03-06	60	1	1	4	signed	screened	not-divided	House/ concurs with Senate amendment	Sexual Offenses Amendments
2214	HB0090	S		1656469	2026-03-06	27	0	1	4	signed	screened	not-divided	Senate/ passed 2nd & 3rd readings/ suspension	Sexual Offenses Amendments
2214	HB0093	H		1621807	2026-02-03	71	0	1	4	signed	screened	not-divided	House/ passed 3rd reading	Goshen Bay Waterfowl Management Area
2214	HB0093	H		1640678	2026-02-23	63	0	1	4	signed	screened	not-divided	House/ concurs with Senate amendment	Goshen Bay Waterfowl Management Area
2214	HB0093	S		1638367	2026-02-19	25	0	1	4	signed	screened	not-divided	Senate/ passed 3rd reading	Goshen Bay Waterfowl Management Area
2214	HB0094	H		1638883	2026-02-19	74	0	1	4	signed	screened	not-divided	House/ passed 3rd reading	Criminal Accounts Receivable Amendments
2214	HB0094	S		1656460	2026-03-06	26	0	1	4	signed	screened	not-divided	Senate/ passed 2nd & 3rd readings/ suspension	Criminal Accounts Receivable Amendments
2214	HB0097	H		1628946	2026-02-10	66	1	1	4	signed	screened	not-divided	House/ passed 3rd reading	Medical Waste Amendments
2214	HB0097	S		1646971	2026-02-26	20	0	1	4	signed	screened	not-divided	Senate/ passed 3rd reading	Medical Waste Amendments
2214	HB0098	H		1618762	2026-01-28	39	33	1	6	none	screened	not-the-chambers-final-roll	House/ passed 3rd reading	Residential Notification Amendments
2214	HB0098	H		1628433	2026-02-10	29	40	0	6	none	screened	not-enacted-status-6	House/ failed	Residential Notification Amendments
2214	HB0098	S		1625722	2026-02-06	23	5	1	6	none	screened	not-divided	Senate/ passed 3rd reading	Residential Notification Amendments
2214	HB0099	H		1628060	2026-02-10	60	10	1	6	none	screened	not-divided	House/ passed 3rd reading	Eyewear Sales Tax Amendments
2214	HB0101	H		1623996	2026-02-04	68	0	1	4	signed	screened	not-divided	House/ passed 3rd reading	Firearm Background Check Amendments
2214	HB0101	H		1639743	2026-02-20	70	1	1	4	signed	screened	not-divided	House/ concurs with Senate amendment	Firearm Background Check Amendments
2214	HB0101	S		1638444	2026-02-19	24	1	1	4	signed	screened	not-divided	Senate/ passed 3rd reading	Firearm Background Check Amendments
2214	HB0102	H		1635470	2026-02-17	65	3	1	4	signed	screened	not-divided	House/ passed 3rd reading	Victim Privacy Amendments
2214	HB0102	S		1653597	2026-03-04	26	0	1	4	signed	screened	not-divided	Senate/ passed 2nd & 3rd readings/ suspension	Victim Privacy Amendments
2214	HB0103	H		1621518	2026-02-03	69	0	1	4	signed	screened	not-divided	House/ passed 3rd reading	Underage Marriage Amendments
2214	HB0103	S		1650960	2026-03-03	29	0	1	4	signed	screened	not-divided	Senate/ passed 3rd reading	Underage Marriage Amendments
2214	HB0104	H		1626050	2026-02-09	33	39	0	6	none	screened	not-enacted-status-6	House/ failed	State Holiday Amendments
2214	HB0105	H		1629012	2026-02-10	63	1	1	4	signed	screened	not-divided	House/ passed 3rd reading	Child Welfare Revisions
2214	HB0105	S		1646310	2026-02-26	20	0	1	4	signed	screened	not-divided	Senate/ passed 3rd reading	Child Welfare Revisions
2214	HB0108	H		1623736	2026-02-04	66	0	1	4	signed	screened	not-divided	House/ passed 3rd reading	Minors in State Custody Amendments
2214	HB0108	S		1654033	2026-03-04	26	0	1	4	signed	screened	not-divided	Senate/ passed 2nd & 3rd readings/ suspension	Minors in State Custody Amendments
2214	HB0110	H		1628919	2026-02-10	61	1	1	4	signed	screened	not-divided	House/ passed 3rd reading	Offender Modifications
2214	HB0110	H		1654464	2026-03-05	69	0	1	4	signed	screened	not-divided	House/ concurs with Senate amendment	Offender Modifications
2214	HB0110	S		1652477	2026-03-04	27	0	1	4	signed	screened	not-divided	Senate/ passed 2nd & 3rd readings/ suspension	Offender Modifications
2214	HB0111	H		1625734	2026-02-06	65	1	1	4	signed	screened	not-divided	House/ passed 3rd reading	Wildlife Amendments
2214	HB0111	H		1656706	2026-03-06	50	15	1	4	signed	dropped:not-recognizable	wildlife licensing details	House/ concurs with Senate amendment	Wildlife Amendments
2214	HB0111	S		1656705	2026-03-06	18	5	1	4	signed	dropped:not-recognizable	wildlife licensing details	Senate/ passed 2nd & 3rd readings/ suspension	Wildlife Amendments
2214	HB0112	H		1644888	2026-02-25	66	1	1	6	none	screened	not-divided	House/ passed 3rd reading	Political Advertising Amendments
2214	HB0113	H		1622512	2026-02-03	70	0	1	4	signed	screened	not-divided	House/ passed 3rd reading	Emergency Reporting Abuse Amendments
2214	HB0113	H		1656486	2026-03-06	64	0	1	4	signed	screened	not-divided	House/ concurs with Senate amendment	Emergency Reporting Abuse Amendments
2214	HB0113	S		1656485	2026-03-06	23	1	1	4	signed	screened	not-divided	Senate/ passed 2nd & 3rd readings/ suspension	Emergency Reporting Abuse Amendments
2214	HB0114	H		1639778	2026-02-20	70	0	1	2	none	screened	not-divided	House/ passed 3rd reading	Adult-oriented Performance and Material Amendments
2214	HB0115	H		1647669	2026-02-27	54	11	1	6	none	screened	not-divided	House/ passed 3rd reading	Motor Vehicle Sales Tax Amendments
2214	HB0116	H		1621581	2026-02-03	67	0	1	6	none	screened	not-divided	House/ passed 3rd reading	Criminal Fines Amendments
2214	HB0117	H		1628977	2026-02-10	59	10	1	4	signed	screened	not-divided	House/ passed 3rd reading	Organ Donation Amendments
2214	HB0117	S		1646002	2026-02-26	19	1	1	4	signed	screened	not-divided	Senate/ passed 3rd reading	Organ Donation Amendments
2214	HB0118	H		1631419	2026-02-12	58	13	1	4	signed	screened	not-divided	House/ passed 3rd reading	Driver Training Schools for Commercial Driver License Amendments
2214	HB0118	H		1656689	2026-03-06	46	14	1	4	signed	deferred:operator-direction	CDL applicants attest to English ability	House/ concurs with Senate amendment	Driver Training Schools for Commercial Driver License Amendments
2214	HB0118	S		1656688	2026-03-06	21	6	1	4	signed	deferred:operator-direction	CDL applicants attest to English ability	Senate/ passed 2nd & 3rd readings/ suspension	Driver Training Schools for Commercial Driver License Amendments
2214	HB0119	H		1644361	2026-02-25	67	1	1	4	signed	screened	not-divided	House/ passed 3rd reading	Automotive Repair Business Amendments
2214	HB0119	H		1656683	2026-03-06	68	1	1	4	signed	screened	not-divided	House/ concurs with Senate amendment	Automotive Repair Business Amendments
2214	HB0119	S		1656682	2026-03-06	25	0	1	4	signed	screened	not-divided	Senate/ passed 2nd & 3rd readings/ suspension	Automotive Repair Business Amendments
2214	HB0120	H		1622648	2026-02-03	36	32	0	6	none	screened	not-enacted-status-6	House/ failed	Tail Light Obstruction Amendments
2214	HB0122	H		1628963	2026-02-10	66	1	1	4	signed	screened	not-divided	House/ passed 3rd reading	Pregnant and Postpartum Inmate Amendments
2214	HB0122	S		1639867	2026-02-20	25	0	1	4	signed	screened	not-divided	Senate/ passed 3rd reading	Pregnant and Postpartum Inmate Amendments
2214	HB0123	H		1636146	2026-02-17	68	0	1	4	signed	screened	not-divided	House/ passed 3rd reading	Sex, Kidnap, and Child Abuse Offender Registration Amendments
2214	HB0123	H		1655961	2026-03-06	73	0	1	4	signed	screened	not-divided	House Conference Committee - Final Passage	Sex, Kidnap, and Child Abuse Offender Registration Amendments
2214	HB0123	S		1655402	2026-03-05	24	0	1	4	signed	screened	not-divided	Senate/ passed 2nd & 3rd readings/ suspension	Sex, Kidnap, and Child Abuse Offender Registration Amendments
2214	HB0123	S		1655919	2026-03-05	27	0	1	4	signed	screened	not-divided	Senate Conference Committee - Final Passage	Sex, Kidnap, and Child Abuse Offender Registration Amendments
2214	HB0124	H		1640069	2026-02-20	70	0	1	6	none	screened	not-divided	House/ passed 3rd reading	Veteran Armed Forces Property Tax Exemption Amendments
2214	HB0125	H		1644590	2026-02-25	65	0	1	4	signed	screened	not-divided	House/ passed 3rd reading	Department of Natural Resources Related Modifications Amendments
2214	HB0125	H		1656803	2026-03-06	66	1	1	4	signed	screened	not-divided	House Conference Committee - Final Passage	Department of Natural Resources Related Modifications Amendments
2214	HB0125	S		1656642	2026-03-06	24	0	1	4	signed	screened	not-divided	Senate/ passed 2nd & 3rd readings/ suspension	Department of Natural Resources Related Modifications Amendments
2214	HB0125	S		1656802	2026-03-06	29	0	1	4	signed	screened	not-divided	Senate Conference Committee - Final Passage	Department of Natural Resources Related Modifications Amendments
2214	HB0126	H		1623201	2026-02-04	67	0	1	4	signed	screened	not-divided	House/ passed 3rd reading	Micro-Education Entity Facility Amendments
2214	HB0126	S		1647675	2026-02-27	27	0	1	4	signed	screened	not-divided	Senate/ passed 3rd reading	Micro-Education Entity Facility Amendments
2214	HB0128	H		1622250	2026-02-03	59	7	1	4	signed	screened	not-divided	House/ passed 3rd reading	Traffic Amendments
2214	HB0128	S		1638390	2026-02-19	22	0	1	4	signed	screened	not-divided	Senate/ passed 3rd reading	Traffic Amendments
2214	HB0129	H		1641239	2026-02-23	53	15	1	4	signed	screened	not-the-chambers-final-roll	House/ passed 3rd reading	Education Board Amendments
2214	HB0129	H		1656622	2026-03-06	59	3	1	4	signed	screened	not-divided	House/ concurs with Senate amendment	Education Board Amendments
2214	HB0129	S		1656621	2026-03-06	28	0	1	4	signed	screened	not-divided	Senate/ passed 2nd & 3rd readings/ suspension	Education Board Amendments
2214	HB0130	H		1633264	2026-02-13	64	1	1	4	signed	screened	not-divided	House/ passed 3rd reading	Employment Medical Examination Expense Amendments
2214	HB0130	S		1644282	2026-02-25	26	0	1	4	signed	screened	not-divided	Senate/ passed 3rd reading	Employment Medical Examination Expense Amendments
2214	HB0132	H		1623888	2026-02-04	67	0	1	4	signed	screened	not-divided	House/ passed 3rd reading	Military Amendments
2214	HB0132	S		1638803	2026-02-19	26	0	1	4	signed	screened	not-divided	Senate/ passed 3rd reading	Military Amendments
2214	HB0134	H		1636039	2026-02-17	69	0	1	4	signed	screened	not-divided	House/ passed 3rd reading	Offender Transfer Amendments
2214	HB0134	S		1656649	2026-03-06	24	0	1	4	signed	screened	not-divided	Senate/ passed 2nd & 3rd readings/ suspension	Offender Transfer Amendments
2214	HB0136	H		1626290	2026-02-09	55	12	1	4	signed	screened	not-divided	House/ passed 3rd reading	Unlicensed Driver Amendments
2214	HB0136	H		1656105	2026-03-06	57	13	1	4	signed	screened	not-divided	House Conference Committee - Final Passage	Unlicensed Driver Amendments
2214	HB0136	S		1655065	2026-03-05	20	7	1	4	signed	screened	not-the-chambers-final-roll	Senate/ passed 2nd & 3rd readings/ suspension	Unlicensed Driver Amendments
2214	HB0136	S		1655846	2026-03-05	20	6	1	4	signed	deferred:operator-direction	vehicle impound and identification for drivers without a valid credential	Senate Conference Committee - Final Passage	Unlicensed Driver Amendments
2214	HB0137	H		1639527	2026-02-19	63	1	1	4	signed	screened	not-divided	House/ passed 3rd reading	Violent Crime Clearance Rate Amendments
2214	HB0137	S		1656472	2026-03-06	26	0	1	4	signed	screened	not-divided	Senate/ passed 2nd & 3rd readings/ suspension	Violent Crime Clearance Rate Amendments
2214	HB0138	H		1640671	2026-02-23	70	0	1	6	none	screened	not-divided	House/ passed 3rd reading	Child Abuse Homicide Amendments
2214	HB0139	H		1625617	2026-02-06	69	0	1	4	signed	screened	not-divided	House/ passed 3rd reading	Female Genital Mutilation Amendments
2214	HB0139	S		1639769	2026-02-20	25	0	1	4	signed	screened	not-divided	Senate/ passed 3rd reading	Female Genital Mutilation Amendments
2214	HB0141	H		1628673	2026-02-10	58	15	1	6	none	screened	not-enacted-status-6	House/ passed 3rd reading	International Money Transmission Amendments
2214	HB0142	H		1624734	2026-02-05	73	0	1	4	signed	screened	not-divided	House/ passed 3rd reading	School Fee Waiver Amendments
2214	HB0142	S		1644271	2026-02-25	26	0	1	4	signed	screened	not-divided	Senate/ passed 3rd reading	School Fee Waiver Amendments
2214	HB0143	H		1620220	2026-01-30	71	1	1	4	signed	screened	not-divided	House/ passed 3rd reading	Special Education Amendments
2214	HB0143	H		1640795	2026-02-23	67	0	1	4	signed	screened	not-divided	House/ concurs with Senate amendment	Special Education Amendments
2214	HB0143	S		1640120	2026-02-20	23	0	1	4	signed	screened	not-divided	Senate/ passed 3rd reading	Special Education Amendments
2214	HB0144	H		1636919	2026-02-18	69	0	1	4	signed	screened	not-divided	House/ passed 3rd reading	School Community Council Amendments
2214	HB0144	S		1655526	2026-03-05	26	0	1	4	signed	screened	not-divided	Senate/ passed 2nd & 3rd readings/ suspension	School Community Council Amendments
2214	HB0145	H		1637760	2026-02-18	66	1	1	4	signed	screened	not-divided	House/ passed 3rd reading	School Excused Absence Amendments
2214	HB0145	S		1656269	2026-03-06	19	2	1	4	signed	screened	not-divided	Senate/ passed 2nd & 3rd readings/ suspension	School Excused Absence Amendments
2214	HB0146	H		1620698	2026-02-02	71	0	1	4	signed	screened	not-divided	House/ passed 3rd reading	Mentoring and Supporting Teacher Excellence and Refinement Program Amendments
2214	HB0146	H		1654658	2026-03-05	71	0	1	4	signed	screened	not-divided	House/ concurs with Senate amendment	Mentoring and Supporting Teacher Excellence and Refinement Program Amendments
2214	HB0146	S		1652886	2026-03-04	27	0	1	4	signed	screened	not-divided	Senate/ passed 2nd & 3rd readings/ suspension	Mentoring and Supporting Teacher Excellence and Refinement Program Amendments
2214	HB0147	H		1640854	2026-02-23	67	0	1	4	signed	screened	not-divided	House/ passed 3rd reading	Government Form Submission Amendments
2214	HB0147	H		1656193	2026-03-06	69	1	1	4	signed	screened	not-divided	House/ concurs with Senate amendment	Government Form Submission Amendments
2214	HB0147	S		1655803	2026-03-05	27	0	1	4	signed	screened	not-divided	Senate/ passed 2nd & 3rd readings/ suspension	Government Form Submission Amendments
2214	HB0148	H		1626180	2026-02-09	70	1	1	4	signed	screened	not-divided	House/ passed 3rd reading	Tax Return Donation Amendments
2214	HB0148	S		1639756	2026-02-20	26	0	1	4	signed	screened	not-divided	Senate/ passed 3rd reading	Tax Return Donation Amendments
2214	HB0149	H		1648091	2026-02-27	63	1	1	6	none	screened	not-divided	House/ passed 3rd reading	Sexual Material Modifications
2214	HB0150	H		1628250	2026-02-10	69	1	1	6	none	screened	not-divided	House/ passed 3rd reading	School-based Speech-language Pathologist Funding Amendments
2214	HB0153	H		1639287	2026-02-19	64	0	1	4	signed	screened	not-divided	House/ passed 3rd reading	Law Enforcement Officer Employment Amendments
2214	HB0153	S		1655201	2026-03-05	22	0	1	4	signed	screened	not-divided	Senate/ passed 2nd & 3rd readings/ suspension	Law Enforcement Officer Employment Amendments
2214	HB0154	H		1636067	2026-02-17	48	22	1	6	none	screened	not-enacted-status-6	House/ passed 3rd reading	Water Loss Study Amendments
2214	HB0156	H		1625006	2026-02-05	64	7	1	6	none	screened	not-divided	House/ passed 3rd reading	Blood Transfusion Amendments
2214	HB0157	H		1638936	2026-02-19	57	1	1	6	none	screened	not-divided	House/ passed 3rd reading	Department of Natural Resources Amendments
2214	HB0158	H		1633544	2026-02-13	66	1	1	4	signed	screened	not-divided	House/ passed 3rd reading	Unlawful Tracking Amendments
2214	HB0158	H		1654999	2026-03-05	66	1	1	4	signed	screened	not-divided	House/ concurs with Senate amendment	Unlawful Tracking Amendments
2214	HB0158	S		1653954	2026-03-04	24	0	1	4	signed	screened	not-divided	Senate/ passed 2nd & 3rd readings/ suspension	Unlawful Tracking Amendments
2214	HB0163	H		1624956	2026-02-05	71	0	1	4	signed	screened	not-divided	House/ passed 3rd reading	Grow Your Own Educator Pipeline Program Amendments
2214	HB0163	S		1638300	2026-02-19	25	0	1	4	signed	screened	not-divided	Senate/ passed 3rd reading	Grow Your Own Educator Pipeline Program Amendments
2214	HB0164	H		1620956	2026-02-02	72	0	1	5	vetoed	screened	not-divided	House/ passed 3rd reading	Health Care Patient Reporting to the Division of Professional Licensing
2214	HB0164	H		1640106	2026-02-20	70	0	1	5	vetoed	screened	not-divided	House/ concurs with Senate amendment	Health Care Patient Reporting to the Division of Professional Licensing
2214	HB0164	S		1638438	2026-02-19	24	0	1	5	vetoed	screened	not-divided	Senate/ passed 3rd reading	Health Care Patient Reporting to the Division of Professional Licensing
2214	HB0165	H		1629004	2026-02-10	60	0	1	4	signed	screened	not-divided	House/ passed 3rd reading	Critical Infrastructure Amendments
2214	HB0165	H		1648548	2026-03-02	68	1	1	4	signed	screened	not-divided	House Conference Committee - Final Passage	Critical Infrastructure Amendments
2214	HB0165	S		1646395	2026-02-26	20	0	1	4	signed	screened	not-divided	Senate/ passed 3rd reading	Critical Infrastructure Amendments
2214	HB0165	S		1647961	2026-02-27	24	0	1	4	signed	screened	not-divided	Senate Conference Committee - Final Passage	Critical Infrastructure Amendments
2214	HB0168	H		1635717	2026-02-17	65	3	1	6	none	screened	not-divided	House/ passed 3rd reading	Hunting and Fishing Amendments
2214	HB0170	H		1633359	2026-02-13	50	21	1	6	none	screened	not-enacted-status-6	House/ passed 3rd reading	School Board Referendum Amendments
2214	HB0170	S		1656707	2026-03-06	9	15	0	6	none	screened	not-enacted-status-6	Senate/ failed	School Board Referendum Amendments
2214	HB0171	H		1626640	2026-02-09	68	0	1	4	signed	screened	not-divided	House/ passed 3rd reading	Physician Assistant Amendments
2214	HB0171	S		1641145	2026-02-23	23	0	1	4	signed	screened	not-divided	Senate/ passed 3rd reading	Physician Assistant Amendments
2214	HB0172	H		1628562	2026-02-10	69	1	1	4	signed	screened	not-divided	House/ passed 3rd reading	Food Safety Amendments
2214	HB0172	S		1639798	2026-02-20	25	0	1	4	signed	screened	not-divided	Senate/ passed 3rd reading	Food Safety Amendments
2214	HB0174	H		1624797	2026-02-05	54	15	1	4	signed	screened	not-the-chambers-final-roll	House/ passed 3rd reading	Sex Characteristic Change Treatment Amendments
2214	HB0174	H		1648856	2026-03-02	48	16	1	4	signed	screened	not-the-chambers-final-roll	House/ concurs with Senate amendment	Sex Characteristic Change Treatment Amendments
2214	HB0174	H		1648857	2026-03-02	53	15	1	4	signed	deferred:operator-direction	bars cross-sex hormones and puberty blockers for minors	House/ concurs with Senate amendment	Sex Characteristic Change Treatment Amendments
2214	HB0174	S		1647737	2026-02-27	20	6	1	4	signed	deferred:operator-direction	bars cross-sex hormones and puberty blockers for minors	Senate/ passed 3rd reading	Sex Characteristic Change Treatment Amendments
2214	HB0176	H		1648045	2026-02-27	65	1	1	4	signed	screened	not-divided	House/ passed 3rd reading	Trust Business Modifications
2214	HB0176	S		1656743	2026-03-06	25	0	1	4	signed	screened	not-divided	Senate/ passed 2nd & 3rd readings/ suspension	Trust Business Modifications
2214	HB0177	H		1629060	2026-02-10	69	2	1	4	signed	screened	not-divided	House/ passed 3rd reading	ROTC Resident Student Status
2214	HB0177	H		1647946	2026-02-27	69	0	1	4	signed	screened	not-divided	House/ concurs with Senate amendment	ROTC Resident Student Status
2214	HB0177	S		1646207	2026-02-26	20	0	1	4	signed	screened	not-divided	Senate/ passed 3rd reading	ROTC Resident Student Status
2214	HB0178	H		1623909	2026-02-04	69	0	1	4	signed	screened	not-divided	House/ passed 3rd reading	School Zone Speeding Amendments
2214	HB0178	H		1649170	2026-03-02	63	3	1	4	signed	screened	not-divided	House/ concurs with Senate amendment	School Zone Speeding Amendments
2214	HB0178	S		1648152	2026-02-27	25	2	1	4	signed	screened	not-divided	Senate/ passed 3rd reading	School Zone Speeding Amendments
2214	HB0179	H		1632352	2026-02-12	46	20	1	4	signed	screened	not-the-chambers-final-roll	House/ passed 3rd reading	Milk Amendments
2214	HB0179	H		1656505	2026-03-06	65	0	1	4	signed	screened	not-divided	House/ concurs with Senate amendment	Milk Amendments
2214	HB0179	S		1656132	2026-03-06	25	0	1	4	signed	screened	not-divided	Senate/ passed 2nd & 3rd readings/ suspension	Milk Amendments
2214	HB0181	H		1625731	2026-02-06	70	0	1	4	signed	screened	not-divided	House/ passed 3rd reading	Uniform Estate Planning Amendments
2214	HB0181	S		1638339	2026-02-19	25	0	1	4	signed	screened	not-divided	Senate/ passed 3rd reading	Uniform Estate Planning Amendments
2214	HB0182	H		1619625	2026-01-29	69	0	1	4	signed	screened	not-divided	House/ passed 3rd reading	Genetic Information Amendments
2214	HB0182	H		1639770	2026-02-20	67	0	1	4	signed	screened	not-divided	House/ concurs with Senate amendment	Genetic Information Amendments
2214	HB0182	S		1638565	2026-02-19	26	0	1	4	signed	screened	not-divided	Senate/ passed 3rd reading	Genetic Information Amendments
2214	HB0183	H		1649589	2026-03-02	58	14	1	6	none	screened	not-divided	House/ passed 3rd reading	Sex Designation Amendments
2214	HB0185	H		1648938	2026-03-02	70	0	1	4	signed	screened	not-divided	House/ passed 3rd reading	Carbon Credit Amendments
2214	HB0185	S		1653644	2026-03-04	19	6	1	4	signed	batch-09	imported 2026-09-10, run 16:43:17.988Z	Senate/ passed 2nd & 3rd readings/ suspension	Carbon Credit Amendments
2214	HB0186	H		1622676	2026-02-03	70	0	1	4	signed	screened	not-divided	House/ passed 3rd reading	Judicial Conduct Commission Amendments
2214	HB0186	S		1633539	2026-02-13	25	1	1	4	signed	screened	not-divided	Senate/ passed 3rd reading	Judicial Conduct Commission Amendments
2214	HB0187	H		1631737	2026-02-12	66	0	1	4	signed	screened	not-divided	House/ passed 3rd reading	Water Amendments
2214	HB0187	S		1646630	2026-02-26	20	1	1	4	signed	screened	not-divided	Senate/ passed 3rd reading	Water Amendments
2214	HB0188	H		1641853	2026-02-23	62	10	1	4	signed	screened	not-divided	House/ passed 3rd reading	Juvenile Justice Amendments
2214	HB0188	S		1655900	2026-03-05	21	6	1	4	signed	batch-09	imported 2026-09-10, run 16:43:17.988Z	Senate/ passed 2nd & 3rd readings/ suspension	Juvenile Justice Amendments
2214	HB0190	H		1637489	2026-02-18	48	21	1	4	signed	dropped:no-area	expands an employer child care tax credit; a business credit, not personal income tax	House/ passed 3rd reading	Child Care Business Tax Credit
2214	HB0190	S		1652296	2026-03-04	20	6	1	4	signed	dropped:no-area	expands an employer child care tax credit; a business credit, not personal income tax	Senate/ passed 2nd & 3rd readings/ suspension	Child Care Business Tax Credit
2214	HB0192	H		1624637	2026-02-05	40	31	1	4	signed	batch-08	imported 2026-09-10, run 16:30:43.365Z	House/ passed 3rd reading	Vehicle Inspection Fee Amendments
2214	HB0192	S		1639941	2026-02-20	24	0	1	4	signed	screened	not-divided	Senate/ passed 3rd reading	Vehicle Inspection Fee Amendments
2214	HB0193	H		1624868	2026-02-05	48	21	1	6	none	screened	not-enacted-status-6	House/ passed 3rd reading	Transgender Medical Procedures Amendments
2214	HB0194	H		1636950	2026-02-18	61	2	1	4	signed	screened	not-divided	House/ passed 3rd reading	Utah State Board of Education Ethics Amendments
2214	HB0194	H		1656817	2026-03-06	63	1	1	4	signed	screened	not-divided	House/ concurs with Senate amendment	Utah State Board of Education Ethics Amendments
2214	HB0194	S		1656816	2026-03-06	25	0	1	4	signed	screened	not-divided	Senate/ passed 2nd & 3rd readings/ suspension	Utah State Board of Education Ethics Amendments
2214	HB0195	H		1629107	2026-02-10	65	6	1	3	became-law-without-signature	screened	not-divided	House/ passed 3rd reading	Precious Metals Amendments
2214	HB0195	S		1655027	2026-03-05	14	7	0	3	became-law-without-signature	screened	not-the-chambers-final-roll	Senate/ failed	Precious Metals Amendments
2214	HB0195	S		1655760	2026-03-05	22	6	1	3	became-law-without-signature	dropped:not-recognizable	precious metals study and electronic currency proposals	Senate/ passed 2nd & 3rd readings/ suspension	Precious Metals Amendments
2214	HB0197	H		1640115	2026-02-20	47	17	1	6	none	screened	not-enacted-status-6	House/ passed 3rd reading	School Materials Amendments
2214	HB0199	H		1619209	2026-01-29	70	1	1	4	signed	screened	not-divided	House/ passed 3rd reading	Health Data Amendments
2214	HB0199	S		1631668	2026-02-12	29	0	1	4	signed	screened	not-divided	Senate/ passed 3rd reading	Health Data Amendments
2214	HB0204	H		1634954	2026-02-17	54	14	1	4	signed	screened	not-the-chambers-final-roll	House/ passed 3rd reading	Higher Education Student Belief Accommodation
2214	HB0204	H		1656757	2026-03-06	57	14	1	4	signed	screened	not-divided	House/ concurs with Senate amendment	Higher Education Student Belief Accommodation
2214	HB0204	S		1656310	2026-03-06	17	5	1	4	signed	deferred:operator-direction	broadens religious and conscience accommodation for college students	Senate/ passed 2nd & 3rd readings/ suspension	Higher Education Student Belief Accommodation
2214	HB0205	H		1630032	2026-02-11	71	1	1	4	signed	screened	not-divided	House/ passed 3rd reading	Substance Use Intervention Amendments
2214	HB0205	H		1656385	2026-03-06	69	1	1	4	signed	screened	not-divided	House/ concurs with Senate amendment	Substance Use Intervention Amendments
2214	HB0205	S		1655901	2026-03-05	28	0	1	4	signed	screened	not-divided	Senate/ passed 2nd & 3rd readings/ suspension	Substance Use Intervention Amendments
2214	HB0205	S		1655902	2026-03-05	28	0	1	4	signed	screened	not-divided	Senate/ passed 2nd & 3rd readings/ suspension	Substance Use Intervention Amendments
2214	HB0207	H		1636074	2026-02-17	70	0	1	4	signed	screened	not-divided	House/ passed 3rd reading	Competency Amendments
2214	HB0207	H		1655914	2026-03-05	67	1	1	4	signed	screened	not-divided	House/ concurs with Senate amendment	Competency Amendments
2214	HB0207	S		1655371	2026-03-05	23	0	1	4	signed	screened	not-divided	Senate/ passed 2nd & 3rd readings/ suspension	Competency Amendments
2214	HB0209	H		1616956	2026-01-26	62	13	1	4	signed	screened	not-divided	House/ passed 3rd reading	Voting Amendments
2214	HB0209	H		1654849	2026-03-05	51	16	1	4	signed	deferred:operator-direction	election officers may independently find a registered voter is not a citizen; same class as HB 300 (2025)	House/ concurs with Senate amendment	Voting Amendments
2214	HB0209	S		1652526	2026-03-04	17	8	1	4	signed	deferred:operator-direction	election officers may independently find a registered voter is not a citizen; same class as HB 300 (2025)	Senate/ passed 2nd & 3rd readings/ suspension	Voting Amendments
2214	HB0210	H		1648833	2026-03-02	31	42	0	6	none	screened	not-enacted-status-6	House/ failed	Tax Penalties Amendments
2214	HB0211	H		1619611	2026-01-29	70	0	1	4	signed	screened	not-divided	House/ passed 3rd reading	Real Property Recording Amendments
2214	HB0211	S		1629999	2026-02-11	24	0	1	4	signed	screened	not-divided	Senate/ passed 3rd reading	Real Property Recording Amendments
2214	HB0212	H		1640194	2026-02-20	56	10	1	6	none	screened	not-divided	House/ passed 3rd reading	County Formation Amendments
2214	HB0212	S		1656658	2026-03-06	13	14	0	6	none	screened	not-the-chambers-final-roll	Senate/ failed	County Formation Amendments
2214	HB0212	S		1656866	2026-03-07	17	12	1	6	none	screened	not-enacted-status-6	Senate/ passed 2nd & 3rd readings/ suspension	County Formation Amendments
2214	HB0214	H		1624496	2026-02-05	61	12	1	4	signed	screened	not-divided	House/ passed 3rd reading	Firearms Liability Amendments
2214	HB0214	S		1639779	2026-02-20	19	6	1	4	signed	batch-07	imported 2026-09-10, run 06:54:37.475Z	Senate/ passed 3rd reading	Firearms Liability Amendments
2214	HB0215	H		1627887	2026-02-10	72	0	1	4	signed	screened	not-divided	House/ passed 3rd reading	Landscaping Restrictions Amendments
2214	HB0215	S		1639745	2026-02-20	24	1	1	4	signed	screened	not-divided	Senate/ passed 3rd reading	Landscaping Restrictions Amendments
2214	HB0216	H		1640672	2026-02-23	68	0	1	6	none	screened	not-divided	House/ passed 3rd reading	Child Support Calculation Amendments
2214	HB0217	H		1631800	2026-02-12	69	0	1	4	signed	screened	not-divided	House/ passed 3rd reading	Stolen Vehicle Amendments
2214	HB0217	S		1648106	2026-02-27	25	0	1	4	signed	screened	not-divided	Senate/ passed 3rd reading	Stolen Vehicle Amendments
2214	HB0218	H		1634987	2026-02-17	73	0	1	4	signed	screened	not-divided	House/ passed 3rd reading	Digital Skills Amendments
2214	HB0218	S		1656523	2026-03-06	26	0	1	4	signed	screened	not-divided	Senate/ passed 2nd & 3rd readings/ suspension	Digital Skills Amendments
2214	HB0219	H		1641855	2026-02-23	38	31	1	4	signed	dropped:no-direction	voluntary college writing requirements	House/ passed 3rd reading	Higher Education Civics Amendments
2214	HB0219	S		1656099	2026-03-06	17	3	1	4	signed	screened	not-divided	Senate/ passed 2nd & 3rd readings/ suspension	Higher Education Civics Amendments
2214	HB0220	H		1629844	2026-02-11	69	1	1	4	signed	screened	not-divided	House/ passed 3rd reading	Public Safety Data Amendments
2214	HB0220	S		1639870	2026-02-20	25	0	1	4	signed	screened	not-divided	Senate/ passed 3rd reading	Public Safety Data Amendments
2214	HB0221	H		1639008	2026-02-19	62	0	1	4	signed	screened	not-divided	House/ passed 3rd reading	Coercion Amendments
2214	HB0221	S		1652469	2026-03-04	27	0	1	4	signed	screened	not-divided	Senate/ passed 3rd reading	Coercion Amendments
2214	HB0222	H		1628559	2026-02-10	63	8	1	4	signed	screened	not-divided	House/ passed 3rd reading	Limitation of Actions Amendments
2214	HB0222	S		1639742	2026-02-20	20	6	1	4	signed	batch-07	imported 2026-09-10, run 06:54:37.475Z	Senate/ passed 3rd reading	Limitation of Actions Amendments
2214	HB0223	H		1626742	2026-02-09	46	25	1	6	none	screened	not-enacted-status-6	House/ passed 3rd reading	Electronic Signature Collection Amendments
2214	HB0223	S		1654548	2026-03-05	11	18	0	6	none	screened	not-enacted-status-6	Senate/ failed	Electronic Signature Collection Amendments
2214	HB0228	H		1640136	2026-02-20	68	0	1	4	signed	screened	not-divided	House/ passed 3rd reading	Vehicle Sales Amendments
2214	HB0228	S		1654534	2026-03-05	26	0	1	4	signed	screened	not-divided	Senate/ passed 2nd & 3rd readings/ suspension	Vehicle Sales Amendments
2214	HB0229	H		1628916	2026-02-10	71	1	1	6	none	screened	not-divided	House/ passed 3rd reading	Restricted Account Modifications
2214	HB0230	H		1625768	2026-02-06	66	0	1	4	signed	screened	not-divided	House/ passed 3rd reading	Offender Amendments
2214	HB0230	S		1653605	2026-03-04	28	0	1	4	signed	screened	not-divided	Senate/ passed 2nd & 3rd readings/ suspension	Offender Amendments
2214	HB0231	H		1651021	2026-03-03	21	52	0	6	none	screened	not-enacted-status-6	House/ failed	Restaurant Tax Repeal Amendments
2214	HB0234	H		1630727	2026-02-11	32	42	0	6	none	screened	not-enacted-status-6	House/ failed	Education Testing Amendments
2214	HB0235	H		1650861	2026-03-03	55	14	1	6	none	screened	not-enacted-status-6	House/ passed 3rd reading	Income Tax Revisions
2214	HB0236	H		1628801	2026-02-10	72	0	1	4	signed	screened	not-divided	House/ passed 3rd reading	Truth in Taxation Amendments
2214	HB0236	H		1656762	2026-03-06	67	0	1	4	signed	screened	not-divided	House/ concurs with Senate amendment	Truth in Taxation Amendments
2214	HB0236	S		1656488	2026-03-06	28	0	1	4	signed	screened	not-divided	Senate/ passed 2nd & 3rd readings/ suspension	Truth in Taxation Amendments
2214	HB0236	S		1656761	2026-03-06	28	0	1	4	signed	screened	not-divided	Senate/ passed 2nd & 3rd readings/ suspension	Truth in Taxation Amendments
2214	HB0238	H		1625096	2026-02-05	68	1	1	4	signed	screened	not-divided	House/ passed 3rd reading	Utah Energy Generation and Transmission Planning
2214	HB0238	H		1639796	2026-02-20	69	1	1	4	signed	screened	not-divided	House/ concurs with Senate amendment	Utah Energy Generation and Transmission Planning
2214	HB0238	S		1638643	2026-02-19	24	0	1	4	signed	screened	not-divided	Senate/ passed 3rd reading	Utah Energy Generation and Transmission Planning
2214	HB0240	H		1637338	2026-02-18	47	23	1	4	signed	dropped:not-recognizable	carbon dioxide system licensing	House/ passed 3rd reading	Carbon Dioxide System Amendments
2214	HB0240	S		1656601	2026-03-06	17	10	1	4	signed	dropped:not-recognizable	carbon dioxide system licensing	Senate/ passed 2nd & 3rd readings/ suspension	Carbon Dioxide System Amendments
2214	HB0241	H		1628835	2026-02-10	46	22	1	6	none	screened	not-enacted-status-6	House/ passed 3rd reading	Charter School Amendments
2214	HB0241	S		1652341	2026-03-04	10	17	0	6	none	screened	not-enacted-status-6	Senate/ failed	Charter School Amendments
2214	HB0242	H		1623649	2026-02-04	68	0	1	4	signed	screened	not-divided	House/ passed 3rd reading	Initiative and Referendum Signature Gathering and Removal Amendments
2214	HB0242	H		1656675	2026-03-06	57	12	1	4	signed	screened	not-divided	House/ concurs with Senate amendment	Initiative and Referendum Signature Gathering and Removal Amendments
2214	HB0242	S		1656674	2026-03-06	21	7	1	4	signed	dropped:no-direction	signature removal gathering rules; Arkansas ballot-initiative precedent	Senate/ passed 2nd & 3rd readings/ suspension	Initiative and Referendum Signature Gathering and Removal Amendments
2214	HB0243	H		1628678	2026-02-10	63	9	1	6	signed	screened	not-divided	House/ passed 3rd reading	Gambling Revisions
2214	HB0243	S		1648410	2026-02-27	25	0	1	6	signed	screened	not-divided	Senate/ passed 3rd reading	Gambling Revisions
2214	HB0245	H		1639907	2026-02-20	25	46	0	6	none	screened	not-enacted-status-6	House/ failed	Construction Wage Standard Act
2214	HB0246	H		1625696	2026-02-06	69	0	1	4	signed	screened	not-divided	House/ passed 3rd reading	Local Government Drug Testing Amendments
2214	HB0246	S		1644252	2026-02-25	27	0	1	4	signed	screened	not-divided	Senate/ passed 3rd reading	Local Government Drug Testing Amendments
2214	HB0247	H		1635584	2026-02-17	71	0	1	4	signed	screened	not-divided	House/ passed 3rd reading	Great Salt Lake Related Amendments
2214	HB0247	H		1656489	2026-03-06	67	0	1	4	signed	screened	not-divided	House/ concurs with Senate amendment	Great Salt Lake Related Amendments
2214	HB0247	S		1656170	2026-03-06	21	0	1	4	signed	screened	not-divided	Senate/ passed 2nd & 3rd readings/ suspension	Great Salt Lake Related Amendments
2214	HB0248	H		1628540	2026-02-10	66	3	1	4	signed	screened	not-divided	House/ passed 3rd reading	Family Law Modifications
2214	HB0248	H		1655040	2026-03-05	65	1	1	4	signed	screened	not-divided	House/ concurs with Senate amendment	Family Law Modifications
2214	HB0248	S		1654063	2026-03-04	24	0	1	4	signed	screened	not-divided	Senate/ passed 2nd & 3rd readings/ suspension	Family Law Modifications
2214	HB0249	H		1641349	2026-02-23	69	1	1	4	signed	screened	not-divided	House/ passed 3rd reading	Federal Funds Modifications
2214	HB0249	S		1653095	2026-03-04	26	1	1	4	signed	screened	not-divided	Senate/ passed 2nd & 3rd readings/ suspension	Federal Funds Modifications
2214	HB0250	H		1628563	2026-02-10	71	1	1	4	signed	screened	not-divided	House/ passed 3rd reading	Utah Retirement Plan Exchange
2214	HB0250	S		1639741	2026-02-20	23	1	1	4	signed	screened	not-divided	Senate/ passed 3rd reading	Utah Retirement Plan Exchange
2214	HB0251	H		1631636	2026-02-12	68	0	1	4	signed	screened	not-divided	House/ passed 3rd reading	Diligence Claims Water Amendments
2214	HB0251	S		1646759	2026-02-26	19	0	1	4	signed	screened	not-divided	Senate/ passed 3rd reading	Diligence Claims Water Amendments
2214	HB0255	H		1637023	2026-02-18	65	1	1	6	none	screened	not-divided	House/ passed 3rd reading	Health Care Sharing Ministry Amendments
2214	HB0257	H		1647336	2026-02-26	26	45	0	6	none	screened	not-enacted-status-6	House/ failed	Opiate Information Amendments
2214	HB0258	H		1624770	2026-02-05	53	16	1	4	signed	deferred:operator-direction	requires coverage to reverse a sex transition where a plan covers transition	House/ passed 3rd reading	Insurance Coverage Amendments
2214	HB0258	S		1652163	2026-03-03	17	9	1	4	signed	deferred:operator-direction	requires coverage to reverse a sex transition where a plan covers transition	Senate/ passed 3rd reading	Insurance Coverage Amendments
2214	HB0259	H		1638320	2026-02-19	61	11	1	4	signed	screened	not-divided	House/ passed 3rd reading	Parental Access to Children's Medical Records Amendments
2214	HB0259	H		1656217	2026-03-06	56	14	1	4	signed	deferred:operator-direction	parents' access to a child's medical records	House/ concurs with Senate amendment	Parental Access to Children's Medical Records Amendments
2214	HB0259	S		1655887	2026-03-05	22	6	1	4	signed	deferred:operator-direction	parents' access to a child's medical records	Senate/ passed 2nd & 3rd readings/ suspension	Parental Access to Children's Medical Records Amendments
2214	HB0260	H		1625587	2026-02-06	62	4	1	4	signed	screened	not-divided	House/ passed 3rd reading	Unauthorized Practice of Law Amendments
2214	HB0260	H		1656744	2026-03-06	71	1	1	4	signed	screened	not-divided	House/ concurs with Senate amendment	Unauthorized Practice of Law Amendments
2214	HB0260	S		1656557	2026-03-06	25	2	1	4	signed	screened	not-divided	Senate/ passed 2nd & 3rd readings/ suspension	Unauthorized Practice of Law Amendments
2214	HB0261	H		1638810	2026-02-19	71	0	1	4	signed	screened	not-divided	House/ passed 3rd reading	Electronic Information Privacy Act Amendments
2214	HB0261	S		1656038	2026-03-06	22	5	1	4	signed	screened	not-divided	Senate/ passed 2nd & 3rd readings/ suspension	Electronic Information Privacy Act Amendments
2214	HB0263	H		1635446	2026-02-17	33	37	0	6	none	screened	not-the-chambers-final-roll	House/ failed	Heavy Duty Vehicle Amendments
2214	HB0263	H		1637005	2026-02-18	40	25	1	6	none	screened	not-enacted-status-6	House/ passed 3rd reading	Heavy Duty Vehicle Amendments
2214	HB0264	H		1625792	2026-02-06	69	0	1	4	signed	screened	not-divided	House/ passed 3rd reading	Prescription Medication Amendments
2214	HB0264	H		1640125	2026-02-20	72	0	1	4	signed	screened	not-divided	House/ concurs with Senate amendment	Prescription Medication Amendments
2214	HB0264	S		1638488	2026-02-19	25	0	1	4	signed	screened	not-divided	Senate/ passed 3rd reading	Prescription Medication Amendments
2214	HB0265	H		1629061	2026-02-10	72	0	1	4	signed	screened	not-divided	House/ passed 3rd reading	Non-nicotine Inhalation Product Amendments
2214	HB0265	H		1656236	2026-03-06	64	1	1	4	signed	screened	not-divided	House/ concurs with Senate amendment	Non-nicotine Inhalation Product Amendments
2214	HB0265	S		1656235	2026-03-06	27	0	1	4	signed	screened	not-divided	Senate/ passed 2nd & 3rd readings/ suspension	Non-nicotine Inhalation Product Amendments
2214	HB0268	H		1628191	2026-02-10	70	0	1	4	signed	screened	not-divided	House/ passed 3rd reading	Towing Notice and Ownership Rights Modifications
2214	HB0268	S		1639838	2026-02-20	24	0	1	4	signed	screened	not-divided	Senate/ passed 3rd reading	Towing Notice and Ownership Rights Modifications
2214	HB0269	H		1633154	2026-02-13	67	1	1	4	signed	screened	not-divided	House/ passed 3rd reading	Ambulance Provider Payment Amendments
2214	HB0269	H		1655848	2026-03-05	66	1	1	4	signed	screened	not-divided	House/ concurs with Senate amendment	Ambulance Provider Payment Amendments
2214	HB0269	S		1655847	2026-03-05	26	0	1	4	signed	screened	not-divided	Senate/ passed 2nd & 3rd readings/ suspension	Ambulance Provider Payment Amendments
2214	HB0270	H		1635197	2026-02-17	71	0	1	4	signed	screened	not-divided	House/ passed 3rd reading	Healthcare Worker Post-Employment Amendments
2214	HB0270	H		1655640	2026-03-05	66	1	1	4	signed	screened	not-divided	House/ concurs with Senate amendment	Healthcare Worker Post-Employment Amendments
2214	HB0270	S		1654810	2026-03-05	19	1	1	4	signed	held	tally-mismatch: LegiScan 19-1, sheet 18-2 (Weiler wrong side)	Senate/ passed 2nd & 3rd readings/ suspension	Healthcare Worker Post-Employment Amendments
2214	HB0271	H		1632505	2026-02-12	63	0	1	4	signed	screened	not-divided	House/ passed 3rd reading	Multi-Agency Joint Strike Force Modifications
2214	HB0271	S		1643984	2026-02-25	26	0	1	4	signed	screened	not-divided	Senate/ passed 3rd reading	Multi-Agency Joint Strike Force Modifications
2214	HB0272	H		1624997	2026-02-05	71	0	1	4	signed	screened	not-divided	House/ passed 3rd reading	Tourism Taxes Amendments
2214	HB0272	S		1638439	2026-02-19	26	0	1	4	signed	screened	not-divided	Senate/ passed 3rd reading	Tourism Taxes Amendments
2214	HB0273	H		1637315	2026-02-18	68	1	1	4	signed	screened	not-divided	House/ passed 3rd reading	Classroom Technology Amendments
2214	HB0273	H		1654846	2026-03-05	62	6	1	4	signed	screened	not-divided	House/ concurs with Senate amendment	Classroom Technology Amendments
2214	HB0273	S		1652981	2026-03-04	17	9	1	4	signed	batch-09	imported 2026-09-10, run 16:43:17.988Z	Senate/ passed 2nd & 3rd readings/ suspension	Classroom Technology Amendments
2214	HB0274	H		1625837	2026-02-06	69	0	1	4	signed	screened	not-divided	House/ passed 3rd reading	Sentencing Amendments
2214	HB0274	H		1643129	2026-02-24	69	0	1	4	signed	screened	not-divided	House/ concurs with Senate amendment	Sentencing Amendments
2214	HB0274	S		1640683	2026-02-23	23	3	1	4	signed	screened	not-divided	Senate/ passed 3rd reading	Sentencing Amendments
2214	HB0276	H		1640101	2026-02-20	66	0	1	4	signed	screened	not-divided	House/ passed 3rd reading	Artificial Intelligence Modifications
2214	HB0276	H		1654618	2026-03-05	66	0	1	4	signed	screened	not-divided	House/ concurs with Senate amendment	Artificial Intelligence Modifications
2214	HB0276	S		1653847	2026-03-04	23	3	1	4	signed	screened	not-divided	Senate/ passed 2nd & 3rd readings/ suspension	Artificial Intelligence Modifications
2214	HB0277	H		1637078	2026-02-18	51	18	1	6	none	screened	not-enacted-status-6	House/ passed 3rd reading	Traditional Healing Amendments
2214	HB0279	H		1624928	2026-02-05	71	0	1	4	signed	screened	not-divided	House/ passed 3rd reading	Higher Education Code Amendments
2214	HB0279	H		1640491	2026-02-20	72	0	1	4	signed	screened	not-divided	House/ concurs with Senate amendment	Higher Education Code Amendments
2214	HB0279	S		1638457	2026-02-19	26	0	1	4	signed	screened	not-divided	Senate/ passed 3rd reading	Higher Education Code Amendments
2214	HB0280	H		1643245	2026-02-24	67	1	1	4	signed	screened	not-divided	House/ passed 3rd reading	Third Party Litigation Funding Amendments
2214	HB0280	S		1653944	2026-03-04	25	0	1	4	signed	screened	not-divided	Senate/ passed 2nd & 3rd readings/ suspension	Third Party Litigation Funding Amendments
2214	HB0284	H		1638713	2026-02-19	57	0	1	4	signed	screened	not-divided	House/ passed 3rd reading	Murder Offense Amendments
2214	HB0284	S		1650724	2026-03-03	27	1	1	4	signed	screened	not-divided	Senate/ passed 3rd reading	Murder Offense Amendments
2214	HB0288	H		1626192	2026-02-09	39	32	1	6	none	screened	not-enacted-status-6	House/ passed 3rd reading	Voting Registration Amendments
2214	HB0289	H		1635664	2026-02-17	71	0	1	4	signed	screened	not-divided	House/ passed 3rd reading	Child Sexual Abuse Material Amendments
2214	HB0289	S		1656575	2026-03-06	25	0	1	4	signed	screened	not-divided	Senate/ passed 2nd & 3rd readings/ suspension	Child Sexual Abuse Material Amendments
2214	HB0290	H		1636866	2026-02-18	69	1	1	4	signed	screened	not-divided	House/ passed 3rd reading	Child Tax Credit Amendments
2214	HB0290	S		1652896	2026-03-04	26	1	1	4	signed	screened	not-divided	Senate/ passed 2nd & 3rd readings/ suspension	Child Tax Credit Amendments
2214	HB0291	H		1625851	2026-02-06	64	0	1	4	signed	screened	not-divided	House/ passed 3rd reading	Security and Land Restriction Amendments
2214	HB0291	S		1639768	2026-02-20	23	0	1	4	signed	screened	not-divided	Senate/ passed 3rd reading	Security and Land Restriction Amendments
2214	HB0293	H		1628520	2026-02-10	57	8	1	4	signed	screened	not-divided	House/ passed 3rd reading	Public Education Student Athlete Protections
2214	HB0293	H		1648565	2026-03-02	57	7	1	4	signed	screened	not-divided	House/ concurs with Senate amendment	Public Education Student Athlete Protections
2214	HB0293	S		1647921	2026-02-27	17	10	1	4	signed	deferred:operator-direction	schools may not join an athletics association lacking certain eligibility policies	Senate/ passed 3rd reading	Public Education Student Athlete Protections
2214	HB0294	H		1643354	2026-02-24	55	14	1	6	none	screened	not-enacted-status-6	House/ passed 3rd reading	Employer Verification Amendments
2214	HB0295	H		1647435	2026-02-26	59	2	1	6	none	screened	not-divided	House/ passed 3rd reading	Overdose Amendments
2214	HB0296	H		1625738	2026-02-06	48	19	1	4	signed	batch-06	imported 2026-09-10, run 06:48:26.930Z	House/ passed 3rd reading	Water Commitment Amendments
2214	HB0296	S		1639880	2026-02-20	25	2	1	4	signed	screened	not-divided	Senate/ passed 3rd reading	Water Commitment Amendments
2214	HB0299	H		1626630	2026-02-09	66	2	1	4	signed	screened	not-divided	House/ passed 3rd reading	School Response to Sexual Offense
2214	HB0299	S		1639952	2026-02-20	24	0	1	4	signed	screened	not-divided	Senate/ passed 3rd reading	School Response to Sexual Offense
2214	HB0300	H		1629009	2026-02-10	68	3	1	4	signed	screened	not-divided	House/ passed 3rd reading	School District Taxation Amendments
2214	HB0300	H		1650392	2026-03-03	67	2	1	4	signed	screened	not-divided	House/ concurs with Senate amendment	School District Taxation Amendments
2214	HB0300	S		1648060	2026-02-27	24	1	1	4	signed	screened	not-divided	Senate/ passed 3rd reading	School District Taxation Amendments
2214	HB0301	H		1638854	2026-02-19	58	1	1	4	signed	screened	not-divided	House/ passed 3rd reading	Drug Recodification
2214	HB0301	S		1650619	2026-03-03	28	0	1	4	signed	screened	not-divided	Senate/ passed 3rd reading	Drug Recodification
2214	HB0302	H		1640702	2026-02-23	57	12	1	6	none	screened	not-divided	House/ passed 3rd reading	Government Speech Neutrality Amendments
2214	HB0303	H		1638538	2026-02-19	68	1	1	4	signed	screened	not-divided	House/ passed 3rd reading	Family Court Amendments
2214	HB0303	H		1656290	2026-03-06	67	1	1	4	signed	screened	not-divided	House/ concurs with Senate amendment	Family Court Amendments
2214	HB0303	S		1655897	2026-03-05	25	0	1	4	signed	screened	not-divided	Senate/ passed 2nd & 3rd readings/ suspension	Family Court Amendments
2214	HB0306	H		1636252	2026-02-17	68	2	1	4	signed	screened	not-divided	House/ passed 3rd reading	Reinvestment Fee Amendments
2214	HB0306	H		1656767	2026-03-06	57	1	1	4	signed	screened	not-divided	House/ concurs with Senate amendment	Reinvestment Fee Amendments
2214	HB0306	S		1656766	2026-03-06	25	0	1	4	signed	screened	not-divided	Senate/ passed 2nd & 3rd readings/ suspension	Reinvestment Fee Amendments
2214	HB0307	H		1636208	2026-02-17	71	0	1	4	signed	screened	not-divided	House/ passed 3rd reading	Attorney Fees Amendments
2214	HB0307	S		1648913	2026-03-02	27	0	1	4	signed	screened	not-divided	Senate/ passed 3rd reading	Attorney Fees Amendments
2214	HB0308	H		1635206	2026-02-17	66	1	1	4	signed	screened	not-divided	House/ passed 3rd reading	Homeless Services Amendments
2214	HB0308	H		1654704	2026-03-05	68	1	1	4	signed	screened	not-divided	House/ concurs with Senate amendment	Homeless Services Amendments
2214	HB0308	S		1652095	2026-03-03	25	0	1	4	signed	screened	not-divided	Senate/ passed 3rd reading	Homeless Services Amendments
2214	HB0308	S		1653929	2026-03-04	26	0	1	4	signed	screened	not-divided	Senate/ passed 3rd reading	Homeless Services Amendments
2214	HB0309	H		1628628	2026-02-10	71	0	1	4	signed	screened	not-divided	House/ passed 3rd reading	Juneteenth Observance Amendments
2214	HB0309	S		1647753	2026-02-27	23	3	1	4	signed	screened	not-divided	Senate/ passed 3rd reading	Juneteenth Observance Amendments
2214	HB0310	H		1629043	2026-02-10	67	3	1	6	none	screened	not-divided	House/ passed 3rd reading	School Reintegration Plan Amendments
2214	HB0311	H		1626471	2026-02-09	68	1	1	4	signed	screened	not-divided	House/ passed 3rd reading	Elections Study
2214	HB0311	H		1656020	2026-03-06	60	12	1	4	signed	screened	not-divided	House/ concurs with Senate amendment	Elections Study
2214	HB0311	S		1655746	2026-03-05	22	5	1	4	signed	screened	not-divided	Senate/ passed 2nd & 3rd readings/ suspension	Elections Study
2214	HB0312	H		1640297	2026-02-20	51	17	1	4	signed	screened	not-the-chambers-final-roll	House/ passed 3rd reading	School Curriculum and Standards Modifications
2214	HB0312	H		1655593	2026-03-05	65	3	1	4	signed	screened	not-divided	House Conference Committee - Final Passage	School Curriculum and Standards Modifications
2214	HB0312	S		1653373	2026-03-04	20	8	1	4	signed	screened	not-the-chambers-final-roll	Senate/ passed 2nd & 3rd readings/ suspension	School Curriculum and Standards Modifications
2214	HB0312	S		1655592	2026-03-05	19	5	1	4	signed	dropped:no-direction	curriculum content and open educational resources	Senate Conference Committee - Final Passage	School Curriculum and Standards Modifications
2214	HB0313	H		1640314	2026-02-20	54	17	1	4	signed	dropped:no-area	landscaper contractor certification	House/ passed 3rd reading	Landscaper Certification Amendments
2214	HB0313	S		1656499	2026-03-06	15	13	1	4	signed	dropped:no-area	landscaper contractor certification	Senate/ passed 2nd & 3rd readings/ suspension	Landscaper Certification Amendments
2214	HB0314	H		1627894	2026-02-10	64	4	1	4	signed	screened	not-divided	House/ passed 3rd reading	Firearm Purchase Amendments
2214	HB0314	S		1639763	2026-02-20	18	6	1	4	signed	dropped:mixed	drops the buyer consent form but keeps approved background checks 30 days instead of 20	Senate/ passed 3rd reading	Firearm Purchase Amendments
2214	HB0315	H		1649139	2026-03-02	40	28	1	6	none	screened	not-enacted-status-6	House/ passed 3rd reading	Human Development Instruction
2214	HB0318	H		1636273	2026-02-17	70	0	1	4	signed	screened	not-divided	House/ passed 3rd reading	Agency Fee Amendments
2214	HB0318	S		1653294	2026-03-04	27	0	1	4	signed	screened	not-divided	Senate/ passed 2nd & 3rd readings/ suspension	Agency Fee Amendments
2214	HB0319	H		1636605	2026-02-18	67	1	1	4	signed	screened	not-divided	House/ passed 3rd reading	Electronic Records Amendments
2214	HB0319	H		1656609	2026-03-06	69	1	1	4	signed	screened	not-divided	House/ concurs with Senate amendment	Electronic Records Amendments
2214	HB0319	S		1656608	2026-03-06	25	0	1	4	signed	screened	not-divided	Senate/ passed 2nd & 3rd readings/ suspension	Electronic Records Amendments
2214	HB0320	H		1634986	2026-02-17	69	0	1	4	signed	screened	not-divided	House/ passed 3rd reading	Office of Artificial Intelligence Policy Amendments
2214	HB0320	S		1647916	2026-02-27	28	0	1	4	signed	screened	not-divided	Senate/ passed 3rd reading	Office of Artificial Intelligence Policy Amendments
2214	HB0321	H		1645206	2026-02-25	69	0	1	4	signed	screened	not-divided	House/ passed 3rd reading	Inmate Medical Treatment Rates Amendments
2214	HB0321	S		1656444	2026-03-06	28	0	1	4	signed	screened	not-divided	Senate/ passed 2nd & 3rd readings/ suspension	Inmate Medical Treatment Rates Amendments
2214	HB0323	H		1644871	2026-02-25	63	2	1	4	signed	screened	not-divided	House/ passed 3rd reading	Solar Panel Disposal Amendments
2214	HB0323	S		1655272	2026-03-05	24	3	1	4	signed	screened	not-divided	Senate/ passed 2nd & 3rd readings/ suspension	Solar Panel Disposal Amendments
2214	HB0324	H		1631554	2026-02-12	63	5	1	4	signed	screened	not-divided	House/ passed 3rd reading	Utah Marriage Commission Fee Amendments
2214	HB0324	S		1653941	2026-03-04	21	2	1	4	signed	screened	not-divided	Senate/ passed 2nd & 3rd readings/ suspension	Utah Marriage Commission Fee Amendments
2214	HB0325	H		1633135	2026-02-13	69	0	1	4	signed	screened	not-divided	House/ passed 3rd reading	Government Records Classification Amendments
2214	HB0325	S		1656746	2026-03-06	21	2	1	4	signed	screened	not-divided	Senate/ passed 2nd & 3rd readings/ suspension	Government Records Classification Amendments
2214	HB0326	H		1640847	2026-02-23	71	0	1	6	none	screened	not-divided	House/ passed 3rd reading	Animal Depredation Amendments
2214	HB0328	H		1636841	2026-02-18	39	29	1	6	none	screened	not-enacted-status-6	House/ passed 3rd reading	Water Usage Modifications
2214	HB0329	H		1635232	2026-02-17	53	18	1	4	signed	dropped:no-area	paid postpartum leave for state employees; no area covers public employment benefits	House/ passed 3rd reading	State Employee Maternity and Leave Amendments
2214	HB0329	S		1655694	2026-03-05	25	2	1	4	signed	screened	not-divided	Senate/ passed 2nd & 3rd readings/ suspension	State Employee Maternity and Leave Amendments
2214	HB0330	H		1629015	2026-02-10	65	0	1	4	signed	screened	not-divided	House/ passed 3rd reading	Liability Limitations Amendments
2214	HB0330	H		1646113	2026-02-26	50	15	1	4	signed	batch-06	imported 2026-09-10, run 06:48:26.930Z	House/ concurs with Senate amendment	Liability Limitations Amendments
2214	HB0330	S		1644197	2026-02-25	17	7	1	4	signed	batch-06	imported 2026-09-10, run 06:48:26.930Z	Senate/ passed 3rd reading	Liability Limitations Amendments
2214	HB0331	H		1644999	2026-02-25	62	0	1	4	signed	screened	not-divided	House/ passed 3rd reading	Criminal Offenses Modifications
2214	HB0331	S		1654529	2026-03-05	21	6	1	4	signed	batch-09	imported 2026-09-10, run 16:43:17.988Z	Senate/ passed 2nd & 3rd readings/ suspension	Criminal Offenses Modifications
2214	HB0333	H		1639788	2026-02-20	72	0	1	4	signed	screened	not-divided	House/ passed 3rd reading	Adoption Records Access Amendments
2214	HB0333	S		1650257	2026-03-03	27	0	1	4	signed	screened	not-divided	Senate/ passed 3rd reading	Adoption Records Access Amendments
2214	HB0334	H		1647381	2026-02-26	61	6	1	6	none	screened	not-divided	House/ passed 3rd reading	Educator Organization Amendments
2214	HB0334	S		1656788	2026-03-06	8	20	0	6	none	screened	not-enacted-status-6	Senate/ failed	Educator Organization Amendments
2214	HB0336	H		1640105	2026-02-20	65	4	1	4	signed	screened	not-divided	House/ passed 3rd reading	Recovery Operations Amendments
2214	HB0336	H		1656656	2026-03-06	62	3	1	4	signed	screened	not-divided	House/ concurs with Senate amendment	Recovery Operations Amendments
2214	HB0336	S		1656655	2026-03-06	28	1	1	4	signed	screened	not-divided	Senate/ passed 2nd & 3rd readings/ suspension	Recovery Operations Amendments
2214	HB0337	H		1641414	2026-02-23	47	20	1	4	signed	screened	not-the-chambers-final-roll	House/ passed 3rd reading	Nicotine Product Tax Amendments
2214	HB0337	H		1656219	2026-03-06	51	19	1	4	signed	batch-06	imported 2026-09-10, run 06:48:26.930Z	House/ concurs with Senate amendment	Nicotine Product Tax Amendments
2214	HB0337	S		1655292	2026-03-05	26	0	1	4	signed	screened	not-divided	Senate/ passed 2nd & 3rd readings/ suspension	Nicotine Product Tax Amendments
2214	HB0337	S		1655799	2026-03-05	27	0	1	4	signed	screened	not-divided	Senate/ passed 2nd & 3rd readings/ suspension	Nicotine Product Tax Amendments
2214	HB0338	H		1647427	2026-02-26	67	0	1	6	none	screened	not-divided	House/ passed 3rd reading	First Responder Health Amendments
2214	HB0339	H		1637229	2026-02-18	66	1	1	4	signed	screened	not-divided	House/ passed 3rd reading	Street Medicine Amendments
2214	HB0339	S		1647907	2026-02-27	22	0	1	4	signed	screened	not-divided	Senate/ passed 3rd reading	Street Medicine Amendments
2214	HB0341	H		1647151	2026-02-26	64	8	1	6	none	screened	not-divided	House/ passed 3rd reading	Animal Fighting Penalties
2214	HB0342	H		1625760	2026-02-06	68	0	1	4	signed	screened	not-divided	House/ passed 3rd reading	Federal Grant Process Amendments
2214	HB0342	S		1646987	2026-02-26	25	0	1	4	signed	screened	not-divided	Senate/ passed 3rd reading	Federal Grant Process Amendments
2214	HB0343	H		1633229	2026-02-13	68	1	1	4	signed	screened	not-divided	House/ passed 3rd reading	Nursing Care Facility Program Amendments
2214	HB0343	S		1646329	2026-02-26	22	0	1	4	signed	screened	not-divided	Senate/ passed 3rd reading	Nursing Care Facility Program Amendments
2214	HB0345	H		1639009	2026-02-19	54	1	1	6	none	screened	not-divided	House/ passed 3rd reading	Victim Amendments
2214	HB0346	H		1640045	2026-02-20	72	0	1	6	none	screened	not-divided	House/ passed 3rd reading	Sexual Abuse of a Child Amendments
2214	HB0348	H		1636159	2026-02-17	70	0	1	4	signed	screened	not-divided	House/ passed 3rd reading	Dedicated Water Amendments
2214	HB0348	S		1656536	2026-03-06	26	0	1	4	signed	screened	not-divided	Senate/ passed 2nd & 3rd readings/ suspension	Dedicated Water Amendments
2214	HB0349	H		1631443	2026-02-12	63	1	1	6	none	screened	not-divided	House/ passed 3rd reading	Statewide Water Storage
2214	HB0350	H		1641062	2026-02-23	67	1	1	6	none	screened	not-divided	House/ passed 3rd reading	Foods Available at Schools Amendments
2214	HB0351	H		1628341	2026-02-10	69	1	1	4	signed	screened	not-divided	House/ passed 3rd reading	School Vision Screening Amendments
2214	HB0351	S		1641281	2026-02-23	21	0	1	4	signed	screened	not-divided	Senate/ passed 3rd reading	School Vision Screening Amendments
2214	HB0352	H		1628893	2026-02-10	70	0	1	4	signed	screened	not-divided	House/ passed 3rd reading	Higher Education Alignment
2214	HB0352	S		1655423	2026-03-05	29	0	1	4	signed	screened	not-divided	Senate/ passed 2nd & 3rd readings/ suspension	Higher Education Alignment
2214	HB0353	H		1626452	2026-02-09	72	0	1	4	signed	screened	not-divided	House/ passed 3rd reading	Higher Education Credit Transfer Amendments
2214	HB0353	S		1647747	2026-02-27	23	1	1	4	signed	screened	not-divided	Senate/ passed 3rd reading	Higher Education Credit Transfer Amendments
2214	HB0354	H		1639312	2026-02-19	63	0	1	4	signed	screened	not-divided	House/ passed 3rd reading	Rescue Tracking Equipment Offense Amendments
2214	HB0354	S		1656790	2026-03-06	24	0	1	4	signed	screened	not-divided	Senate/ passed 2nd & 3rd readings/ suspension	Rescue Tracking Equipment Offense Amendments
2214	HB0356	H		1623065	2026-02-04	70	0	1	4	signed	screened	not-divided	House/ passed 3rd reading	Drug Distribution Amendments
2214	HB0356	S		1638742	2026-02-19	25	0	1	4	signed	screened	not-divided	Senate/ passed 3rd reading	Drug Distribution Amendments
2214	HB0357	H		1638913	2026-02-19	65	1	1	4	signed	screened	not-divided	House/ passed 3rd reading	Amendments to Motor Vehicle Data Privacy
2214	HB0357	H		1656765	2026-03-06	57	0	1	4	signed	screened	not-divided	House/ concurs with Senate amendment	Amendments to Motor Vehicle Data Privacy
2214	HB0357	S		1656764	2026-03-06	19	10	1	4	signed	batch-07	imported 2026-09-10, run 06:54:37.475Z	Senate/ passed 2nd & 3rd readings/ suspension	Amendments to Motor Vehicle Data Privacy
2214	HB0358	H		1637369	2026-02-18	69	0	1	4	signed	screened	not-divided	House/ passed 3rd reading	School Scheduling Amendments
2214	HB0358	S		1656015	2026-03-06	25	0	1	4	signed	screened	not-divided	Senate/ passed 3rd reading	School Scheduling Amendments
2214	HB0361	H		1647965	2026-02-27	67	0	1	4	signed	screened	not-divided	House/ passed 3rd reading	Elections Provisions Amendments
2214	HB0361	H		1656363	2026-03-06	63	1	1	4	signed	screened	not-divided	House/ concurs with Senate amendment	Elections Provisions Amendments
2214	HB0361	S		1656028	2026-03-06	27	0	1	4	signed	screened	not-divided	Senate/ passed 2nd & 3rd readings/ suspension	Elections Provisions Amendments
2214	HB0362	H		1641465	2026-02-23	56	11	1	6	none	screened	not-divided	House/ passed 3rd reading	Tax Payments with Gold
2214	HB0363	H		1648024	2026-02-27	22	47	0	6	none	screened	not-enacted-status-6	House/ failed	Water Easement Amendments
2214	HB0365	H		1645459	2026-02-25	67	2	1	6	none	screened	not-divided	House/ passed 3rd reading	Taxation Notification Requirements
2214	HB0366	H		1639486	2026-02-19	66	2	1	4	signed	screened	not-divided	House/ passed 3rd reading	Judicial Modifications
2214	HB0366	H		1655417	2026-03-05	55	18	1	4	signed	dropped:no-area	retention ballot language and court assignments; legal areas are barred	House/ concurs with Senate amendment	Judicial Modifications
2214	HB0366	S		1655416	2026-03-05	23	6	1	4	signed	dropped:no-area	retention ballot language and court assignments; legal areas are barred	Senate/ passed 2nd & 3rd readings/ suspension	Judicial Modifications
2214	HB0369	H		1631561	2026-02-12	65	1	1	4	signed	screened	not-divided	House/ passed 3rd reading	Agriculture and Food Amendments
2214	HB0369	S		1646540	2026-02-26	19	0	1	4	signed	screened	not-divided	Senate/ passed 3rd reading	Agriculture and Food Amendments
2214	HB0370	H		1640876	2026-02-23	71	1	1	4	signed	screened	not-divided	House/ passed 3rd reading	Sex Offender Oversight Amendments
2214	HB0370	H		1655003	2026-03-05	66	1	1	4	signed	screened	not-divided	House/ concurs with Senate amendment	Sex Offender Oversight Amendments
2214	HB0370	S		1653542	2026-03-04	25	0	1	4	signed	screened	not-divided	Senate/ passed 2nd & 3rd readings/ suspension	Sex Offender Oversight Amendments
2214	HB0372	H		1641403	2026-02-23	68	0	1	4	signed	screened	not-divided	House/ passed 3rd reading	Child Welfare Changes
2214	HB0372	S		1653298	2026-03-04	25	0	1	4	signed	screened	not-divided	Senate/ passed 2nd & 3rd readings/ suspension	Child Welfare Changes
2214	HB0373	H		1640296	2026-02-20	66	1	1	4	signed	screened	not-divided	House/ passed 3rd reading	Higher Education Innovation
2214	HB0373	H		1655192	2026-03-05	64	5	1	4	signed	screened	not-divided	House/ concurs with Senate amendment	Higher Education Innovation
2214	HB0373	S		1654073	2026-03-04	28	1	1	4	signed	screened	not-divided	Senate/ passed 2nd & 3rd readings/ suspension	Higher Education Innovation
2214	HB0374	H		1636694	2026-02-18	69	0	1	4	signed	screened	not-divided	House/ passed 3rd reading	Speech, Language, and Hearing Occupations Licensing Amendments
2214	HB0374	H		1650518	2026-03-03	69	1	1	4	signed	screened	not-divided	House/ concurs with Senate amendment	Speech, Language, and Hearing Occupations Licensing Amendments
2214	HB0374	S		1648033	2026-02-27	23	0	1	4	signed	screened	not-divided	Senate/ passed 3rd reading	Speech, Language, and Hearing Occupations Licensing Amendments
2214	HB0375	H		1641762	2026-02-23	64	2	1	6	none	screened	not-divided	House/ passed 3rd reading	Outdoor Recreation Modifications
2214	HB0376	H		1631421	2026-02-12	68	1	1	4	signed	screened	not-divided	House/ passed 3rd reading	Land Management Funding Amendments
2214	HB0376	H		1654451	2026-03-05	70	1	1	4	signed	screened	not-divided	House/ concurs with Senate amendment	Land Management Funding Amendments
2214	HB0376	S		1652572	2026-03-04	27	0	1	4	signed	screened	not-divided	Senate/ passed 2nd & 3rd readings/ suspension	Land Management Funding Amendments
2214	HB0377	H		1641711	2026-02-23	67	1	1	4	signed	screened	not-divided	House/ passed 3rd reading	Real Estate Amendments
2214	HB0377	H		1656664	2026-03-06	53	13	1	4	signed	screened	not-divided	House/ concurs with Senate amendment	Real Estate Amendments
2214	HB0377	S		1656663	2026-03-06	25	0	1	4	signed	screened	not-divided	Senate/ passed 2nd & 3rd readings/ suspension	Real Estate Amendments
2214	HB0378	H		1631685	2026-02-12	71	2	1	4	signed	screened	not-divided	House/ passed 3rd reading	Fugitive Dust Mitigation Amendments
2214	HB0378	S		1644352	2026-02-25	26	0	1	4	signed	screened	not-divided	Senate/ passed 3rd reading	Fugitive Dust Mitigation Amendments
2214	HB0379	H		1647368	2026-02-26	66	1	1	4	signed	screened	not-divided	House/ passed 3rd reading	Child Care Provider Food Preparation Amendments
2214	HB0379	S		1656652	2026-03-06	23	3	1	4	signed	screened	not-divided	Senate/ passed 2nd & 3rd readings/ suspension	Child Care Provider Food Preparation Amendments
2214	HB0380	H		1637356	2026-02-18	68	1	1	4	signed	screened	not-divided	House/ passed 3rd reading	Hospital Workplace Violence Reporting Requirements
2214	HB0380	H		1648732	2026-03-02	67	1	1	4	signed	screened	not-divided	House/ concurs with Senate amendment	Hospital Workplace Violence Reporting Requirements
2214	HB0380	S		1647836	2026-02-27	23	1	1	4	signed	screened	not-divided	Senate/ passed 3rd reading	Hospital Workplace Violence Reporting Requirements
2214	HB0381	H		1633237	2026-02-13	55	15	1	4	signed	screened	not-the-chambers-final-roll	House/ passed 3rd reading	Electric Mobility Device Amendments
2214	HB0381	H		1654652	2026-03-05	49	19	1	4	signed	dropped:no-area	electric bike and motorcycle traffic rules	House/ concurs with Senate amendment	Electric Mobility Device Amendments
2214	HB0381	S		1652861	2026-03-04	18	10	1	4	signed	dropped:no-area	electric bike and motorcycle traffic rules	Senate/ passed 2nd & 3rd readings/ suspension	Electric Mobility Device Amendments
2214	HB0382	H		1637088	2026-02-18	69	1	1	4	signed	screened	not-divided	House/ passed 3rd reading	Uniform Assignment for Benefit of Creditors Amendments
2214	HB0382	S		1647945	2026-02-27	27	0	1	4	signed	screened	not-divided	Senate/ passed 3rd reading	Uniform Assignment for Benefit of Creditors Amendments
2214	HB0383	H		1635132	2026-02-17	69	0	1	4	signed	screened	not-divided	House/ passed 3rd reading	Department of Health and Human Services Amendments
2214	HB0383	S		1648048	2026-02-27	25	0	1	4	signed	screened	not-divided	Senate/ passed 3rd reading	Department of Health and Human Services Amendments
2214	HB0384	H		1634911	2026-02-17	69	0	1	4	signed	screened	not-divided	House/ passed 3rd reading	Executive Branch Agency Amendments
2214	HB0384	S		1647615	2026-02-27	27	0	1	4	signed	screened	not-divided	Senate/ passed 3rd reading	Executive Branch Agency Amendments
2214	HB0385	H		1640203	2026-02-20	66	1	1	4	signed	screened	not-divided	House/ passed 3rd reading	Specialized Product Sales Amendments
2214	HB0385	H		1656615	2026-03-06	69	1	1	4	signed	screened	not-divided	House/ concurs with Senate amendment	Specialized Product Sales Amendments
2214	HB0385	S		1656614	2026-03-06	25	0	1	4	signed	screened	not-divided	Senate/ passed 2nd & 3rd readings/ suspension	Specialized Product Sales Amendments
2214	HB0386	H		1647783	2026-02-27	39	33	1	6	none	screened	not-enacted-status-6	House/ passed 3rd reading	Immigration Amendments
2214	HB0387	H		1637061	2026-02-18	62	10	1	6	none	screened	not-divided	House/ passed 3rd reading	Kratom Modifications
2214	HB0388	H		1637410	2026-02-18	67	1	1	6	none	screened	not-divided	House/ passed 3rd reading	Public Health Hazard Amendments
2214	HB0389	H		1639426	2026-02-19	59	1	1	4	signed	screened	not-divided	House/ passed 3rd reading	Cannabis Amendments
2214	HB0389	H		1655390	2026-03-05	72	1	1	4	signed	screened	not-divided	House/ concurs with Senate amendment	Cannabis Amendments
2214	HB0389	S		1655389	2026-03-05	26	0	1	4	signed	screened	not-divided	Senate/ passed 2nd & 3rd readings/ suspension	Cannabis Amendments
2214	HB0390	H		1637138	2026-02-18	68	2	1	4	signed	screened	not-divided	House/ passed 3rd reading	Veterans PTSD Clinical Research Amendments
2214	HB0390	S		1652602	2026-03-04	27	0	1	4	signed	screened	not-divided	Senate/ passed 2nd & 3rd readings/ suspension	Veterans PTSD Clinical Research Amendments
2214	HB0391	H		1636137	2026-02-17	55	13	1	6	none	screened	not-divided	House/ passed 3rd reading	Vacancy Replacement Amendments
2214	HB0392	H		1623237	2026-02-04	56	15	1	4	signed	screened	not-the-chambers-final-roll	House/ passed 3rd reading	District Court Amendments
2214	HB0392	H		1633411	2026-02-13	55	16	1	4	signed	dropped:no-area	attorney general intervention and court jurisdiction; legal areas are barred	House/ concurs with Senate amendment	District Court Amendments
2214	HB0392	S		1631553	2026-02-12	22	7	1	4	signed	dropped:no-area	attorney general intervention and court jurisdiction; legal areas are barred	Senate/ passed 3rd reading	District Court Amendments
2214	HB0393	H		1643209	2026-02-24	67	1	1	4	signed	screened	not-divided	House/ passed 3rd reading	Early Intervention for Dyslexia Amendments
2214	HB0393	H		1655325	2026-03-05	69	1	1	4	signed	screened	not-divided	House/ concurs with Senate amendment	Early Intervention for Dyslexia Amendments
2214	HB0393	S		1652452	2026-03-04	25	0	1	4	signed	screened	not-divided	Senate/ passed 2nd & 3rd readings/ suspension	Early Intervention for Dyslexia Amendments
2214	HB0394	H		1647873	2026-02-27	67	0	1	4	signed	screened	not-divided	House/ passed 3rd reading	Veterinary Amendments
2214	HB0394	S		1656226	2026-03-06	24	0	1	4	signed	screened	not-divided	Senate/ passed 3rd reading	Veterinary Amendments
2214	HB0396	H		1636174	2026-02-17	68	1	1	4	signed	screened	not-divided	House/ passed 3rd reading	Public Project Subcontractor Amendments
2214	HB0396	H		1656745	2026-03-06	65	1	1	4	signed	screened	not-divided	House/ concurs with Senate amendment	Public Project Subcontractor Amendments
2214	HB0396	S		1656494	2026-03-06	27	0	1	4	signed	screened	not-divided	Senate/ passed 2nd & 3rd readings/ suspension	Public Project Subcontractor Amendments
2214	HB0401	H		1632288	2026-02-12	61	10	1	4	signed	screened	not-divided	House/ passed 3rd reading	Geothermal Study Amendments
2214	HB0401	H		1655730	2026-03-05	66	4	1	4	signed	screened	not-divided	House/ concurs with Senate amendment	Geothermal Study Amendments
2214	HB0401	S		1655729	2026-03-05	26	0	1	4	signed	screened	not-divided	Senate/ passed 2nd & 3rd readings/ suspension	Geothermal Study Amendments
2214	HB0402	H		1642965	2026-02-24	66	1	1	4	signed	screened	not-divided	House/ passed 3rd reading	EMS Controlled Substance Licensing Amendments
2214	HB0402	S		1652591	2026-03-04	23	0	1	4	signed	screened	not-divided	Senate/ passed 2nd & 3rd readings/ suspension	EMS Controlled Substance Licensing Amendments
2214	HB0404	H		1628414	2026-02-10	50	20	1	4	signed	deferred:operator-direction	lets landlords restrict single-sex housing by biological sex	House/ passed 3rd reading	Sex-Designated Housing Amendments
2214	HB0404	S		1639755	2026-02-20	19	7	1	4	signed	deferred:operator-direction	lets landlords restrict single-sex housing by biological sex	Senate/ passed 3rd reading	Sex-Designated Housing Amendments
2214	HB0405	H		1640233	2026-02-20	42	23	1	6	none	screened	not-enacted-status-6	House/ passed 3rd reading	State Purchasing Reserve Funding
2214	HB0407	H		1651930	2026-03-03	72	1	1	6	none	screened	not-divided	House/ passed 3rd reading	Public Education Information System
2214	HB0408	H		1648595	2026-03-02	66	1	1	4	signed	screened	not-divided	House/ passed 3rd reading	Data Sharing Amendments
2214	HB0408	H		1655471	2026-03-05	70	1	1	4	signed	screened	not-divided	House/ concurs with Senate amendment	Data Sharing Amendments
2214	HB0408	S		1655470	2026-03-05	23	2	1	4	signed	screened	not-divided	Senate/ passed 2nd & 3rd readings/ suspension	Data Sharing Amendments
2214	HB0409	H		1645019	2026-02-25	51	16	1	6	none	screened	not-enacted-status-6	House/ passed 3rd reading	Legislator Leave Amendments
2214	HB0410	H		1635568	2026-02-17	69	1	1	4	signed	screened	not-divided	House/ passed 3rd reading	Water Leasing Amendments
2214	HB0410	H		1655890	2026-03-05	71	1	1	4	signed	screened	not-divided	House Conference Committee - Final Passage	Water Leasing Amendments
2214	HB0410	S		1652606	2026-03-04	22	0	1	4	signed	screened	not-divided	Senate/ passed 2nd & 3rd readings/ suspension	Water Leasing Amendments
2214	HB0410	S		1655571	2026-03-05	25	0	1	4	signed	screened	not-divided	Senate Conference Committee - Final Passage	Water Leasing Amendments
2214	HB0411	H		1647458	2026-02-26	56	2	1	6	none	screened	not-divided	House/ passed 3rd reading	Human Trafficking Hotline Amendments
2214	HB0411	S		1656847	2026-03-06	10	12	0	6	none	screened	not-enacted-status-6	Senate/ failed	Human Trafficking Hotline Amendments
2214	HB0412	H		1638835	2026-02-19	70	1	1	4	signed	screened	not-divided	House/ passed 3rd reading	Energy Development Planning Amendments
2214	HB0412	H		1656059	2026-03-06	64	0	1	4	signed	screened	not-divided	House/ concurs with Senate amendment	Energy Development Planning Amendments
2214	HB0412	S		1655664	2026-03-05	23	0	1	4	signed	screened	not-divided	Senate/ passed 2nd & 3rd readings/ suspension	Energy Development Planning Amendments
2214	HB0414	H		1635269	2026-02-17	69	0	1	4	signed	screened	not-divided	House/ passed 3rd reading	Dental Hygienist Amendments
2214	HB0414	S		1648606	2026-03-02	26	0	1	4	signed	screened	not-divided	Senate/ passed 3rd reading	Dental Hygienist Amendments
2214	HB0416	H		1637146	2026-02-18	70	1	1	4	signed	screened	not-divided	House/ passed 3rd reading	First Responder Health Modifications
2214	HB0416	H		1656805	2026-03-06	58	0	1	4	signed	screened	not-divided	House/ concurs with Senate amendment	First Responder Health Modifications
2214	HB0416	S		1655228	2026-03-05	27	0	1	4	signed	screened	not-divided	Senate/ passed 2nd & 3rd readings/ suspension	First Responder Health Modifications
2214	HB0416	S		1656804	2026-03-06	29	0	1	4	signed	screened	not-divided	Senate/ passed 2nd & 3rd readings/ suspension	First Responder Health Modifications
2214	HB0417	H		1634952	2026-02-17	71	0	1	4	signed	screened	not-divided	House/ passed 3rd reading	Patient Interfacility Transportation Requirements
2214	HB0417	S		1647730	2026-02-27	25	0	1	4	signed	screened	not-divided	Senate/ passed 3rd reading	Patient Interfacility Transportation Requirements
2214	HB0419	H		1630373	2026-02-11	69	0	1	4	signed	screened	not-divided	House/ passed 3rd reading	Environmental Legal Action Amendments
2214	HB0419	S		1646855	2026-02-26	15	5	1	4	signed	batch-09	imported 2026-09-10, run 16:43:17.988Z	Senate/ passed 3rd reading	Environmental Legal Action Amendments
2214	HB0420	H		1641654	2026-02-23	58	9	1	4	signed	screened	not-divided	House/ passed 3rd reading	Municipal Office Vacancy Modifications
2214	HB0420	S		1656168	2026-03-06	27	0	1	4	signed	screened	not-divided	Senate/ passed 2nd & 3rd readings/ suspension	Municipal Office Vacancy Modifications
2214	HB0422	H		1642514	2026-02-24	66	1	1	6	none	screened	not-divided	House/ passed 3rd reading	Public Infrastructure Districts Amendments
2214	HB0423	H		1639993	2026-02-20	65	0	1	4	signed	screened	not-divided	House/ passed 3rd reading	Hit and Run and DUI Offense Amendments
2214	HB0423	H		1655016	2026-03-05	64	1	1	4	signed	screened	not-divided	House/ concurs with Senate amendment	Hit and Run and DUI Offense Amendments
2214	HB0423	S		1653546	2026-03-04	25	0	1	4	signed	screened	not-divided	Senate/ passed 2nd & 3rd readings/ suspension	Hit and Run and DUI Offense Amendments
2214	HB0423	S		1654339	2026-03-05	27	0	1	4	signed	screened	not-divided	Senate/ passed 2nd & 3rd readings/ suspension	Hit and Run and DUI Offense Amendments
2214	HB0425	H		1636714	2026-02-18	68	0	1	4	signed	screened	not-divided	House/ passed 3rd reading	Local Government Fees Amendments
2214	HB0425	S		1647763	2026-02-27	26	0	1	4	signed	screened	not-divided	Senate/ passed 3rd reading	Local Government Fees Amendments
2214	HB0426	H		1642751	2026-02-24	65	1	1	4	signed	screened	not-divided	House/ passed 3rd reading	Online Education Service Provider Amendments
2214	HB0426	S		1656456	2026-03-06	25	0	1	4	signed	screened	not-divided	Senate/ passed 2nd & 3rd readings/ suspension	Online Education Service Provider Amendments
2214	HB0429	H		1636034	2026-02-17	68	0	1	4	signed	screened	not-divided	House/ passed 3rd reading	Special Districts Amendments
2214	HB0429	H		1655525	2026-03-05	73	0	1	4	signed	screened	not-divided	House/ concurs with Senate amendment	Special Districts Amendments
2214	HB0429	S		1655524	2026-03-05	26	3	1	4	signed	screened	not-divided	Senate/ passed 3rd reading	Special Districts Amendments
2214	HB0431	H		1638966	2026-02-19	61	5	1	4	signed	screened	not-divided	House/ passed 3rd reading	Wildlife Crossing Amendments
2214	HB0431	S		1653874	2026-03-04	25	1	1	4	signed	screened	not-divided	Senate/ passed 2nd & 3rd readings/ suspension	Wildlife Crossing Amendments
2214	HB0432	H		1641508	2026-02-23	65	5	1	6	none	screened	not-divided	House/ passed 3rd reading	Egg Amendments
2214	HB0433	H		1646854	2026-02-26	58	17	1	6	none	screened	not-enacted-status-6	House/ passed 3rd reading	Professional Licensing Amendments
2214	HB0436	H		1637291	2026-02-18	65	0	1	4	signed	screened	not-divided	House/ passed 3rd reading	Moderate Income Housing Infrastructure Amendments
2214	HB0436	H		1656661	2026-03-06	64	0	1	4	signed	screened	not-divided	House/ concurs with Senate amendment	Moderate Income Housing Infrastructure Amendments
2214	HB0436	S		1656283	2026-03-06	20	8	1	4	signed	batch-09	imported 2026-09-10, run 16:43:17.988Z	Senate/ passed 2nd & 3rd readings/ suspension	Moderate Income Housing Infrastructure Amendments
2214	HB0437	H		1640325	2026-02-20	67	0	1	4	signed	screened	not-divided	House/ passed 3rd reading	Environmental Permitting Amendments
2214	HB0437	S		1654018	2026-03-04	23	6	1	4	signed	dropped:no-direction	expedited environmental permit review by certified outside reviewers; agency still decides; process change	Senate/ passed 2nd & 3rd readings/ suspension	Environmental Permitting Amendments
2214	HB0438	H		1639970	2026-02-20	68	1	1	6	none	screened	not-divided	House/ passed 3rd reading	Artificial Intelligence Amendments
2214	HB0438	S		1655775	2026-03-05	12	15	0	6	none	screened	not-enacted-status-6	Senate/ failed	Artificial Intelligence Amendments
2214	HB0439	H		1642385	2026-02-24	59	8	1	6	none	screened	not-divided	House/ passed 3rd reading	Water Planning Amendments
2214	HB0440	H		1641075	2026-02-23	50	18	1	6	none	screened	not-enacted-status-6	House/ passed 3rd reading	School Lunch Amendments
2214	HB0442	H		1649281	2026-03-02	65	1	1	6	none	screened	not-divided	House/ passed 3rd reading	Feminine Hygiene Products Amendments
2214	HB0443	H		1639982	2026-02-20	21	49	0	6	none	screened	not-enacted-status-6	House/ failed	Amendments to Procedure to Fill A Legislative Vacancy
2214	HB0444	H		1643669	2026-02-24	66	0	1	4	signed	screened	not-divided	House/ passed 3rd reading	State Land Access Road Amendments
2214	HB0444	H		1656835	2026-03-06	66	0	1	4	signed	screened	not-divided	House/ concurs with Senate amendment	State Land Access Road Amendments
2214	HB0444	S		1656610	2026-03-06	26	0	1	4	signed	screened	not-divided	Senate/ passed 2nd & 3rd readings/ suspension	State Land Access Road Amendments
2214	HB0445	H		1640322	2026-02-20	51	20	1	4	signed	screened	not-the-chambers-final-roll	House/ passed 3rd reading	County Government Land Purchasing
2214	HB0445	H		1655988	2026-03-06	55	10	1	4	signed	screened	not-divided	House/ concurs with Senate amendment	County Government Land Purchasing
2214	HB0445	S		1655918	2026-03-05	22	4	1	4	signed	screened	not-divided	Senate/ passed 2nd & 3rd readings/ suspension	County Government Land Purchasing
2214	HB0446	H		1641707	2026-02-23	27	37	0	6	none	screened	not-enacted-status-6	House/ failed	Conflict of Interest Disclosure Amendments
2214	HB0447	H		1641389	2026-02-23	66	1	1	4	signed	screened	not-divided	House/ passed 3rd reading	Tobacco Amendments
2214	HB0447	S		1653470	2026-03-04	27	0	1	4	signed	screened	not-divided	Senate/ passed 2nd & 3rd readings/ suspension	Tobacco Amendments
2214	HB0448	H		1637535	2026-02-18	67	0	1	4	signed	screened	not-divided	House/ passed 3rd reading	Utah Schools for the Deaf and Blind Amendments
2214	HB0448	S		1647913	2026-02-27	23	0	1	4	signed	screened	not-divided	Senate/ passed 3rd reading	Utah Schools for the Deaf and Blind Amendments
2214	HB0450	H		1649000	2026-03-02	72	0	1	4	signed	screened	not-divided	House/ passed 3rd reading	Data Privacy Amendments
2214	HB0450	H		1654873	2026-03-05	66	1	1	4	signed	screened	not-divided	House/ concurs with Senate amendment	Data Privacy Amendments
2214	HB0450	S		1653906	2026-03-04	28	0	1	4	signed	screened	not-divided	Senate/ passed 2nd & 3rd readings/ suspension	Data Privacy Amendments
2214	HB0453	H		1643071	2026-02-24	23	42	0	6	none	screened	not-enacted-status-6	House/ failed	Unspent Funding Amendments
2214	HB0454	H		1641180	2026-02-23	66	0	1	4	signed	screened	not-divided	House/ passed 3rd reading	Public Assistance Fraud Amendments
2214	HB0454	S		1656198	2026-03-06	24	1	1	4	signed	screened	not-divided	Senate/ passed 3rd reading	Public Assistance Fraud Amendments
2214	HB0455	H		1641608	2026-02-23	72	0	1	6	none	screened	not-divided	House/ passed 3rd reading	Peace Officer and Dispatcher Standards Amendments
2214	HB0457	H		1648196	2026-02-27	62	2	1	4	signed	screened	not-divided	House/ passed 3rd reading	County Governance Modifications
2214	HB0457	H		1656669	2026-03-06	61	6	1	4	signed	screened	not-divided	House/ concurs with Senate amendment	County Governance Modifications
2214	HB0457	S		1656399	2026-03-06	25	1	1	4	signed	screened	not-divided	Senate/ passed 2nd & 3rd readings/ suspension	County Governance Modifications
2214	HB0462	H		1642789	2026-02-24	59	6	1	5	vetoed	screened	not-divided	House/ passed 3rd reading	School Bus Internet Access
2214	HB0462	S		1652778	2026-03-04	26	0	1	5	vetoed	screened	not-divided	Senate/ passed 2nd & 3rd readings/ suspension	School Bus Internet Access
2214	HB0464	H		1644443	2026-02-25	42	26	1	6	none	screened	not-enacted-status-6	House/ passed 3rd reading	Parent Taught Driver Education Amendments
2214	HB0465	H		1639283	2026-02-19	65	0	1	6	none	screened	not-divided	House/ passed 3rd reading	Juvenile Court Amendments
2214	HB0466	H		1640229	2026-02-20	68	2	1	6	none	screened	not-divided	House/ passed 3rd reading	Utah Rural Jobs Act Modifications
2214	HB0467	H		1641373	2026-02-23	60	6	1	4	signed	screened	not-divided	House/ passed 3rd reading	Utah Fits All Scholarship Program Modifications
2214	HB0467	H		1656407	2026-03-06	59	7	1	4	signed	screened	not-divided	House/ concurs with Senate amendment	Utah Fits All Scholarship Program Modifications
2214	HB0467	S		1656406	2026-03-06	19	10	1	4	signed	dropped:school-choice-precedent	Utah Fits All scholarship rules	Senate/ passed 2nd & 3rd readings/ suspension	Utah Fits All Scholarship Program Modifications
2214	HB0468	H		1647655	2026-02-27	62	0	1	4	signed	screened	not-divided	House/ passed 3rd reading	Mobile Mammography Amendments
2214	HB0468	S		1656074	2026-03-06	24	0	1	4	signed	screened	not-divided	Senate/ passed 3rd reading	Mobile Mammography Amendments
2214	HB0471	H		1642703	2026-02-24	55	13	1	4	signed	screened	not-divided	House/ passed 3rd reading	Social Services Amendments
2214	HB0471	S		1652723	2026-03-04	20	5	1	4	signed	batch-07	imported 2026-09-10, run 06:54:37.475Z	Senate/ passed 2nd & 3rd readings/ suspension	Social Services Amendments
2214	HB0472	H		1640988	2026-02-23	67	0	1	4	signed	screened	not-divided	House/ passed 3rd reading	Division of Licensing and Background Checks Amendments
2214	HB0472	S		1652254	2026-03-04	26	0	1	4	signed	screened	not-divided	Senate/ passed 3rd reading	Division of Licensing and Background Checks Amendments
2214	HB0473	H		1639041	2026-02-19	65	1	1	4	signed	screened	not-divided	House/ passed 3rd reading	Colorado River Authority Amendments
2214	HB0473	S		1655210	2026-03-05	25	1	1	4	signed	screened	not-divided	Senate/ passed 2nd & 3rd readings/ suspension	Colorado River Authority Amendments
2214	HB0474	H		1640676	2026-02-23	71	1	1	4	signed	screened	not-divided	House/ passed 3rd reading	Uniform Commercial Code Modifications
2214	HB0474	S		1655723	2026-03-05	23	0	1	4	signed	screened	not-divided	Senate/ passed 2nd & 3rd readings/ suspension	Uniform Commercial Code Modifications
2214	HB0475	H		1640227	2026-02-20	61	4	1	4	signed	screened	not-divided	House/ passed 3rd reading	Development Planning and Coordination Amendments
2214	HB0475	H		1655562	2026-03-05	58	2	1	4	signed	screened	not-divided	House/ concurs with Senate amendment	Development Planning and Coordination Amendments
2214	HB0475	S		1653807	2026-03-04	27	2	1	4	signed	screened	not-divided	Senate/ passed 2nd & 3rd readings/ suspension	Development Planning and Coordination Amendments
2214	HB0479	H		1648702	2026-03-02	42	30	1	6	none	screened	not-enacted-status-6	House/ passed 3rd reading	Election Code Modifications
2214	HB0480	H		1641232	2026-02-23	56	14	1	6	none	screened	not-enacted-status-6	House/ passed 3rd reading	Medical Record Amendments
2214	HB0481	H		1639490	2026-02-19	68	0	1	4	signed	screened	not-divided	House/ passed 3rd reading	Transportation Modifications
2214	HB0481	H		1656677	2026-03-06	64	1	1	4	signed	screened	not-divided	House Conference Committee - Final Passage	Transportation Modifications
2214	HB0481	S		1656184	2026-03-06	26	1	1	4	signed	screened	not-divided	Senate/ passed 2nd & 3rd readings/ suspension	Transportation Modifications
2214	HB0481	S		1656676	2026-03-06	27	0	1	4	signed	screened	not-divided	Senate Conference Committee - Final Passage	Transportation Modifications
2214	HB0483	H		1642668	2026-02-24	65	0	1	6	none	screened	not-divided	House/ passed 3rd reading	Flower Sales Modifications
2214	HB0486	H		1635577	2026-02-17	70	0	1	6	none	screened	not-divided	House/ passed 3rd reading	Fraudulent Deeds Amendments
2214	HB0487	H		1644019	2026-02-25	64	0	1	6	none	screened	not-divided	House/ passed 3rd reading	Legislative Branch Amendments
2214	HB0489	H		1642906	2026-02-24	60	5	1	6	none	screened	not-divided	House/ passed 3rd reading	Water Infrastructure Amendments
2214	HB0491	H		1648021	2026-02-27	65	0	1	4	signed	screened	not-divided	House/ passed 3rd reading	State Highway Designation Amendments
2214	HB0491	H		1656613	2026-03-06	65	3	1	4	signed	screened	not-divided	House/ concurs with Senate amendment	State Highway Designation Amendments
2214	HB0491	S		1656612	2026-03-06	25	1	1	4	signed	screened	not-divided	Senate/ passed 2nd & 3rd readings/ suspension	State Highway Designation Amendments
2214	HB0492	H		1643157	2026-02-24	61	8	1	4	signed	screened	not-divided	House/ passed 3rd reading	Transportation, Infrastructure, and Housing Amendments
2214	HB0492	H		1656861	2026-03-06	66	5	1	4	signed	screened	not-divided	House Conference Committee - Final Passage	Transportation, Infrastructure, and Housing Amendments
2214	HB0492	S		1656648	2026-03-06	24	5	1	4	signed	screened	not-divided	Senate/ passed 2nd & 3rd readings/ suspension	Transportation, Infrastructure, and Housing Amendments
2214	HB0492	S		1656860	2026-03-06	27	0	1	4	signed	screened	not-divided	Senate Conference Committee - Final Passage	Transportation, Infrastructure, and Housing Amendments
2214	HB0493	H		1642523	2026-02-24	65	1	1	4	signed	screened	not-divided	House/ passed 3rd reading	Consumer Products Amendments
2214	HB0493	H		1656586	2026-03-06	64	1	1	4	signed	screened	not-divided	House/ concurs with Senate amendment	Consumer Products Amendments
2214	HB0493	S		1656585	2026-03-06	25	0	1	4	signed	screened	not-divided	Senate/ passed 2nd & 3rd readings/ suspension	Consumer Products Amendments
2214	HB0494	H		1647451	2026-02-26	62	0	1	6	none	screened	not-divided	House/ passed 3rd reading	Transfer of Water Interests
2214	HB0495	H		1645009	2026-02-25	56	13	1	4	signed	screened	not-divided	House/ passed 3rd reading	Capital Felony Case Amendments
2214	HB0495	H		1656371	2026-03-06	55	12	1	4	signed	screened	not-divided	House/ concurs with Senate amendment	Capital Felony Case Amendments
2214	HB0495	S		1656370	2026-03-06	20	6	1	4	signed	dropped:no-direction	capital felony sentencing procedure	Senate/ passed 2nd & 3rd readings/ suspension	Capital Felony Case Amendments
2214	HB0496	H		1647802	2026-02-27	55	15	1	4	signed	screened	not-the-chambers-final-roll	House/ passed 3rd reading	Forestry and Fire Amendments
2214	HB0496	H		1654927	2026-03-05	61	5	1	4	signed	screened	not-divided	House/ concurs with Senate amendment	Forestry and Fire Amendments
2214	HB0496	S		1654059	2026-03-04	27	1	1	4	signed	screened	not-divided	Senate/ passed 2nd & 3rd readings/ suspension	Forestry and Fire Amendments
2214	HB0498	H		1642574	2026-02-24	60	5	1	4	signed	screened	not-divided	House/ passed 3rd reading	Utah App Store Accountability Act Amendments
2214	HB0498	H		1656068	2026-03-06	63	6	1	4	signed	screened	not-divided	House/ concurs with Senate amendment	Utah App Store Accountability Act Amendments
2214	HB0498	S		1655661	2026-03-05	29	0	1	4	signed	screened	not-divided	Senate/ passed 2nd & 3rd readings/ suspension	Utah App Store Accountability Act Amendments
2214	HB0501	H		1645387	2026-02-25	59	13	1	6	none	screened	not-divided	House/ passed 3rd reading	Water Modifications
2214	HB0502	H		1647070	2026-02-26	51	21	1	4	signed	screened	not-the-chambers-final-roll	House/ passed 3rd reading	School Attendance Modifications
2214	HB0502	H		1654693	2026-03-05	46	22	1	4	signed	dropped:no-direction	citizenship and attendance-based grading, test-out options	House/ concurs with Senate amendment	School Attendance Modifications
2214	HB0502	S		1653738	2026-03-04	12	16	0	4	signed	screened	not-the-chambers-final-roll	Senate/ failed	School Attendance Modifications
2214	HB0502	S		1653739	2026-03-04	21	8	1	4	signed	held	tally-mismatch: LegiScan 21-8, sheet 20-9 (Kwan wrong side)	Senate/ passed 2nd & 3rd readings/ suspension	School Attendance Modifications
2214	HB0507	H		1645112	2026-02-25	69	1	1	4	signed	screened	not-divided	House/ passed 3rd reading	State Coordination of Regional and Local Economic Development Projects Amendments
2214	HB0507	H		1656452	2026-03-06	57	1	1	4	signed	screened	not-divided	House Conference Committee - Final Passage	State Coordination of Regional and Local Economic Development Projects Amendments
2214	HB0507	S		1655187	2026-03-05	22	2	1	4	signed	screened	not-divided	Senate/ passed 2nd & 3rd readings/ suspension	State Coordination of Regional and Local Economic Development Projects Amendments
2214	HB0507	S		1656451	2026-03-06	27	1	1	4	signed	screened	not-divided	Senate Conference Committee - Final Passage	State Coordination of Regional and Local Economic Development Projects Amendments
2214	HB0508	H		1642493	2026-02-24	65	1	1	4	signed	screened	not-divided	House/ passed 3rd reading	State Facilities Modifications
2214	HB0508	H		1655855	2026-03-05	71	1	1	4	signed	screened	not-divided	House/ concurs with Senate amendment	State Facilities Modifications
2214	HB0508	S		1654991	2026-03-05	19	7	1	4	signed	dropped:not-recognizable	higher education capital facility process	Senate/ passed 2nd & 3rd readings/ suspension	State Facilities Modifications
2214	HB0509	H		1642150	2026-02-24	58	10	1	4	signed	screened	not-divided	House/ passed 3rd reading	Wetlands Study Amendments
2214	HB0509	H		1654834	2026-03-05	57	8	1	4	signed	screened	not-divided	House/ concurs with Senate amendment	Wetlands Study Amendments
2214	HB0509	S		1653147	2026-03-04	26	0	1	4	signed	screened	not-divided	Senate/ passed 2nd & 3rd readings/ suspension	Wetlands Study Amendments
2214	HB0510	H		1648029	2026-02-27	68	0	1	6	none	screened	not-divided	House/ passed 3rd reading	Municipal Incorporation Modifications
2214	HB0510	S		1656578	2026-03-06	14	12	0	6	none	screened	not-enacted-status-6	Senate/ failed	Municipal Incorporation Modifications
2214	HB0511	H		1645531	2026-02-25	68	2	1	6	none	screened	not-divided	House/ passed 3rd reading	Procurement Amendments
2214	HB0512	H		1640617	2026-02-23	66	0	1	4	signed	screened	not-divided	House/ passed 3rd reading	Land Surveyors Licensing Amendments
2214	HB0512	S		1652840	2026-03-04	26	0	1	4	signed	screened	not-divided	Senate/ passed 3rd reading	Land Surveyors Licensing Amendments
2214	HB0513	H		1647434	2026-02-26	64	2	1	4	signed	screened	not-divided	House/ passed 3rd reading	Attorney General Funding Amendments
2214	HB0513	H		1656781	2026-03-06	60	1	1	4	signed	screened	not-divided	House/ concurs with Senate amendment	Attorney General Funding Amendments
2214	HB0513	S		1656534	2026-03-06	27	0	1	4	signed	screened	not-divided	Senate/ passed 2nd & 3rd readings/ suspension	Attorney General Funding Amendments
2214	HB0513	S		1656780	2026-03-06	23	0	1	4	signed	screened	not-divided	Senate/ passed 2nd & 3rd readings/ suspension	Attorney General Funding Amendments
2214	HB0514	H		1647208	2026-02-26	68	1	1	4	signed	screened	not-divided	House/ passed 3rd reading	Utah Energy Council Amendments
2214	HB0514	H		1656141	2026-03-06	53	14	1	4	signed	dropped:not-recognizable	energy council structure and financing	House/ concurs with Senate amendment	Utah Energy Council Amendments
2214	HB0514	S		1655873	2026-03-05	22	5	1	4	signed	screened	not-divided	Senate/ passed 2nd & 3rd readings/ suspension	Utah Energy Council Amendments
2214	HB0518	H		1651101	2026-03-03	66	1	1	6	none	screened	not-divided	House/ passed 3rd reading	School Curriculum Amendments
2214	HB0519	H		1638518	2026-02-19	65	0	1	4	signed	screened	not-divided	House/ passed 3rd reading	Unclaimed Property Modifications
2214	HB0519	H		1650286	2026-03-03	68	0	1	4	signed	screened	not-divided	House/ concurs with Senate amendment	Unclaimed Property Modifications
2214	HB0519	S		1648810	2026-03-02	25	0	1	4	signed	screened	not-divided	Senate/ passed 3rd reading	Unclaimed Property Modifications
2214	HB0520	H		1647384	2026-02-26	45	23	1	4	signed	dropped:not-recognizable	student housing study	House/ passed 3rd reading	Higher Education Student Housing Study
2214	HB0520	S		1654145	2026-03-04	25	4	1	4	signed	screened	not-divided	Senate/ passed 2nd & 3rd readings/ suspension	Higher Education Student Housing Study
2214	HB0521	H		1647770	2026-02-27	66	1	1	6	none	screened	not-divided	House/ passed 3rd reading	Public Education Economic Stabilization Restricted Account Amendments
2214	HB0522	H		1647453	2026-02-26	37	30	0	6	none	screened	not-enacted-status-6	House/ failed	Parentage and Child Support Amendments
2214	HB0524	H		1642719	2026-02-24	58	9	1	6	none	screened	not-divided	House/ passed 3rd reading	Public Education Financial Officers
2214	HB0527	H		1648046	2026-02-27	62	1	1	4	signed	screened	not-divided	House/ passed 3rd reading	Pharmacy Pricing Amendments
2214	HB0527	H		1656617	2026-03-06	66	1	1	4	signed	screened	not-divided	House/ concurs with Senate amendment	Pharmacy Pricing Amendments
2214	HB0527	S		1656616	2026-03-06	24	0	1	4	signed	screened	not-divided	Senate/ passed 2nd & 3rd readings/ suspension	Pharmacy Pricing Amendments
2214	HB0528	H		1647761	2026-02-27	65	1	1	6	none	screened	not-divided	House/ passed 3rd reading	Local School Board Reporting
2214	HB0529	H		1647361	2026-02-26	57	12	1	6	none	screened	not-divided	House/ passed 3rd reading	Secretary of State Amendments
2214	HB0530	H		1641538	2026-02-23	64	2	1	4	signed	screened	not-divided	House/ passed 3rd reading	State Permitting Council
2214	HB0530	S		1652852	2026-03-04	24	0	1	4	signed	screened	not-divided	Senate/ passed 2nd & 3rd readings/ suspension	State Permitting Council
2214	HB0531	H		1643236	2026-02-24	67	1	1	4	signed	screened	not-divided	House/ passed 3rd reading	Scarification Amendments
2214	HB0531	H		1656174	2026-03-06	64	1	1	4	signed	screened	not-divided	House/ concurs with Senate amendment	Scarification Amendments
2214	HB0531	S		1655839	2026-03-05	28	0	1	4	signed	screened	not-divided	Senate/ passed 2nd & 3rd readings/ suspension	Scarification Amendments
2214	HB0534	H		1642473	2026-02-24	60	1	1	6	none	screened	not-divided	House/ passed 3rd reading	Firearm Immunity Amendments
2214	HB0535	H		1647972	2026-02-27	68	0	1	4	signed	screened	not-divided	House/ passed 3rd reading	Disposition of Public Property Modifications
2214	HB0535	H		1656738	2026-03-06	61	1	1	4	signed	screened	not-divided	House/ concurs with Senate amendment	Disposition of Public Property Modifications
2214	HB0535	S		1656737	2026-03-06	23	0	1	4	signed	screened	not-divided	Senate/ passed 2nd & 3rd readings/ suspension	Disposition of Public Property Modifications
2214	HB0536	H		1647424	2026-02-26	68	0	1	4	signed	screened	not-divided	House/ passed 3rd reading	Criminal Conduct on Public Lands Amendments
2214	HB0536	H		1656330	2026-03-06	66	1	1	4	signed	screened	not-divided	House/ concurs with Senate amendment	Criminal Conduct on Public Lands Amendments
2214	HB0536	S		1656329	2026-03-06	23	1	1	4	signed	screened	not-divided	Senate/ passed 2nd & 3rd readings/ suspension	Criminal Conduct on Public Lands Amendments
2214	HB0537	H		1640335	2026-02-20	65	4	1	4	signed	screened	not-divided	House/ passed 3rd reading	Olympic Ticket Sales Tax Exemption
2214	HB0537	S		1655204	2026-03-05	21	1	1	4	signed	screened	not-divided	Senate/ passed 3rd reading	Olympic Ticket Sales Tax Exemption
2214	HB0539	H		1643293	2026-02-24	66	0	1	4	signed	screened	not-divided	House/ passed 3rd reading	Public Safety Modifications
2214	HB0539	H		1656800	2026-03-06	53	10	1	4	signed	screened	not-divided	House/ concurs with Senate amendment	Public Safety Modifications
2214	HB0539	S		1656626	2026-03-06	19	6	1	4	signed	batch-09	imported 2026-09-10, run 16:43:17.988Z	Senate/ passed 2nd & 3rd readings/ suspension	Public Safety Modifications
2214	HB0540	H		1641536	2026-02-23	57	11	1	4	signed	screened	not-divided	House/ passed 3rd reading	Judicial Transparency and Information Access Amendments
2214	HB0540	H		1655175	2026-03-05	57	8	1	4	signed	screened	not-divided	House/ concurs with Senate amendment	Judicial Transparency and Information Access Amendments
2214	HB0540	S		1653563	2026-03-04	20	6	1	4	signed	batch-09	imported 2026-09-10, run 16:43:17.988Z	Senate/ passed 2nd & 3rd readings/ suspension	Judicial Transparency and Information Access Amendments
2214	HB0543	H		1649054	2026-03-02	50	21	1	6	none	screened	not-enacted-status-6	House/ passed 3rd reading	Uniform Commercial Code Amendments
2214	HB0544	H		1649848	2026-03-02	69	0	1	6	none	screened	not-divided	House/ passed 3rd reading	County Land Use Authority Amendments
2214	HB0544	H		1651989	2026-03-03	73	0	1	6	none	screened	not-divided	House/ passed 3rd reading	County Land Use Authority Amendments
2214	HB0545	H		1647309	2026-02-26	71	1	1	4	signed	screened	not-divided	House/ passed 3rd reading	Budgetary Modifications
2214	HB0545	H		1656405	2026-03-06	66	1	1	4	signed	screened	not-divided	House/ concurs with Senate amendment	Budgetary Modifications
2214	HB0545	S		1655843	2026-03-05	29	0	1	4	signed	screened	not-divided	Senate/ passed 2nd & 3rd readings/ suspension	Budgetary Modifications
2214	HB0546	H		1647302	2026-02-26	51	15	1	4	signed	dropped:no-area	asserts state interest in federally controlled land; federalism	House/ passed 3rd reading	Public Lands Duty of Care Amendments
2214	HB0546	S		1654476	2026-03-05	17	7	1	4	signed	dropped:no-area	asserts state interest in federally controlled land; federalism	Senate/ passed 2nd & 3rd readings/ suspension	Public Lands Duty of Care Amendments
2214	HB0547	H		1644281	2026-02-25	64	0	1	4	signed	screened	not-divided	House/ passed 3rd reading	Transnational Repression Amendments
2214	HB0547	S		1656774	2026-03-06	25	0	1	4	signed	screened	not-divided	Senate/ passed 2nd & 3rd readings/ suspension	Transnational Repression Amendments
2214	HB0548	H		1649011	2026-03-02	40	30	1	6	none	screened	not-enacted-status-6	House/ passed 3rd reading	Primary Election Amendments
2214	HB0549	H		1647987	2026-02-27	66	0	1	4	signed	screened	not-divided	House/ passed 3rd reading	Energy Efficiency Rebate Amendments
2214	HB0549	S		1654868	2026-03-05	28	0	1	4	signed	screened	not-divided	Senate/ passed 2nd & 3rd readings/ suspension	Energy Efficiency Rebate Amendments
2214	HB0553	H		1648805	2026-03-02	31	38	0	6	none	screened	not-enacted-status-6	House/ failed	Dog Attack Amendments
2214	HB0554	H		1644834	2026-02-25	68	0	1	6	none	screened	not-divided	House/ passed 3rd reading	State Debt Collection Amendments
2214	HB0555	H		1647452	2026-02-26	67	0	1	6	none	screened	not-divided	House/ passed 3rd reading	Changes to Family Law Actions
2214	HB0557	H		1637129	2026-02-18	55	11	1	4	signed	screened	not-divided	House/ passed 3rd reading	Revisor's Technical Corrections to Utah Code
2214	HB0557	S		1638430	2026-02-19	26	0	1	4	signed	screened	not-divided	Senate/ passed 3rd reading	Revisor's Technical Corrections to Utah Code
2214	HB0559	H		1642882	2026-02-24	68	1	1	4	signed	screened	not-divided	House/ passed 3rd reading	Pregnancy and Infant Loss Amendments
2214	HB0559	S		1656007	2026-03-06	23	0	1	4	signed	screened	not-divided	Senate/ passed 3rd reading	Pregnancy and Infant Loss Amendments
2214	HB0561	H		1648203	2026-02-27	47	13	1	6	none	screened	not-enacted-status-6	House/ passed 3rd reading	Use of Motorized Vehicles by Minors Amendments
2214	HB0565	H		1646727	2026-02-26	55	8	1	4	signed	screened	not-divided	House/ passed 3rd reading	City Library Property Tax Amendments
2214	HB0565	H		1655551	2026-03-05	48	16	1	4	signed	dropped:not-recognizable	library levy notices	House/ concurs with Senate amendment	City Library Property Tax Amendments
2214	HB0565	S		1654707	2026-03-05	26	0	1	4	signed	screened	not-divided	Senate/ passed 3rd reading	City Library Property Tax Amendments
2214	HB0566	H		1647767	2026-02-27	61	1	1	4	signed	screened	not-divided	House/ passed 3rd reading	Health Care Transparency Amendments
2214	HB0566	H		1655327	2026-03-05	68	1	1	4	signed	screened	not-divided	House/ concurs with Senate amendment	Health Care Transparency Amendments
2214	HB0566	S		1653438	2026-03-04	25	0	1	4	signed	screened	not-divided	Senate/ passed 2nd & 3rd readings/ suspension	Health Care Transparency Amendments
2214	HB0567	H		1647460	2026-02-26	62	0	1	4	signed	screened	not-divided	House/ passed 3rd reading	Outdoor Recreational Infrastructure Grant Program Amendments
2214	HB0567	S		1656722	2026-03-06	29	0	1	4	signed	screened	not-divided	Senate/ passed 2nd & 3rd readings/ suspension	Outdoor Recreational Infrastructure Grant Program Amendments
2214	HB0572	H		1648001	2026-02-27	67	1	1	4	signed	screened	not-divided	House/ passed 3rd reading	Behavioral Health, Mental Health, and Social Services Amendments
2214	HB0572	H		1655098	2026-03-05	68	1	1	4	signed	screened	not-divided	House/ concurs with Senate amendment	Behavioral Health, Mental Health, and Social Services Amendments
2214	HB0572	S		1655097	2026-03-05	26	0	1	4	signed	screened	not-divided	Senate/ passed 2nd & 3rd readings/ suspension	Behavioral Health, Mental Health, and Social Services Amendments
2214	HB0575	H		1642716	2026-02-24	67	2	1	4	signed	screened	not-divided	House/ passed 3rd reading	Fuel Tax and Supply Amendments
2214	HB0575	S		1653855	2026-03-04	24	1	1	4	signed	screened	not-divided	Senate/ passed 2nd & 3rd readings/ suspension	Fuel Tax and Supply Amendments
2214	HB0581	H		1651848	2026-03-03	61	9	1	6	none	screened	not-divided	House/ passed 3rd reading	Autonomous Vehicle Amendments
2214	HB0582	H		1648983	2026-03-02	64	0	1	4	signed	screened	not-divided	House/ passed 3rd reading	Asbestos Amendments
2214	HB0582	S		1656140	2026-03-06	25	0	1	4	signed	screened	not-divided	Senate/ passed 2nd & 3rd readings/ suspension	Asbestos Amendments
2214	HB0588	H		1651950	2026-03-03	72	0	1	6	none	screened	not-divided	House/ passed 3rd reading	Murdered and Missing Indigenous Relatives Amendments
2214	HB0590	H		1650853	2026-03-03	71	1	1	4	signed	screened	not-divided	House/ passed 3rd reading	Child Therapy Amendments
2214	HB0590	H		1655020	2026-03-05	67	1	1	4	signed	screened	not-divided	House/ concurs with Senate amendment	Child Therapy Amendments
2214	HB0590	S		1653936	2026-03-04	26	0	1	4	signed	screened	not-divided	Senate/ passed 2nd & 3rd readings/ suspension	Child Therapy Amendments
2214	HB0591	H		1647930	2026-02-27	60	9	1	4	signed	screened	not-divided	House/ passed 3rd reading	Nuisance Amendments
2214	HB0591	H		1656704	2026-03-06	47	14	1	4	signed	dropped:not-recognizable	nuisance code recodification	House/ concurs with Senate amendment	Nuisance Amendments
2214	HB0591	S		1656703	2026-03-06	21	6	1	4	signed	dropped:not-recognizable	nuisance code recodification	Senate/ passed 2nd & 3rd readings/ suspension	Nuisance Amendments
2214	HB0593	H		1652046	2026-03-03	56	15	1	6	none	screened	not-enacted-status-6	House/ passed 3rd reading	Bail Amendments
2214	HB0596	H		1651860	2026-03-03	34	37	1	6	none	screened	not-enacted-status-6	House/ failed	Homelessness Amendments
2214	HB0597	H		1650613	2026-03-03	65	3	1	4	signed	screened	not-divided	House/ passed 3rd reading	Alcohol Amendments
2214	HB0597	H		1654952	2026-03-05	67	2	1	4	signed	screened	not-divided	House/ concurs with Senate amendment	Alcohol Amendments
2214	HB0597	S		1654078	2026-03-04	29	0	1	4	signed	screened	not-divided	Senate/ passed 2nd & 3rd readings/ suspension	Alcohol Amendments
2214	HB0599	H		1650742	2026-03-03	69	1	1	4	signed	screened	not-divided	House/ passed 3rd reading	Social Services Funding Amendments
2214	HB0599	S		1653622	2026-03-04	26	0	1	4	signed	screened	not-divided	Senate/ passed 2nd & 3rd readings/ suspension	Social Services Funding Amendments
2214	HB0604	H		1652079	2026-03-03	43	23	1	6	none	screened	not-enacted-status-6	House/ passed 3rd reading	Local Government Official Amendments
2214	HJR001	H		1618824	2026-01-28	73	0	1	3	none	screened	not-divided	House/ passed 3rd reading	Joint Rules Resolution - Amendments to Joint Rules
2214	HJR001	H		1634906	2026-02-17	68	0	1	3	none	screened	not-divided	House Conference Committee - Final Passage	Joint Rules Resolution - Amendments to Joint Rules
2214	HJR001	S		1624846	2026-02-05	24	0	1	3	none	screened	not-divided	Senate/ passed 3rd reading	Joint Rules Resolution - Amendments to Joint Rules
2214	HJR001	S		1633112	2026-02-13	26	0	1	3	none	screened	not-divided	Senate Conference Committee - Final Passage	Joint Rules Resolution - Amendments to Joint Rules
2214	HJR002	H		1617488	2026-01-27	70	1	1	3	none	screened	not-divided	House/ passed 3rd reading	Joint Rules Resolution - Resolution Amendments
2214	HJR002	S		1624790	2026-02-05	22	4	1	3	none	screened	not-divided	Senate/ passed 3rd reading	Joint Rules Resolution - Resolution Amendments
2214	HJR004	H		1648727	2026-03-02	63	0	1	3	none	screened	not-divided	House/ passed 3rd reading	Resolution Regarding Prison Security and Successful Inmate Reentry
2214	HJR008	H		1640679	2026-02-23	68	0	1	3	none	screened	not-divided	House/ passed 3rd reading	Joint Resolution Regarding LEA Reporting Requirements
2214	HJR010	H		1626682	2026-02-09	48	25	1	6	none	screened	joint-resolution-not-law	House/ passed 3rd reading	Joint Rules Resolution - Sponsor's Supporting Information
2214	HJR012	H		1650262	2026-03-03	56	11	1	3	none	screened	not-divided	House/ passed 3rd reading	Joint Resolution Encouraging Strong Family Units
2214	HJR015	H		1640300	2026-02-20	71	0	1	6	none	screened	not-divided	House/ passed 3rd reading	Joint Resolution Amending Court Rules to Address Sanctions and Dismissals
2214	HJR018	H		1645994	2026-02-26	66	0	1	3	none	screened	not-divided	House/ passed 3rd reading	Joint Resolution Urging Congress to Eliminate Marriage Penalties
2214	HJR018	S		1654979	2026-03-05	24	3	1	3	none	screened	not-divided	Senate/ passed 3rd reading	Joint Resolution Urging Congress to Eliminate Marriage Penalties
2214	HJR023	H		1640237	2026-02-20	69	0	1	6	none	screened	not-divided	House/ passed 3rd reading	Joint Rules Resolution - Policy Development and Impact
2214	HJR025	H		1647446	2026-02-26	57	12	1	6	none	screened	not-divided	House/ passed 3rd reading	Proposal to Amend Utah Constitution - Secretary of State
2214	HJR026	H		1647437	2026-02-26	66	1	1	3	none	screened	not-divided	House/ passed 3rd reading	Joint Resolution Amending Rules of Evidence to Address Machine-Generated Evidence
2214	HJR026	S		1656670	2026-03-06	27	0	1	3	none	screened	not-divided	Senate/ passed 2nd & 3rd readings/ suspension	Joint Resolution Amending Rules of Evidence to Address Machine-Generated Evidence
2214	HJR028	H		1648030	2026-02-27	54	14	1	3	none	screened	joint-resolution-not-law	House/ passed 3rd reading	Joint Resolution Amending Court Rules Related to Capital Felony Cases
2214	HJR028	S		1656483	2026-03-06	21	6	1	3	none	screened	joint-resolution-not-law	Senate/ passed 2nd & 3rd readings/ suspension	Joint Resolution Amending Court Rules Related to Capital Felony Cases
2214	HJR030	H		1656755	2026-03-06	62	2	1	3	none	screened	not-divided	House/ passed 3rd reading	House Joint Resolution to Approve the Transfer of Land
2214	HJR030	S		1656756	2026-03-06	25	1	1	3	none	screened	not-divided	Senate/ passed 2nd & 3rd readings/ suspension	House Joint Resolution to Approve the Transfer of Land
2214	SB0001	H		1619453	2026-01-29	71	0	1	4	signed	screened	not-divided	House/ passed 3rd reading	Higher Education Base Budget
2214	SB0001	S		1618834	2026-01-28	27	0	1	4	signed	screened	not-divided	Senate/ passed 2nd & 3rd readings/ suspension	Higher Education Base Budget
2214	SB0002	H		1652480	2026-03-04	70	1	1	4	signed	screened	not-divided	House/ passed 3rd reading	Public Education Budget Amendments
2214	SB0002	S		1650484	2026-03-03	23	6	1	4	signed	dropped:mixed	annual public education appropriations act; adds $24.8M at-risk WPUs and moves CTE add-on money to counseling, but repeals the $18.4M Digital Teaching and Learning grant and cuts transportation and salary lines; runs both ways, no state imports budget acts (CT 7 appropriations dropped, IN HB 1001 held)	Senate/ passed 2nd & 3rd readings/ suspension	Public Education Budget Amendments
2214	SB0003	H		1652671	2026-03-04	69	1	1	4	signed	screened	not-divided	House/ passed 3rd reading	Current Fiscal Year Supplemental Appropriations
2214	SB0003	S		1650421	2026-03-03	27	1	1	4	signed	screened	not-divided	Senate/ passed 2nd & 3rd readings/ suspension	Current Fiscal Year Supplemental Appropriations
2214	SB0004	H		1619359	2026-01-29	71	0	1	4	signed	screened	not-divided	House/ passed 3rd reading	Economic and Community Development Base Budget
2214	SB0004	S		1618857	2026-01-28	26	0	1	4	signed	screened	not-divided	Senate/ passed 2nd & 3rd readings/ suspension	Economic and Community Development Base Budget
2214	SB0005	H		1619449	2026-01-29	71	0	1	4	signed	screened	not-divided	House/ passed 3rd reading	General Government Base Budget
2214	SB0005	S		1618451	2026-01-28	27	0	1	4	signed	screened	not-divided	Senate/ passed 2nd & 3rd readings/ suspension	General Government Base Budget
2214	SB0006	H		1619465	2026-01-29	73	0	1	4	signed	screened	not-divided	House/ passed 3rd reading	Transportation and Infrastructure Base Budget
2214	SB0006	S		1618462	2026-01-28	28	0	1	4	signed	screened	not-divided	Senate/ passed 2nd & 3rd readings/ suspension	Transportation and Infrastructure Base Budget
2214	SB0007	H		1619447	2026-01-29	74	0	1	4	signed	screened	not-divided	House/ passed 3rd reading	National Guard, Veterans Affairs, and Legislature Base Budget
2214	SB0007	S		1618526	2026-01-28	28	0	1	4	signed	screened	not-divided	Senate/ passed 2nd & 3rd readings/ suspension	National Guard, Veterans Affairs, and Legislature Base Budget
2214	SB0008	H		1652759	2026-03-04	67	1	1	4	signed	screened	not-divided	House/ passed 3rd reading	State Agency and Higher Education Compensation Appropriations
2214	SB0008	S		1651132	2026-03-03	24	5	1	4	signed	screened	not-divided	Senate/ passed 2nd & 3rd readings/ suspension	State Agency and Higher Education Compensation Appropriations
2214	SB0011	S		1614589	2026-01-20	24	0	1	6	none	screened	not-divided	Senate/ passed 2nd & 3rd readings/ suspension	Property Rights Ombudsman Act Amendments
2214	SB0012	H		1656065	2026-03-06	60	3	1	4	signed	screened	not-divided	House/ passed 3rd reading	Sunset and Repeal Date Amendments
2214	SB0012	S		1641461	2026-02-23	24	0	1	4	signed	screened	not-divided	Senate/ passed 3rd reading	Sunset and Repeal Date Amendments
2214	SB0012	S		1656544	2026-03-06	29	0	1	4	signed	screened	not-divided	Senate/ concurs with House amendment	Sunset and Repeal Date Amendments
2214	SB0013	H		1620036	2026-01-30	67	1	1	4	signed	screened	not-divided	House/ passed 3rd reading	Statutorily Required Reports and Presentations Amendments
2214	SB0013	S		1614814	2026-01-20	26	0	1	4	signed	screened	not-divided	Senate/ passed 2nd & 3rd readings/ suspension	Statutorily Required Reports and Presentations Amendments
2214	SB0013	S		1622061	2026-02-03	28	0	1	4	signed	screened	not-divided	Senate/ concurs with House amendment	Statutorily Required Reports and Presentations Amendments
2214	SB0014	S		1614811	2026-01-20	26	0	1	6	none	screened	not-divided	Senate/ passed 2nd & 3rd readings/ suspension	Utah Commission on Aging Sunset Amendments
2214	SB0015	H		1624831	2026-02-05	51	20	1	4	signed	dropped:not-recognizable	county government form options	House/ passed 3rd reading	County Forms of Government Amendments
2214	SB0015	S		1614817	2026-01-20	27	0	1	4	signed	screened	not-divided	Senate/ passed 2nd & 3rd readings/ suspension	County Forms of Government Amendments
2214	SB0016	H		1624668	2026-02-05	69	1	1	4	signed	screened	not-divided	House/ passed 3rd reading	Tax Credit Review Process Amendments
2214	SB0016	S		1614812	2026-01-20	26	0	1	4	signed	screened	not-divided	Senate/ passed 2nd & 3rd readings/ suspension	Tax Credit Review Process Amendments
2214	SB0016	S		1614813	2026-01-20	28	0	1	4	signed	screened	not-divided	Senate/ passed 2nd & 3rd readings/ suspension	Tax Credit Review Process Amendments
2214	SB0017	H		1624841	2026-02-05	28	43	0	6	none	screened	not-enacted-status-6	House/ failed	Credit Card Processing Fees Amendments
2214	SB0017	S		1618450	2026-01-28	29	0	1	6	none	screened	not-divided	Senate/ passed 3rd reading	Credit Card Processing Fees Amendments
2214	SB0018	H		1620041	2026-01-30	72	1	1	4	signed	screened	not-divided	House/ passed 3rd reading	Criminal Offense Modifications
2214	SB0018	S		1614543	2026-01-20	28	0	1	4	signed	screened	not-divided	Senate/ passed 2nd & 3rd readings/ suspension	Criminal Offense Modifications
2214	SB0019	H		1638866	2026-02-19	67	0	1	4	signed	screened	not-divided	House/ passed 3rd reading	Digital Evidence Amendments
2214	SB0019	S		1623600	2026-02-04	26	1	1	4	signed	screened	not-divided	Senate/ passed 3rd reading	Digital Evidence Amendments
2214	SB0020	H		1623631	2026-02-04	71	1	1	4	signed	screened	not-divided	House/ passed 3rd reading	Natural Resources, Agriculture, and Environment Technical Changes
2214	SB0020	S		1614831	2026-01-20	28	0	1	4	signed	screened	not-divided	Senate/ passed 2nd & 3rd readings/ suspension	Natural Resources, Agriculture, and Environment Technical Changes
2214	SB0021	H		1655682	2026-03-05	67	1	1	4	signed	screened	not-divided	House/ passed 3rd reading	Geothermal Amendments
2214	SB0021	S		1641094	2026-02-23	24	0	1	4	signed	screened	not-divided	Senate/ passed 3rd reading	Geothermal Amendments
2214	SB0021	S		1656076	2026-03-06	24	0	1	4	signed	screened	not-divided	Senate/ concurs with House amendment	Geothermal Amendments
2214	SB0022	H		1623838	2026-02-04	71	0	1	4	signed	screened	not-divided	House/ passed 3rd reading	Minor Driving Hours Amendments
2214	SB0022	S		1614820	2026-01-20	28	0	1	4	signed	screened	not-divided	Senate/ passed 2nd & 3rd readings/ suspension	Minor Driving Hours Amendments
2214	SB0024	S		1614886	2026-01-20	28	0	1	6	none	screened	not-divided	Senate/ passed 2nd & 3rd readings/ suspension	Health Care Providers Immunity Amendments
2214	SB0025	H		1622963	2026-02-04	70	1	1	4	signed	screened	not-divided	House/ passed 3rd reading	Retirement Modifications
2214	SB0025	S		1614887	2026-01-20	28	0	1	4	signed	screened	not-divided	Senate/ passed 2nd & 3rd readings/ suspension	Retirement Modifications
2214	SB0026	H		1622946	2026-02-04	48	22	1	4	signed	dropped:mixed	ends the pesticide negligence shield but loosens who may apply weed killer; strands conflict	House/ passed 3rd reading	Pest Control Amendments
2214	SB0026	S		1614776	2026-01-20	26	0	1	4	signed	screened	not-divided	Senate/ passed 2nd & 3rd readings/ suspension	Pest Control Amendments
2214	SB0027	H		1624742	2026-02-05	70	0	1	4	signed	screened	not-divided	House/ passed 3rd reading	Assault or Threat of Violence Amendments
2214	SB0027	S		1614868	2026-01-20	28	0	1	4	signed	screened	not-divided	Senate/ passed 2nd & 3rd readings/ suspension	Assault or Threat of Violence Amendments
2214	SB0027	S		1625692	2026-02-06	26	3	1	4	signed	screened	not-divided	Senate/ concurs with House amendment	Assault or Threat of Violence Amendments
2214	SB0029	S		1614804	2026-01-20	28	0	1	6	none	screened	not-divided	Senate/ passed 2nd & 3rd readings/ suspension	Child Care Advisory Committee Amendments
2214	SB0030	H		1646233	2026-02-26	42	7	1	4	signed	screened	not-divided	House/ passed 3rd reading	Human Trafficking, Exploitation, and Smuggling Amendments
2214	SB0030	S		1615092	2026-01-21	26	0	1	4	signed	screened	not-divided	Senate/ passed 3rd reading	Human Trafficking, Exploitation, and Smuggling Amendments
2214	SB0030	S		1647713	2026-02-27	22	0	1	4	signed	screened	not-divided	Senate/ concurs with House amendment	Human Trafficking, Exploitation, and Smuggling Amendments
2214	SB0031	H		1656349	2026-03-06	59	5	1	4	signed	screened	not-divided	House/ passed 3rd reading	Office of Professional Licensure Review Amendments
2214	SB0031	S		1644931	2026-02-25	23	0	1	4	signed	screened	not-divided	Senate/ passed 3rd reading	Office of Professional Licensure Review Amendments
2214	SB0031	S		1656593	2026-03-06	22	1	1	4	signed	screened	not-divided	Senate/ concurs with House amendment	Office of Professional Licensure Review Amendments
2214	SB0032	H		1624872	2026-02-05	72	0	1	4	signed	screened	not-divided	House/ passed 3rd reading	Child Abuse Homicide Corrections
2214	SB0032	S		1614650	2026-01-20	27	0	1	4	signed	screened	not-divided	Senate/ passed 2nd & 3rd readings/ suspension	Child Abuse Homicide Corrections
2214	SB0033	H		1623636	2026-02-04	67	1	1	4	signed	screened	not-divided	House/ passed 3rd reading	Office of Professional Licensure Review Sunrise Amendments
2214	SB0033	S		1614862	2026-01-20	26	0	1	4	signed	screened	not-divided	Senate/ passed 2nd & 3rd readings/ suspension	Office of Professional Licensure Review Sunrise Amendments
2214	SB0034	H		1655896	2026-03-05	71	0	1	4	signed	screened	not-divided	House/ passed 3rd reading	Public Education Revisions
2214	SB0034	H		1656381	2026-03-06	52	0	1	4	signed	screened	not-divided	House Conference Committee - Final Passage	Public Education Revisions
2214	SB0034	S		1642196	2026-02-24	25	0	1	4	signed	screened	not-divided	Senate/ passed 3rd reading	Public Education Revisions
2214	SB0034	S		1656382	2026-03-06	29	0	1	4	signed	screened	not-divided	Senate Conference Committee - Final Passage	Public Education Revisions
2214	SB0035	H		1624936	2026-02-05	67	3	1	4	signed	screened	not-divided	House/ passed 3rd reading	Amendments to Interdisciplinary Parental Representation Pilot Program
2214	SB0035	S		1614702	2026-01-20	26	0	1	4	signed	screened	not-divided	Senate/ passed 2nd & 3rd readings/ suspension	Amendments to Interdisciplinary Parental Representation Pilot Program
2214	SB0036	H		1623864	2026-02-04	59	9	1	4	signed	screened	not-divided	House/ passed 3rd reading	Transportation Commission Amendments
2214	SB0036	S		1614883	2026-01-20	24	0	1	4	signed	screened	not-divided	Senate/ passed 2nd & 3rd readings/ suspension	Transportation Commission Amendments
2214	SB0037	S		1626544	2026-02-09	24	0	1	6	none	screened	not-divided	Senate/ passed 3rd reading	George E. Wahlen Memorial Highway Designation
2214	SB0038	H		1646123	2026-02-26	46	1	1	4	signed	screened	not-divided	House/ passed 3rd reading	Consumer Protection Modifications
2214	SB0038	S		1615089	2026-01-21	24	0	1	4	signed	screened	not-divided	Senate/ passed 2nd & 3rd readings/ suspension	Consumer Protection Modifications
2214	SB0038	S		1647624	2026-02-27	22	0	1	4	signed	screened	not-divided	Senate/ concurs with House amendment	Consumer Protection Modifications
2214	SB0039	H		1638719	2026-02-19	46	22	1	4	signed	dropped:not-recognizable	investment zone recodification	House/ passed 3rd reading	Investment Zones Amendments
2214	SB0039	S		1625652	2026-02-06	23	2	1	4	signed	screened	not-divided	Senate/ passed 3rd reading	Investment Zones Amendments
2214	SB0040	H		1631356	2026-02-12	67	1	1	4	signed	screened	not-divided	House/ passed 3rd reading	Business Entity Amendments
2214	SB0040	S		1614654	2026-01-20	26	0	1	4	signed	screened	not-divided	Senate/ passed 2nd & 3rd readings/ suspension	Business Entity Amendments
2214	SB0040	S		1637004	2026-02-18	25	0	1	4	signed	screened	not-divided	Senate/ concurs with House amendment	Business Entity Amendments
2214	SB0041	H		1631814	2026-02-12	66	1	1	4	signed	screened	not-divided	House/ passed 3rd reading	Business Entity Technical Amendments
2214	SB0041	S		1614696	2026-01-20	26	0	1	4	signed	screened	not-divided	Senate/ passed 2nd & 3rd readings/ suspension	Business Entity Technical Amendments
2214	SB0041	S		1636853	2026-02-18	25	0	1	4	signed	screened	not-divided	Senate/ concurs with House amendment	Business Entity Technical Amendments
2214	SB0042	S		1614673	2026-01-20	25	0	1	6	none	screened	not-divided	Senate/ passed 2nd & 3rd readings/ suspension	State Weed Committee Amendments
2214	SB0043	H		1624943	2026-02-05	67	3	1	4	signed	screened	not-divided	House/ passed 3rd reading	Land Trusts Protection and Advocacy Office Amendments
2214	SB0043	S		1614787	2026-01-20	26	0	1	4	signed	screened	not-divided	Senate/ passed 2nd & 3rd readings/ suspension	Land Trusts Protection and Advocacy Office Amendments
2214	SB0044	H		1637000	2026-02-18	67	0	1	4	signed	screened	not-divided	House/ passed 3rd reading	Statewide Resource Management Plan Amendments
2214	SB0044	S		1615294	2026-01-21	26	0	1	4	signed	screened	not-divided	Senate/ passed 2nd & 3rd readings/ suspension	Statewide Resource Management Plan Amendments
2214	SB0045	H		1652439	2026-03-04	63	10	1	4	signed	screened	not-divided	House/ passed 3rd reading	Kratom Adjustments
2214	SB0045	S		1636661	2026-02-18	29	0	1	4	signed	screened	not-divided	Senate/ passed 3rd reading	Kratom Adjustments
2214	SB0045	S		1653122	2026-03-04	26	0	1	4	signed	screened	not-divided	Senate/ concurs with House amendment	Kratom Adjustments
2214	SB0046	H		1630664	2026-02-11	59	11	1	4	signed	screened	not-divided	House/ passed 3rd reading	Water Wise Landscaping Amendments
2214	SB0046	S		1615275	2026-01-21	28	0	1	4	signed	screened	not-divided	Senate/ passed 2nd & 3rd readings/ suspension	Water Wise Landscaping Amendments
2214	SB0047	H		1656836	2026-03-06	64	6	1	4	signed	screened	not-divided	House/ passed 3rd reading	Reauthorization of Administrative Rules
2214	SB0047	S		1650828	2026-03-03	22	0	1	4	signed	screened	not-divided	Senate/ passed 2nd & 3rd readings/ suspension	Reauthorization of Administrative Rules
2214	SB0050	H		1636557	2026-02-18	66	1	1	4	signed	screened	not-divided	House/ passed 3rd reading	Anesthesia Dosage Amendments
2214	SB0050	S		1621899	2026-02-03	27	0	1	4	signed	screened	not-divided	Senate/ passed 3rd reading	Anesthesia Dosage Amendments
2214	SB0051	H		1638763	2026-02-19	65	1	1	4	signed	screened	not-divided	House/ passed 3rd reading	School Safety Modifications
2214	SB0051	S		1619182	2026-01-29	26	0	1	4	signed	screened	not-divided	Senate/ passed 3rd reading	School Safety Modifications
2214	SB0052	H		1631396	2026-02-12	67	0	1	4	signed	screened	not-divided	House/ passed 3rd reading	Substitute Teaching Requirements Amendments
2214	SB0052	S		1617551	2026-01-27	26	1	1	4	signed	screened	not-divided	Senate/ passed 3rd reading	Substitute Teaching Requirements Amendments
2214	SB0053	S		1622651	2026-02-03	10	16	0	6	none	screened	not-enacted-status-6	Senate/ failed	Public Land Management Advisory Board Amendments
2214	SB0054	H		1655583	2026-03-05	67	2	1	4	signed	screened	not-divided	House/ passed 3rd reading	Carson Smith Opportunity Scholarship Program Amendments
2214	SB0054	S		1640669	2026-02-23	20	5	1	4	signed	screened	not-the-chambers-final-roll	Senate/ passed 3rd reading	Carson Smith Opportunity Scholarship Program Amendments
2214	SB0054	S		1656041	2026-03-06	27	0	1	4	signed	screened	not-divided	Senate/ concurs with House amendment	Carson Smith Opportunity Scholarship Program Amendments
2214	SB0055	H		1644879	2026-02-25	68	0	1	4	signed	screened	not-divided	House/ passed 3rd reading	Placental Tissue Amendments
2214	SB0055	S		1628429	2026-02-10	25	0	1	4	signed	screened	not-divided	Senate/ passed 3rd reading	Placental Tissue Amendments
2214	SB0058	H		1652316	2026-03-04	48	22	1	4	signed	batch-09	imported 2026-09-10, run 16:43:17.988Z	House/ passed 3rd reading	Public School Attendance Amendments
2214	SB0058	S		1618112	2026-01-28	29	0	1	4	signed	screened	not-divided	Senate/ passed 3rd reading	Public School Attendance Amendments
2214	SB0058	S		1652750	2026-03-04	26	0	1	4	signed	screened	not-divided	Senate/ concurs with House amendment	Public School Attendance Amendments
2214	SB0059	H		1646263	2026-02-26	55	0	1	4	signed	screened	not-divided	House/ passed 3rd reading	Alimony Amendments
2214	SB0059	S		1634957	2026-02-17	22	2	1	4	signed	screened	not-divided	Senate/ passed 3rd reading	Alimony Amendments
2214	SB0059	S		1647689	2026-02-27	24	1	1	4	signed	screened	not-divided	Senate/ concurs with House amendment	Alimony Amendments
2214	SB0060	H		1653792	2026-03-04	61	11	1	4	signed	screened	not-divided	House/ passed 3rd reading	Income Tax Rate Amendments
2214	SB0060	S		1628445	2026-02-10	22	7	1	4	signed	batch-07	imported 2026-09-10, run 06:54:37.475Z	Senate/ passed 3rd reading	Income Tax Rate Amendments
2214	SB0062	H		1656395	2026-03-06	65	1	1	4	signed	screened	not-divided	House/ passed 3rd reading	School Finance Amendments
2214	SB0062	S		1641719	2026-02-23	17	12	1	4	signed	screened	not-the-chambers-final-roll	Senate/ passed 3rd reading	School Finance Amendments
2214	SB0062	S		1656396	2026-03-06	21	7	1	4	signed	held	tally-mismatch: LegiScan 21-7, sheet 28-0 (different vote's list)	Senate/ concurs with House amendment	School Finance Amendments
2214	SB0063	H		1644477	2026-02-25	64	0	1	4	signed	screened	not-divided	House/ passed 3rd reading	Assault Modifications
2214	SB0063	S		1634899	2026-02-17	26	0	1	4	signed	screened	not-divided	Senate/ passed 3rd reading	Assault Modifications
2214	SB0065	S		1636646	2026-02-18	18	11	1	6	none	screened	not-enacted-status-6	Senate/ passed 3rd reading	Minimum Basic Tax Rate Amendments
2214	SB0066	H		1638984	2026-02-19	70	1	1	4	signed	screened	not-divided	House/ passed 3rd reading	Medical Cannabis Pharmacy License Amendments
2214	SB0066	S		1628436	2026-02-10	25	0	1	4	signed	screened	not-divided	Senate/ passed 3rd reading	Medical Cannabis Pharmacy License Amendments
2214	SB0067	S		1648126	2026-02-27	25	0	1	6	none	screened	not-divided	Senate/ passed 3rd reading	Law Enforcement Quota Amendments
2214	SB0068	H		1647193	2026-02-26	58	15	1	4	signed	batch-06	imported 2026-09-10, run 06:48:26.930Z	House/ passed 3rd reading	Disability Litigation Amendments
2214	SB0068	S		1635148	2026-02-17	20	6	1	4	signed	batch-06	imported 2026-09-10, run 06:48:26.930Z	Senate/ passed 3rd reading	Disability Litigation Amendments
2214	SB0069	H		1644017	2026-02-25	46	21	1	4	signed	batch-06	imported 2026-09-10, run 06:48:26.930Z	House/ passed 3rd reading	School Device Revisions
2214	SB0069	S		1622055	2026-02-03	27	1	1	4	signed	screened	not-divided	Senate/ passed 3rd reading	School Device Revisions
2214	SB0069	S		1646508	2026-02-26	19	0	1	4	signed	screened	not-divided	Senate/ concurs with House amendment	School Device Revisions
2214	SB0071	H		1647245	2026-02-26	72	0	1	4	signed	screened	not-divided	House/ passed 3rd reading	Evidence Retention Amendments
2214	SB0071	S		1635240	2026-02-17	24	0	1	4	signed	screened	not-divided	Senate/ passed 3rd reading	Evidence Retention Amendments
2214	SB0072	H		1654910	2026-03-05	63	0	1	4	signed	screened	not-divided	House/ passed 3rd reading	Obscene Animal Abuse Material Amendments
2214	SB0072	S		1640755	2026-02-23	24	0	1	4	signed	screened	not-divided	Senate/ passed 3rd reading	Obscene Animal Abuse Material Amendments
2214	SB0072	S		1656011	2026-03-06	25	0	1	4	signed	screened	not-divided	Senate/ concurs with House amendment	Obscene Animal Abuse Material Amendments
2214	SB0073	H		1652456	2026-03-04	66	1	1	4	signed	screened	not-divided	House/ passed 3rd reading	Online Age Verification Amendments
2214	SB0073	S		1640978	2026-02-23	22	2	1	4	signed	screened	not-divided	Senate/ passed 3rd reading	Online Age Verification Amendments
2214	SB0074	H		1656498	2026-03-06	68	1	1	4	signed	screened	not-divided	House/ passed 3rd reading	Motor Vehicle Civil Action Amendments
2214	SB0074	S		1644213	2026-02-25	22	3	1	4	signed	screened	not-divided	Senate/ passed 3rd reading	Motor Vehicle Civil Action Amendments
2214	SB0075	S		1625570	2026-02-06	28	0	1	6	none	screened	not-divided	Senate/ passed 3rd reading	Educator Salary Adjustment Eligibility
2214	SB0077	H		1646617	2026-02-26	63	0	1	4	signed	screened	not-divided	House/ passed 3rd reading	Dual Language Immersion Amendments
2214	SB0077	S		1633568	2026-02-13	27	0	1	4	signed	screened	not-divided	Senate/ passed 3rd reading	Dual Language Immersion Amendments
2214	SB0078	H		1656812	2026-03-06	28	41	0	6	none	screened	not-enacted-status-6	House/ failed	Property Tax Relief Amendments
2214	SB0078	S		1653482	2026-03-04	21	6	1	6	none	screened	not-enacted-status-6	Senate/ passed 3rd reading	Property Tax Relief Amendments
2214	SB0080	H		1646283	2026-02-26	54	0	1	4	signed	screened	not-divided	House/ passed 3rd reading	Physician Practice Amendments
2214	SB0080	S		1634947	2026-02-17	24	0	1	4	signed	screened	not-divided	Senate/ passed 3rd reading	Physician Practice Amendments
2214	SB0081	H		1646550	2026-02-26	63	1	1	4	signed	screened	not-divided	House/ passed 3rd reading	Dyslexia Testing Amendments
2214	SB0081	S		1628454	2026-02-10	24	0	1	4	signed	screened	not-divided	Senate/ passed 3rd reading	Dyslexia Testing Amendments
2214	SB0081	S		1647736	2026-02-27	21	0	1	4	signed	screened	not-divided	Senate/ concurs with House amendment	Dyslexia Testing Amendments
2214	SB0082	H		1652320	2026-03-04	67	1	1	4	signed	screened	not-divided	House/ passed 3rd reading	Securities Investor Education, Training, and Enforcement Fund Amendments
2214	SB0082	S		1623496	2026-02-04	28	0	1	4	signed	screened	not-divided	Senate/ passed 3rd reading	Securities Investor Education, Training, and Enforcement Fund Amendments
2214	SB0083	H		1644097	2026-02-25	69	0	1	4	signed	screened	not-divided	House/ passed 3rd reading	Controlled Substance Scheduling Amendments
2214	SB0083	S		1627979	2026-02-10	27	0	1	4	signed	screened	not-divided	Senate/ passed 3rd reading	Controlled Substance Scheduling Amendments
2214	SB0083	S		1646078	2026-02-26	23	0	1	4	signed	screened	not-divided	Senate/ concurs with House amendment	Controlled Substance Scheduling Amendments
2214	SB0084	H		1630716	2026-02-11	61	7	1	4	signed	screened	not-divided	House/ passed 3rd reading	Department of Commerce Amendments
2214	SB0084	S		1616697	2026-01-23	27	0	1	4	signed	screened	not-divided	Senate/ passed 3rd reading	Department of Commerce Amendments
2214	SB0084	S		1633128	2026-02-13	24	0	1	4	signed	screened	not-divided	Senate/ concurs with House amendment	Department of Commerce Amendments
2214	SB0085	S		1647394	2026-02-26	17	11	1	6	none	screened	not-enacted-status-6	Senate/ passed 3rd reading	Excellence in Education and Leadership Supplement Modifications
2214	SB0086	H		1641383	2026-02-23	64	0	1	4	signed	screened	not-divided	House/ passed 3rd reading	Firearm Safe Harbor Amendments
2214	SB0086	S		1635683	2026-02-17	23	0	1	4	signed	screened	not-divided	Senate/ passed 3rd reading	Firearm Safe Harbor Amendments
2214	SB0087	H		1638344	2026-02-19	70	0	1	4	signed	screened	not-divided	House/ passed 3rd reading	Naloxone Amendments
2214	SB0087	S		1622156	2026-02-03	21	0	1	4	signed	screened	not-divided	Senate/ passed 3rd reading	Naloxone Amendments
2214	SB0088	H		1647127	2026-02-26	56	5	1	4	signed	screened	not-divided	House/ passed 3rd reading	School Technology Amendments
2214	SB0088	S		1622962	2026-02-04	21	6	1	4	signed	dropped:no-direction	parent-requested content filters and monitoring on school devices	Senate/ passed 3rd reading	School Technology Amendments
2214	SB0089	H		1637081	2026-02-18	65	0	1	4	signed	screened	not-divided	House/ passed 3rd reading	Health Care Services Platforms
2214	SB0089	S		1623792	2026-02-04	26	0	1	4	signed	screened	not-divided	Senate/ passed 3rd reading	Health Care Services Platforms
2214	SB0090	H		1652607	2026-03-04	73	0	1	4	signed	screened	not-divided	House/ passed 3rd reading	Occupational Licenses for Veterans and Service Members
2214	SB0090	S		1616704	2026-01-23	27	0	1	4	signed	screened	not-divided	Senate/ passed 3rd reading	Occupational Licenses for Veterans and Service Members
2214	SB0091	H		1652726	2026-03-04	60	10	1	4	signed	screened	not-divided	House/ passed 3rd reading	Motor Vehicle Registration Services Amendments
2214	SB0091	S		1621754	2026-02-03	28	0	1	4	signed	screened	not-divided	Senate/ passed 3rd reading	Motor Vehicle Registration Services Amendments
2214	SB0091	S		1653756	2026-03-04	28	0	1	4	signed	screened	not-divided	Senate/ concurs with House amendment	Motor Vehicle Registration Services Amendments
2214	SB0092	H		1655455	2026-03-05	70	0	1	4	signed	screened	not-divided	House/ passed 3rd reading	Prosecution Amendments
2214	SB0092	S		1641827	2026-02-23	22	0	1	4	signed	screened	not-divided	Senate/ passed 3rd reading	Prosecution Amendments
2214	SB0093	H		1656307	2026-03-06	59	1	1	4	signed	screened	not-divided	House/ passed 3rd reading	Corrections Amendments
2214	SB0093	S		1644153	2026-02-25	24	0	1	4	signed	screened	not-divided	Senate/ passed 3rd reading	Corrections Amendments
2214	SB0094	S		1635413	2026-02-17	24	0	1	6	none	screened	not-divided	Senate/ passed 3rd reading	Inmate Financial Literacy Amendments
2214	SB0096	H		1646665	2026-02-26	62	0	1	4	signed	screened	not-divided	House/ passed 3rd reading	Opioid Fatality Review Amendments
2214	SB0096	S		1622687	2026-02-03	23	0	1	4	signed	screened	not-divided	Senate/ passed 3rd reading	Opioid Fatality Review Amendments
2214	SB0097	S		1652121	2026-03-03	14	15	0	6	none	screened	not-enacted-status-6	Senate/ failed	Tax Revenue Amendments
2214	SB0098	H		1646576	2026-02-26	69	1	1	4	signed	screened	not-divided	House/ passed 3rd reading	Substance Use Rehabilitation Amendments
2214	SB0098	S		1635239	2026-02-17	24	0	1	4	signed	screened	not-divided	Senate/ passed 3rd reading	Substance Use Rehabilitation Amendments
2214	SB0100	H		1652300	2026-03-04	72	0	1	4	signed	screened	not-divided	House/ passed 3rd reading	Federalism Revisions
2214	SB0100	S		1635487	2026-02-17	24	0	1	4	signed	screened	not-divided	Senate/ passed 3rd reading	Federalism Revisions
2214	SB0101	H		1652999	2026-03-04	66	1	1	4	signed	screened	not-divided	House/ passed 3rd reading	Specialized Product Amendments
2214	SB0101	S		1616573	2026-01-23	25	0	1	4	signed	screened	not-divided	Senate/ passed 3rd reading	Specialized Product Amendments
2214	SB0101	S		1654995	2026-03-05	26	0	1	4	signed	screened	not-divided	Senate/ concurs with House amendment	Specialized Product Amendments
2214	SB0102	S		1637582	2026-02-18	18	7	1	6	none	screened	not-enacted-status-6	Senate/ passed 3rd reading	Animal Control First Responder Amendments
2214	SB0103	S		1622072	2026-02-03	28	0	1	6	none	screened	not-divided	Senate/ passed 3rd reading	Driver License Amendments for Unhoused Individuals
2214	SB0104	S		1628455	2026-02-10	23	0	1	6	none	screened	not-divided	Senate/ passed 3rd reading	School Medication Amendments
2214	SB0105	S		1648076	2026-02-27	13	12	0	6	none	screened	not-enacted-status-6	Senate/ failed	Use of Force Amendments
2214	SB0108	H		1638544	2026-02-19	66	1	1	4	signed	screened	not-divided	House/ passed 3rd reading	Online Marketplace Amendments
2214	SB0108	S		1626212	2026-02-09	23	3	1	4	signed	screened	not-divided	Senate/ passed 3rd reading	Online Marketplace Amendments
2214	SB0109	H		1647026	2026-02-26	47	2	1	4	signed	screened	not-divided	House/ passed 3rd reading	Alienation of Affection Amendments
2214	SB0109	S		1617556	2026-01-27	26	1	1	4	signed	screened	not-divided	Senate/ passed 3rd reading	Alienation of Affection Amendments
2214	SB0110	H		1652409	2026-03-04	59	13	1	4	signed	screened	not-divided	House/ passed 3rd reading	Marriage Amendments
2214	SB0110	S		1624700	2026-02-05	18	7	1	4	signed	dropped:no-area	deadline to validate marriages not properly solemnized	Senate/ passed 3rd reading	Marriage Amendments
2214	SB0111	H		1655339	2026-03-05	65	1	1	4	signed	screened	not-divided	House/ passed 3rd reading	Veterinary Post-employment Amendments
2214	SB0111	S		1641505	2026-02-23	21	7	1	4	signed	dropped:no-area	voids veterinarian non-compete agreements; no area covers labor contracts	Senate/ passed 3rd reading	Veterinary Post-employment Amendments
2214	SB0112	H		1644181	2026-02-25	72	0	1	4	signed	screened	not-divided	House/ passed 3rd reading	Utah Exemptions Act Modifications
2214	SB0112	S		1629936	2026-02-11	27	0	1	4	signed	screened	not-divided	Senate/ passed 3rd reading	Utah Exemptions Act Modifications
2214	SB0115	S		1622277	2026-02-03	11	15	0	6	none	screened	not-enacted-status-6	Senate/ failed	Child and Animal Abuse Cross-reporting Amendments
2214	SB0117	H		1629698	2026-02-11	67	0	1	4	signed	screened	not-divided	House/ passed 3rd reading	Occupational and Professional Licensing Amendments
2214	SB0117	S		1616629	2026-01-23	27	0	1	4	signed	screened	not-divided	Senate/ passed 3rd reading	Occupational and Professional Licensing Amendments
2214	SB0119	S		1644510	2026-02-25	25	2	1	6	none	screened	not-divided	Senate/ passed 3rd reading	School and Classroom Amendments
2214	SB0120	H		1630658	2026-02-11	69	0	1	4	signed	screened	not-divided	House/ passed 3rd reading	Towing Modifications
2214	SB0120	S		1618831	2026-01-28	25	0	1	4	signed	screened	not-divided	Senate/ passed 3rd reading	Towing Modifications
2214	SB0120	S		1633131	2026-02-13	24	0	1	4	signed	screened	not-divided	Senate/ concurs with House amendment	Towing Modifications
2214	SB0121	H		1638418	2026-02-19	68	1	1	4	signed	screened	not-divided	House/ passed 3rd reading	Medical Cannabis Program Amendments
2214	SB0121	S		1628876	2026-02-10	27	0	1	4	signed	screened	not-divided	Senate/ passed 3rd reading	Medical Cannabis Program Amendments
2214	SB0122	H		1655503	2026-03-05	67	0	1	4	signed	screened	not-divided	House/ passed 3rd reading	HOA Amendments
2214	SB0122	S		1624603	2026-02-05	25	0	1	4	signed	screened	not-divided	Senate/ passed 3rd reading	HOA Amendments
2214	SB0122	S		1655996	2026-03-06	27	0	1	4	signed	screened	not-divided	Senate/ concurs with House amendment	HOA Amendments
2214	SB0123	H		1655553	2026-03-05	71	0	1	4	signed	screened	not-divided	House/ passed 3rd reading	Privacy and Cybersecurity Amendments
2214	SB0123	S		1636725	2026-02-18	22	0	1	4	signed	screened	not-divided	Senate/ passed 3rd reading	Privacy and Cybersecurity Amendments
2214	SB0123	S		1656013	2026-03-06	27	0	1	4	signed	screened	not-divided	Senate/ concurs with House amendment	Privacy and Cybersecurity Amendments
2214	SB0124	H		1654056	2026-03-04	30	43	0	6	none	screened	not-enacted-status-6	House/ failed	Child Welfare Modifications
2214	SB0124	S		1636741	2026-02-18	23	4	1	6	none	screened	not-divided	Senate/ passed 3rd reading	Child Welfare Modifications
2214	SB0125	H		1643969	2026-02-25	63	0	1	4	signed	screened	not-divided	House/ passed 3rd reading	Theft Amendments
2214	SB0125	S		1637094	2026-02-18	25	0	1	4	signed	screened	not-divided	Senate/ passed 3rd reading	Theft Amendments
2214	SB0127	H		1638547	2026-02-19	70	1	1	4	signed	screened	not-divided	House/ passed 3rd reading	Pediatric Care Amendments
2214	SB0127	S		1628880	2026-02-10	28	0	1	4	signed	screened	not-divided	Senate/ passed 3rd reading	Pediatric Care Amendments
2214	SB0128	H		1652554	2026-03-04	71	0	1	4	signed	screened	not-divided	House/ passed 3rd reading	Public Alert Amendments
2214	SB0128	S		1634914	2026-02-17	24	0	1	4	signed	screened	not-divided	Senate/ passed 3rd reading	Public Alert Amendments
2214	SB0129	S		1625717	2026-02-06	22	6	1	6	none	screened	not-enacted-status-6	Senate/ passed 3rd reading	Commemorative Day Amendments
2214	SB0130	H		1653588	2026-03-04	69	0	1	4	signed	screened	not-divided	House/ passed 3rd reading	River Restoration Amendments
2214	SB0130	S		1617734	2026-01-27	26	0	1	4	signed	screened	not-divided	Senate/ passed 3rd reading	River Restoration Amendments
2214	SB0130	S		1653589	2026-03-04	28	0	1	4	signed	screened	not-divided	Senate/ concurs with House amendment	River Restoration Amendments
2214	SB0131	H		1646597	2026-02-26	49	11	1	4	signed	screened	not-divided	House/ passed 3rd reading	Charter School Eligibility
2214	SB0131	S		1627938	2026-02-10	22	3	1	4	signed	screened	not-divided	Senate/ passed 3rd reading	Charter School Eligibility
2214	SB0131	S		1647746	2026-02-27	19	5	1	4	signed	dropped:school-choice-precedent	charter school enrollment preference	Senate/ concurs with House amendment	Charter School Eligibility
2214	SB0132	H		1638832	2026-02-19	68	1	1	4	signed	screened	not-divided	House/ passed 3rd reading	Spaceport Amendments
2214	SB0132	S		1625726	2026-02-06	26	1	1	4	signed	screened	not-divided	Senate/ passed 3rd reading	Spaceport Amendments
2214	SB0133	S		1640882	2026-02-23	22	0	1	6	none	screened	not-divided	Senate/ passed 3rd reading	Offender Registry Amendments
2214	SB0134	H		1619961	2026-01-30	57	18	1	4	signed	dropped:no-area	adds Supreme Court, appeals and district judges; legal areas are barred	House/ passed 3rd reading	Court Amendments
2214	SB0134	S		1616984	2026-01-26	21	8	1	4	signed	dropped:no-area	adds Supreme Court, appeals and district judges; legal areas are barred	Senate/ passed 3rd reading	Court Amendments
2214	SB0135	H		1652444	2026-03-04	59	12	1	4	signed	screened	not-divided	House/ passed 3rd reading	Nuclear Reprocessing Amendments
2214	SB0135	S		1625727	2026-02-06	21	5	1	4	signed	screened	not-divided	Senate/ passed 3rd reading	Nuclear Reprocessing Amendments
2214	SB0137	S		1628424	2026-02-10	13	11	0	6	none	screened	not-enacted-status-6	Senate/ failed	Homeless Services Board Amendments
2214	SB0139	H		1655298	2026-03-05	65	0	1	4	signed	screened	not-divided	House/ passed 3rd reading	Notary Amendments
2214	SB0139	S		1640798	2026-02-23	25	0	1	4	signed	screened	not-divided	Senate/ passed 3rd reading	Notary Amendments
2214	SB0140	H		1625719	2026-02-06	68	1	1	4	signed	screened	not-divided	House/ passed 3rd reading	Election Adjustments
2214	SB0140	S		1619454	2026-01-29	24	0	1	4	signed	screened	not-divided	Senate/ passed 3rd reading	Election Adjustments
2214	SB0141	H		1638712	2026-02-19	70	0	1	4	signed	screened	not-divided	House/ passed 3rd reading	Child Welfare Amendments
2214	SB0141	S		1628431	2026-02-10	24	0	1	4	signed	screened	not-divided	Senate/ passed 3rd reading	Child Welfare Amendments
2214	SB0142	H		1656783	2026-03-06	61	1	1	4	signed	screened	not-divided	House/ passed 3rd reading	Private Probation and Court Ordered Services Amendments
2214	SB0142	S		1642156	2026-02-24	23	0	1	4	signed	screened	not-divided	Senate/ passed 3rd reading	Private Probation and Court Ordered Services Amendments
2214	SB0143	S		1644129	2026-02-25	20	4	1	6	none	screened	not-divided	Senate/ passed 3rd reading	Utah Exemptions Act Amendments
2214	SB0144	H		1638598	2026-02-19	68	0	1	4	signed	screened	not-divided	House/ passed 3rd reading	Relocation Assistance Amendments
2214	SB0144	S		1626486	2026-02-09	25	0	1	4	signed	screened	not-divided	Senate/ passed 3rd reading	Relocation Assistance Amendments
2214	SB0145	H		1646563	2026-02-26	74	0	1	4	signed	screened	not-divided	House/ passed 3rd reading	Lobbying Amendments
2214	SB0145	S		1633183	2026-02-13	27	0	1	4	signed	screened	not-divided	Senate/ passed 3rd reading	Lobbying Amendments
2214	SB0146	H		1637242	2026-02-18	69	0	1	4	signed	screened	not-divided	House/ passed 3rd reading	Industrial Byproduct Amendments
2214	SB0146	S		1621594	2026-02-03	28	0	1	4	signed	screened	not-divided	Senate/ passed 3rd reading	Industrial Byproduct Amendments
2214	SB0147	H		1656080	2026-03-06	68	0	1	4	signed	screened	not-divided	House/ passed 3rd reading	Office of Inspector General of Medicaid Services Amendments
2214	SB0147	S		1635244	2026-02-17	24	0	1	4	signed	screened	not-divided	Senate/ passed 3rd reading	Office of Inspector General of Medicaid Services Amendments
2214	SB0147	S		1656439	2026-03-06	28	0	1	4	signed	screened	not-divided	Senate/ concurs with House amendment	Office of Inspector General of Medicaid Services Amendments
2214	SB0148	H		1653550	2026-03-04	74	0	1	4	signed	screened	not-divided	House/ passed 3rd reading	General Oversight Amendments
2214	SB0148	S		1640293	2026-02-20	18	5	1	4	signed	screened	not-the-chambers-final-roll	Senate/ passed 3rd reading	General Oversight Amendments
2214	SB0148	S		1654584	2026-03-05	26	1	1	4	signed	screened	not-divided	Senate/ concurs with House amendment	General Oversight Amendments
2214	SB0149	H		1656791	2026-03-06	60	1	1	4	signed	screened	not-divided	House/ passed 3rd reading	Licensing Modifications
2214	SB0149	S		1636596	2026-02-18	24	0	1	4	signed	screened	not-divided	Senate/ passed 3rd reading	Licensing Modifications
2214	SB0149	S		1656792	2026-03-06	27	0	1	4	signed	screened	not-divided	Senate/ concurs with House amendment	Licensing Modifications
2214	SB0150	H		1655662	2026-03-05	67	1	1	4	signed	screened	not-divided	House/ passed 3rd reading	Healthcare Providers Scope of Practice Amendments
2214	SB0150	S		1640903	2026-02-23	26	0	1	4	signed	screened	not-divided	Senate/ passed 3rd reading	Healthcare Providers Scope of Practice Amendments
2214	SB0151	H		1653340	2026-03-04	72	0	1	4	signed	screened	not-divided	House/ passed 3rd reading	Public Safety Funding Amendments
2214	SB0151	S		1637348	2026-02-18	25	2	1	4	signed	screened	not-divided	Senate/ passed 3rd reading	Public Safety Funding Amendments
2214	SB0151	S		1654477	2026-03-05	22	0	1	4	signed	screened	not-divided	Senate/ concurs with House amendment	Public Safety Funding Amendments
2214	SB0152	H		1652433	2026-03-04	65	7	1	4	signed	held	tally-mismatch: LegiScan 65-7, sheet 70-1 (different vote's list)	House/ passed 3rd reading	Public and Higher Education Collaboration
2214	SB0152	H		1653078	2026-03-04	70	1	1	4	signed	screened	not-divided	House/ passed 3rd reading	Public and Higher Education Collaboration
2214	SB0152	S		1628761	2026-02-10	26	0	1	4	signed	screened	not-divided	Senate/ passed 3rd reading	Public and Higher Education Collaboration
2214	SB0152	S		1654239	2026-03-05	22	0	1	4	signed	screened	not-divided	Senate/ concurs with House amendment	Public and Higher Education Collaboration
2214	SB0153	H		1652242	2026-03-04	56	12	1	4	signed	screened	not-divided	House/ passed 3rd reading	Election Amendments
2214	SB0153	S		1642280	2026-02-24	24	4	1	4	signed	screened	not-divided	Senate/ passed 3rd reading	Election Amendments
2214	SB0153	S		1653449	2026-03-04	19	5	1	4	signed	screened	not-the-chambers-final-roll	Senate/ concurs with House amendment	Election Amendments
2214	SB0153	S		1653450	2026-03-04	22	7	1	4	signed	deferred:operator-direction	makes most private voter records public but limits use of the voter list with new crimes; privacy runs both ways	Senate/ concurs with House amendment	Election Amendments
2214	SB0154	H		1656739	2026-03-06	66	1	1	4	signed	screened	not-divided	House/ passed 3rd reading	Protection and Advocacy Agency Reporting
2214	SB0154	S		1643014	2026-02-24	24	1	1	4	signed	screened	not-divided	Senate/ passed 3rd reading	Protection and Advocacy Agency Reporting
2214	SB0154	S		1656740	2026-03-06	26	2	1	4	signed	screened	not-divided	Senate/ concurs with House amendment	Protection and Advocacy Agency Reporting
2214	SB0155	H		1646420	2026-02-26	62	0	1	4	signed	screened	not-divided	House/ passed 3rd reading	Unclaimed Property Amendments
2214	SB0155	S		1631669	2026-02-12	27	0	1	4	signed	screened	not-divided	Senate/ passed 3rd reading	Unclaimed Property Amendments
2214	SB0156	H		1656863	2026-03-06	67	1	1	4	signed	screened	not-divided	House/ passed 3rd reading	Constable Amendments
2214	SB0156	S		1635144	2026-02-17	24	0	1	4	signed	screened	not-divided	Senate/ passed 3rd reading	Constable Amendments
2214	SB0157	S		1642395	2026-02-24	25	1	1	6	none	screened	not-divided	Senate/ passed 3rd reading	New Motorboat Distributor Act
2214	SB0158	H		1653069	2026-03-04	54	14	1	4	signed	dropped:no-direction	Medicaid recreational therapy reimbursement for camp-accredited programs	House/ passed 3rd reading	Recreational Therapy Program Amendments
2214	SB0158	S		1629174	2026-02-10	26	0	1	4	signed	screened	not-divided	Senate/ passed 3rd reading	Recreational Therapy Program Amendments
2214	SB0160	H		1644192	2026-02-25	68	1	1	4	signed	screened	not-divided	House/ passed 3rd reading	Medicaid Reimbursement Rate Amendments
2214	SB0160	S		1628416	2026-02-10	24	0	1	4	signed	screened	not-divided	Senate/ passed 3rd reading	Medicaid Reimbursement Rate Amendments
2214	SB0161	H		1647321	2026-02-26	52	17	1	4	signed	screened	not-the-chambers-final-roll	House/ passed 3rd reading	Evaluations in Guardianship Amendments
2214	SB0161	H		1647322	2026-02-26	73	0	1	4	signed	screened	not-divided	House/ passed 3rd reading	Evaluations in Guardianship Amendments
2214	SB0161	S		1624825	2026-02-05	25	0	1	4	signed	screened	not-divided	Senate/ passed 3rd reading	Evaluations in Guardianship Amendments
2214	SB0161	S		1650711	2026-03-03	28	0	1	4	signed	screened	not-divided	Senate/ concurs with House amendment	Evaluations in Guardianship Amendments
2214	SB0162	H		1652364	2026-03-04	69	1	1	4	signed	screened	not-divided	House/ passed 3rd reading	Online Sales Tax Amendments
2214	SB0162	S		1630021	2026-02-11	28	1	1	4	signed	screened	not-divided	Senate/ passed 3rd reading	Online Sales Tax Amendments
2214	SB0163	S		1635451	2026-02-17	24	0	1	6	none	screened	not-divided	Senate/ passed 3rd reading	Municipal Prosecutor Amendments
2214	SB0164	H		1646483	2026-02-26	60	13	1	4	signed	screened	not-divided	House/ passed 3rd reading	School Construction Amendments
2214	SB0164	S		1637036	2026-02-18	20	9	1	4	signed	dropped:not-recognizable	school construction permitting	Senate/ passed 3rd reading	School Construction Amendments
2214	SB0165	H		1656659	2026-03-06	63	4	1	4	signed	screened	not-divided	House/ passed 3rd reading	Economic Mobility Initiative
2214	SB0165	S		1635223	2026-02-17	16	8	1	4	signed	screened	not-the-chambers-final-roll	Senate/ passed 3rd reading	Economic Mobility Initiative
2214	SB0165	S		1656815	2026-03-06	28	1	1	4	signed	screened	not-divided	Senate/ concurs with House amendment	Economic Mobility Initiative
2214	SB0166	H		1644764	2026-02-25	63	0	1	4	signed	screened	not-divided	House/ passed 3rd reading	Line-of-Duty Death Benefit Amendments
2214	SB0166	S		1635435	2026-02-17	25	0	1	4	signed	screened	not-divided	Senate/ passed 2nd & 3rd readings/ suspension	Line-of-Duty Death Benefit Amendments
2214	SB0167	H		1653314	2026-03-04	65	4	1	4	signed	screened	not-divided	House/ passed 3rd reading	Reintegration for Disciplined Students
2214	SB0167	S		1639893	2026-02-20	22	1	1	4	signed	screened	not-divided	Senate/ passed 3rd reading	Reintegration for Disciplined Students
2214	SB0167	S		1654255	2026-03-05	21	0	1	4	signed	screened	not-divided	Senate/ concurs with House amendment	Reintegration for Disciplined Students
2214	SB0169	S		1647805	2026-02-27	13	12	0	6	none	screened	not-enacted-status-6	Senate/ failed	High School Graduation Amendments
2214	SB0170	H		1656753	2026-03-06	45	14	1	4	signed	deferred:operator-direction	parents may decline vitamin K for newborns; same class as the fluoride call	House/ passed 3rd reading	Vitamin K Amendments
2214	SB0170	S		1646633	2026-02-26	15	5	1	4	signed	screened	not-the-chambers-final-roll	Senate/ passed 3rd reading	Vitamin K Amendments
2214	SB0170	S		1656754	2026-03-06	22	6	1	4	signed	deferred:operator-direction	parents may decline vitamin K for newborns; same class as the fluoride call	Senate/ concurs with House amendment	Vitamin K Amendments
2214	SB0172	H		1655150	2026-03-05	64	1	1	4	signed	screened	not-divided	House/ passed 3rd reading	Airport and Air Amendments
2214	SB0172	S		1635763	2026-02-17	25	0	1	4	signed	screened	not-divided	Senate/ passed 3rd reading	Airport and Air Amendments
2214	SB0174	H		1653965	2026-03-04	54	13	1	4	signed	screened	not-divided	House/ passed 3rd reading	Exercise of Religious Beliefs and Conscience Amendments
2214	SB0174	S		1649359	2026-03-02	22	7	1	4	signed	deferred:operator-direction	health care provider right to refuse services on religious or conscience grounds	Senate/ passed 3rd reading	Exercise of Religious Beliefs and Conscience Amendments
2214	SB0175	H		1652240	2026-03-04	66	1	1	4	signed	screened	not-divided	House/ passed 3rd reading	Health Insurance Revisions
2214	SB0175	S		1644343	2026-02-25	22	1	1	4	signed	screened	not-divided	Senate/ passed 3rd reading	Health Insurance Revisions
2214	SB0176	H		1656635	2026-03-06	35	34	0	6	none	screened	not-enacted-status-6	House/ failed	Landscaping Procurement Amendments
2214	SB0176	S		1645080	2026-02-25	20	7	1	6	none	screened	not-enacted-status-6	Senate/ passed 3rd reading	Landscaping Procurement Amendments
2214	SB0180	S		1646319	2026-02-26	18	0	1	6	none	screened	not-divided	Senate/ passed 3rd reading	School Nutrition Amendments
2214	SB0181	H		1656750	2026-03-06	56	13	1	4	signed	screened	not-divided	House/ passed 3rd reading	School Discipline Amendments
2214	SB0181	S		1644992	2026-02-25	20	3	1	4	signed	screened	not-divided	Senate/ passed 3rd reading	School Discipline Amendments
2214	SB0181	S		1656751	2026-03-06	27	2	1	4	signed	screened	not-divided	Senate/ concurs with House amendment	School Discipline Amendments
2214	SB0183	H		1655171	2026-03-05	64	1	1	4	signed	screened	not-divided	House/ passed 3rd reading	Surveillance Camera Amendments
2214	SB0183	S		1640871	2026-02-23	23	0	1	4	signed	screened	not-divided	Senate/ passed 3rd reading	Surveillance Camera Amendments
2214	SB0183	S		1656435	2026-03-06	27	0	1	4	signed	screened	not-divided	Senate/ concurs with House amendment	Surveillance Camera Amendments
2214	SB0184	H		1656759	2026-03-06	63	1	1	4	signed	screened	not-divided	House/ passed 3rd reading	Justice System Amendments
2214	SB0184	S		1640789	2026-02-23	22	0	1	4	signed	screened	not-divided	Senate/ passed 3rd reading	Justice System Amendments
2214	SB0184	S		1656760	2026-03-06	29	0	1	4	signed	screened	not-divided	Senate/ concurs with House amendment	Justice System Amendments
2214	SB0185	H		1638313	2026-02-19	71	1	1	4	signed	screened	not-divided	House/ passed 3rd reading	Child Welfare Parental Representation Program Amendments
2214	SB0185	S		1626525	2026-02-09	24	0	1	4	signed	screened	not-divided	Senate/ passed 3rd reading	Child Welfare Parental Representation Program Amendments
2214	SB0186	H		1652984	2026-03-04	72	1	1	4	signed	screened	not-divided	House/ passed 3rd reading	Charter School Modifications
2214	SB0186	S		1637324	2026-02-18	15	10	1	4	signed	screened	not-the-chambers-final-roll	Senate/ passed 3rd reading	Charter School Modifications
2214	SB0186	S		1655172	2026-03-05	18	5	1	4	signed	dropped:school-choice-precedent	charter school funding study	Senate/ concurs with House amendment	Charter School Modifications
2214	SB0189	S		1651516	2026-03-03	25	0	1	6	none	screened	not-divided	Senate/ passed 3rd reading	School District Funding Amendments
2214	SB0190	H		1653286	2026-03-04	69	0	1	4	signed	screened	not-divided	House/ passed 3rd reading	Trailer Registration Amendments
2214	SB0190	S		1641681	2026-02-23	29	0	1	4	signed	screened	not-divided	Senate/ passed 3rd reading	Trailer Registration Amendments
2214	SB0190	S		1654303	2026-03-05	24	0	1	4	signed	screened	not-divided	Senate/ concurs with House amendment	Trailer Registration Amendments
2214	SB0191	H		1638520	2026-02-19	69	1	1	4	signed	screened	not-divided	House/ passed 3rd reading	Tow Yard Amendments
2214	SB0191	S		1622957	2026-02-04	27	0	1	4	signed	screened	not-divided	Senate/ passed 3rd reading	Tow Yard Amendments
2214	SB0191	S		1639714	2026-02-20	25	0	1	4	signed	screened	not-divided	Senate/ concurs with House amendment	Tow Yard Amendments
2214	SB0192	H		1655077	2026-03-05	59	11	1	4	signed	screened	not-divided	House/ passed 3rd reading	Legislative Activities Amendments
2214	SB0192	S		1641839	2026-02-23	24	0	1	4	signed	screened	not-divided	Senate/ passed 3rd reading	Legislative Activities Amendments
2214	SB0192	S		1656294	2026-03-06	27	0	1	4	signed	screened	not-divided	Senate/ concurs with House amendment	Legislative Activities Amendments
2214	SB0193	H		1656387	2026-03-06	57	9	1	4	signed	screened	not-divided	House/ passed 3rd reading	State Legal Holiday Amendments
2214	SB0193	S		1649044	2026-03-02	12	12	0	4	signed	screened	not-the-chambers-final-roll	Senate/ failed	State Legal Holiday Amendments
2214	SB0193	S		1650716	2026-03-03	23	5	1	4	signed	screened	not-divided	Senate/ passed 2nd & 3rd readings/ suspension	State Legal Holiday Amendments
2214	SB0193	S		1656671	2026-03-06	20	7	1	4	signed	dropped:no-area	makes Good Friday a legal holiday	Senate/ concurs with House amendment	State Legal Holiday Amendments
2214	SB0194	H		1656214	2026-03-06	63	7	1	4	signed	screened	not-divided	House/ passed 3rd reading	Election Modifications
2214	SB0194	S		1636632	2026-02-18	23	2	1	4	signed	screened	not-divided	Senate/ passed 3rd reading	Election Modifications
2214	SB0194	S		1656548	2026-03-06	20	7	1	4	signed	dropped:not-recognizable	election officer names on ballots	Senate/ concurs with House amendment	Election Modifications
2214	SB0195	H		1646586	2026-02-26	55	1	1	4	signed	screened	not-divided	House/ passed 3rd reading	Workforce Development
2214	SB0195	S		1635142	2026-02-17	25	0	1	4	signed	screened	not-divided	Senate/ passed 3rd reading	Workforce Development
2214	SB0196	H		1656117	2026-03-06	68	1	1	4	signed	screened	not-divided	House/ passed 3rd reading	Wrongful Lien Act Amendments
2214	SB0196	S		1643982	2026-02-25	27	0	1	4	signed	screened	not-divided	Senate/ passed 3rd reading	Wrongful Lien Act Amendments
2214	SB0196	S		1656462	2026-03-06	27	0	1	4	signed	screened	not-divided	Senate/ concurs with House amendment	Wrongful Lien Act Amendments
2214	SB0197	H		1656627	2026-03-06	65	2	1	4	signed	screened	not-divided	House/ passed 3rd reading	Transportation Funding and Governance Amendments
2214	SB0197	S		1641856	2026-02-23	27	1	1	4	signed	screened	not-divided	Senate/ passed 3rd reading	Transportation Funding and Governance Amendments
2214	SB0197	S		1656628	2026-03-06	28	1	1	4	signed	screened	not-divided	Senate/ concurs with House amendment	Transportation Funding and Governance Amendments
2214	SB0200	S		1644826	2026-02-25	24	0	1	6	none	screened	not-divided	Senate/ passed 3rd reading	Impounded Vehicle Amendments
2214	SB0201	H		1656102	2026-03-06	44	28	1	4	signed	dropped:no-area	limits animal shelter euthanasia	House/ passed 3rd reading	Shelter Animal Euthanasia Amendments
2214	SB0201	S		1640657	2026-02-23	22	0	1	4	signed	screened	not-divided	Senate/ passed 3rd reading	Shelter Animal Euthanasia Amendments
2214	SB0201	S		1656441	2026-03-06	25	0	1	4	signed	screened	not-divided	Senate/ concurs with House amendment	Shelter Animal Euthanasia Amendments
2214	SB0202	H		1646857	2026-02-26	48	2	1	4	signed	screened	not-divided	House/ passed 3rd reading	Mowing Ordinance Amendments
2214	SB0202	S		1637320	2026-02-18	24	0	1	4	signed	screened	not-divided	Senate/ passed 3rd reading	Mowing Ordinance Amendments
2214	SB0204	H		1652687	2026-03-04	60	9	1	4	signed	screened	not-divided	House/ passed 3rd reading	Physical Therapy Payment Amendments
2214	SB0204	S		1640867	2026-02-23	23	3	1	4	signed	screened	not-divided	Senate/ passed 3rd reading	Physical Therapy Payment Amendments
2214	SB0204	S		1653901	2026-03-04	27	0	1	4	signed	screened	not-divided	Senate/ concurs with House amendment	Physical Therapy Payment Amendments
2214	SB0205	S		1645307	2026-02-25	25	0	1	6	none	screened	not-divided	Senate/ passed 3rd reading	Law Enforcement Artificial Intelligence Amendments
2214	SB0205	S		1646493	2026-02-26	20	0	1	6	none	screened	not-divided	Senate/ passed 3rd reading	Law Enforcement Artificial Intelligence Amendments
2214	SB0206	H		1656607	2026-03-06	64	1	1	4	signed	screened	not-divided	House/ passed 3rd reading	Tax Amendments
2214	SB0206	S		1642554	2026-02-24	25	0	1	4	signed	screened	not-divided	Senate/ passed 3rd reading	Tax Amendments
2214	SB0206	S		1656777	2026-03-06	26	0	1	4	signed	screened	not-divided	Senate/ concurs with House amendment	Tax Amendments
2214	SB0208	H		1653724	2026-03-04	66	0	1	4	signed	screened	not-divided	House/ passed 3rd reading	Vehicle Emission Inspection Program Revisions
2214	SB0208	S		1648163	2026-02-27	25	0	1	4	signed	screened	not-divided	Senate/ passed 3rd reading	Vehicle Emission Inspection Program Revisions
2214	SB0209	H		1655587	2026-03-05	65	3	1	4	signed	screened	not-divided	House/ passed 3rd reading	Gooseberry Narrows State Park Study
2214	SB0209	S		1642893	2026-02-24	21	3	1	4	signed	screened	not-divided	Senate/ passed 3rd reading	Gooseberry Narrows State Park Study
2214	SB0210	H		1656752	2026-03-06	64	1	1	4	signed	screened	not-divided	House/ passed 3rd reading	Nicotine Amendments
2214	SB0210	S		1642173	2026-02-24	25	0	1	4	signed	screened	not-divided	Senate/ passed 3rd reading	Nicotine Amendments
2214	SB0213	H		1656667	2026-03-06	68	1	1	6	none	screened	not-divided	House/ passed 3rd reading	Utah Payment of Wages Act Statute of Limitations
2214	SB0213	H		1656668	2026-03-06	65	1	1	6	none	screened	not-divided	House Conference Committee - Final Passage	Utah Payment of Wages Act Statute of Limitations
2214	SB0213	S		1641255	2026-02-23	25	1	1	6	none	screened	not-divided	Senate/ passed 3rd reading	Utah Payment of Wages Act Statute of Limitations
2214	SB0214	S		1640911	2026-02-23	26	1	1	6	none	screened	not-divided	Senate/ passed 3rd reading	Home-based Childcare Solutions
2214	SB0215	S		1641263	2026-02-23	26	0	1	6	none	screened	not-divided	Senate/ passed 3rd reading	Eviction Record Amendments
2214	SB0216	H		1655768	2026-03-05	61	1	1	4	signed	screened	not-divided	House/ passed 3rd reading	Higher Education Performance and Enrollment Funding
2214	SB0216	S		1640808	2026-02-23	27	0	1	4	signed	screened	not-divided	Senate/ passed 3rd reading	Higher Education Performance and Enrollment Funding
2214	SB0216	S		1656158	2026-03-06	26	0	1	4	signed	screened	not-divided	Senate/ concurs with House amendment	Higher Education Performance and Enrollment Funding
2214	SB0217	H		1653684	2026-03-04	69	0	1	4	signed	screened	not-divided	House/ passed 3rd reading	Local Food Amendments
2214	SB0217	S		1646268	2026-02-26	23	0	1	4	signed	screened	not-divided	Senate/ passed 3rd reading	Local Food Amendments
2214	SB0218	H		1655727	2026-03-05	71	1	1	4	signed	screened	not-divided	House/ passed 3rd reading	Constable Modifications
2214	SB0218	S		1644535	2026-02-25	26	0	1	4	signed	screened	not-divided	Senate/ passed 3rd reading	Constable Modifications
2214	SB0220	H		1655543	2026-03-05	62	1	1	4	signed	screened	not-divided	House/ passed 3rd reading	Veteran Scholarship Amendments
2214	SB0220	S		1642397	2026-02-24	25	0	1	4	signed	screened	not-divided	Senate/ passed 3rd reading	Veteran Scholarship Amendments
2214	SB0221	S		1643311	2026-02-24	16	2	1	6	none	screened	not-divided	Senate/ passed 3rd reading	Housing and Transit Reinvestment Zone Amendments
2214	SB0222	H		1655845	2026-03-05	67	0	1	4	signed	screened	not-divided	House/ passed 3rd reading	Right to Try Amendments
2214	SB0222	S		1641854	2026-02-23	24	0	1	4	signed	screened	not-divided	Senate/ passed 3rd reading	Right to Try Amendments
2214	SB0223	S		1640647	2026-02-23	24	0	1	6	none	screened	not-divided	Senate/ passed 3rd reading	Sales and Use Tax Exemptions Modifications
2214	SB0224	S		1641332	2026-02-23	16	11	1	6	none	screened	not-enacted-status-6	Senate/ passed 3rd reading	Vital Records Access Amendments
2214	SB0225	H		1656591	2026-03-06	67	2	1	4	signed	screened	not-divided	House/ passed 3rd reading	Public Corporation Amendments
2214	SB0225	H		1656592	2026-03-06	57	10	1	4	signed	screened	not-divided	House/ passed 3rd reading	Public Corporation Amendments
2214	SB0225	S		1641091	2026-02-23	20	5	1	4	signed	screened	not-the-chambers-final-roll	Senate/ passed 3rd reading	Public Corporation Amendments
2214	SB0225	S		1656840	2026-03-06	19	8	1	4	signed	dropped:not-recognizable	inland port boundary descriptions	Senate/ concurs with House amendment	Public Corporation Amendments
2214	SB0226	H		1656597	2026-03-06	59	1	1	4	signed	screened	not-divided	House/ passed 3rd reading	Fatal Motor Vehicle Accident Amendments
2214	SB0226	S		1644209	2026-02-25	19	0	1	4	signed	screened	not-divided	Senate/ passed 3rd reading	Fatal Motor Vehicle Accident Amendments
2214	SB0226	S		1656598	2026-03-06	23	0	1	4	signed	screened	not-divided	Senate/ concurs with House amendment	Fatal Motor Vehicle Accident Amendments
2214	SB0227	H		1655774	2026-03-05	56	12	1	4	signed	screened	not-divided	House/ passed 3rd reading	Punitive Damages Amendments
2214	SB0227	S		1642700	2026-02-24	26	0	1	4	signed	screened	not-divided	Senate/ passed 3rd reading	Punitive Damages Amendments
2214	SB0227	S		1656207	2026-03-06	28	1	1	4	signed	screened	not-divided	Senate/ concurs with House amendment	Punitive Damages Amendments
2214	SB0228	H		1654901	2026-03-05	58	1	1	4	signed	screened	not-divided	House/ passed 3rd reading	Community Reinvestment Agency Amendments
2214	SB0228	S		1643029	2026-02-24	25	0	1	4	signed	screened	not-divided	Senate/ passed 3rd reading	Community Reinvestment Agency Amendments
2214	SB0228	S		1656202	2026-03-06	27	0	1	4	signed	screened	not-divided	Senate/ concurs with House amendment	Community Reinvestment Agency Amendments
2214	SB0229	H		1653366	2026-03-04	34	40	0	4	signed	screened	not-the-chambers-final-roll	House/ failed	State Employee Benefits Amendments
2214	SB0229	H		1654320	2026-03-05	57	17	1	4	signed	dropped:no-area	paid time off program for state employees	House/ passed 3rd reading	State Employee Benefits Amendments
2214	SB0229	S		1647285	2026-02-26	18	9	1	4	signed	screened	not-the-chambers-final-roll	Senate/ passed 3rd reading	State Employee Benefits Amendments
2214	SB0229	S		1655009	2026-03-05	23	6	1	4	signed	dropped:no-area	paid time off program for state employees	Senate/ concurs with House amendment	State Employee Benefits Amendments
2214	SB0230	H		1652232	2026-03-04	69	0	1	4	signed	screened	not-divided	House/ passed 3rd reading	Consumer Credit Amendments
2214	SB0230	S		1642349	2026-02-24	25	0	1	4	signed	screened	not-divided	Senate/ passed 3rd reading	Consumer Credit Amendments
2214	SB0231	S		1651870	2026-03-03	27	0	1	6	none	screened	not-divided	Senate/ passed 2nd & 3rd readings/ suspension	Energy User Amendments
2214	SB0232	H		1655863	2026-03-05	47	10	1	4	signed	screened	not-divided	House/ passed 3rd reading	Regulatory Impacts on Families
2214	SB0232	S		1645337	2026-02-25	23	2	1	4	signed	screened	not-divided	Senate/ passed 3rd reading	Regulatory Impacts on Families
2214	SB0233	H		1652975	2026-03-04	51	18	1	4	signed	dropped:no-area	judicial performance evaluation commission; legal areas are barred on roll-call records	House/ passed 3rd reading	Judicial Performance Evaluation Amendments
2214	SB0233	S		1642170	2026-02-24	18	7	1	4	signed	dropped:no-area	judicial performance evaluation commission; legal areas are barred on roll-call records	Senate/ passed 3rd reading	Judicial Performance Evaluation Amendments
2214	SB0234	H		1655822	2026-03-05	56	11	1	4	signed	screened	not-divided	House/ passed 3rd reading	Rulemaking Amendments
2214	SB0234	S		1640863	2026-02-23	20	7	1	4	signed	batch-07	imported 2026-09-10, run 06:54:37.475Z	Senate/ passed 3rd reading	Rulemaking Amendments
2214	SB0235	H		1653945	2026-03-04	67	2	1	4	signed	screened	not-divided	House/ passed 3rd reading	Governor Compensation Amendments
2214	SB0235	S		1642534	2026-02-24	25	0	1	4	signed	screened	not-divided	Senate/ passed 3rd reading	Governor Compensation Amendments
2214	SB0235	S		1654742	2026-03-05	26	2	1	4	signed	screened	not-divided	Senate/ concurs with House amendment	Governor Compensation Amendments
2214	SB0236	H		1656653	2026-03-06	66	1	1	4	signed	screened	not-divided	House/ passed 3rd reading	Property Tax Exemption Process Amendments
2214	SB0236	S		1640830	2026-02-23	24	0	1	4	signed	screened	not-divided	Senate/ passed 3rd reading	Property Tax Exemption Process Amendments
2214	SB0237	H		1655641	2026-03-05	63	1	1	4	signed	screened	not-divided	House/ passed 3rd reading	Driver License Division and Motor Vehicle Division Consolidation Amendments
2214	SB0237	S		1641828	2026-02-23	28	0	1	4	signed	screened	not-divided	Senate/ passed 3rd reading	Driver License Division and Motor Vehicle Division Consolidation Amendments
2214	SB0238	H		1655811	2026-03-05	72	0	1	4	signed	screened	not-divided	House/ passed 3rd reading	Property Tax Adjustments
2214	SB0238	S		1640896	2026-02-23	22	0	1	4	signed	screened	not-divided	Senate/ passed 3rd reading	Property Tax Adjustments
2214	SB0240	H		1652411	2026-03-04	68	0	1	4	signed	screened	not-divided	House/ passed 3rd reading	Higher Education Institutional Governance
2214	SB0240	S		1642155	2026-02-24	21	2	1	4	signed	screened	not-divided	Senate/ passed 3rd reading	Higher Education Institutional Governance
2214	SB0241	H		1652392	2026-03-04	62	7	1	4	signed	screened	not-divided	House/ passed 3rd reading	Early Literacy
2214	SB0241	S		1642399	2026-02-24	24	1	1	4	signed	screened	not-divided	Senate/ passed 3rd reading	Early Literacy
2214	SB0241	S		1653075	2026-03-04	24	1	1	4	signed	screened	not-divided	Senate/ concurs with House amendment	Early Literacy
2214	SB0242	H		1656298	2026-03-06	55	14	1	4	signed	dropped:not-recognizable	transportation omnibus	House/ passed 3rd reading	Transportation Amendments
2214	SB0242	S		1646623	2026-02-26	20	7	1	4	signed	screened	not-the-chambers-final-roll	Senate/ passed 3rd reading	Transportation Amendments
2214	SB0242	S		1656710	2026-03-06	18	9	1	4	signed	dropped:not-recognizable	transportation omnibus	Senate/ concurs with House amendment	Transportation Amendments
2214	SB0244	H		1653485	2026-03-04	65	1	1	4	signed	screened	not-divided	House/ passed 3rd reading	Cardiac Emergency Response Plans in Schools
2214	SB0244	S		1648336	2026-02-27	26	0	1	4	signed	screened	not-divided	Senate/ passed 3rd reading	Cardiac Emergency Response Plans in Schools
2214	SB0244	S		1654315	2026-03-05	26	0	1	4	signed	screened	not-divided	Senate/ concurs with House amendment	Cardiac Emergency Response Plans in Schools
2214	SB0247	S		1651967	2026-03-03	6	22	0	6	none	screened	not-enacted-status-6	Senate/ failed	Road Funding Amendments
2214	SB0248	H		1653867	2026-03-04	25	47	0	6	none	screened	not-enacted-status-6	House/ failed	Child Care Expansion Act
2214	SB0248	S		1644289	2026-02-25	13	9	0	6	none	screened	not-the-chambers-final-roll	Senate/ failed	Child Care Expansion Act
2214	SB0248	S		1644290	2026-02-25	17	9	1	6	none	screened	not-enacted-status-6	Senate/ passed 3rd reading	Child Care Expansion Act
2214	SB0251	H		1656623	2026-03-06	40	30	1	4	signed	dropped:not-recognizable	how the environment department repays local health departments from penalty money	House/ passed 3rd reading	Local Health Department and Department of Environmental Quality Coordination
2214	SB0251	S		1644204	2026-02-25	26	0	1	4	signed	screened	not-divided	Senate/ passed 3rd reading	Local Health Department and Department of Environmental Quality Coordination
2214	SB0252	H		1656631	2026-03-06	41	28	1	4	signed	batch-06	imported 2026-09-10, run 06:48:26.930Z	House/ passed 3rd reading	Water Usage at State-owned Facilities Amendments
2214	SB0252	S		1650835	2026-03-03	25	2	1	4	signed	screened	not-divided	Senate/ passed 2nd & 3rd readings/ suspension	Water Usage at State-owned Facilities Amendments
2214	SB0254	H		1655336	2026-03-05	60	12	1	4	signed	screened	not-divided	House/ passed 3rd reading	Extracted Natural Resources Amendments
2214	SB0254	H		1656003	2026-03-06	70	2	1	4	signed	screened	not-divided	House Conference Committee - Final Passage	Extracted Natural Resources Amendments
2214	SB0254	S		1642904	2026-02-24	21	2	1	4	signed	screened	not-divided	Senate/ passed 3rd reading	Extracted Natural Resources Amendments
2214	SB0254	S		1656455	2026-03-06	20	1	1	4	signed	screened	not-divided	Senate Conference Committee - Final Passage	Extracted Natural Resources Amendments
2214	SB0256	H		1655827	2026-03-05	73	0	1	4	signed	screened	not-divided	House/ passed 3rd reading	Identity Protection Modifications
2214	SB0256	S		1644362	2026-02-25	26	0	1	4	signed	screened	not-divided	Senate/ passed 3rd reading	Identity Protection Modifications
2214	SB0257	H		1656560	2026-03-06	61	1	1	4	signed	screened	not-divided	House/ passed 3rd reading	Domestic Relations Amendments
2214	SB0257	S		1644384	2026-02-25	23	0	1	4	signed	screened	not-divided	Senate/ passed 3rd reading	Domestic Relations Amendments
2214	SB0257	S		1656561	2026-03-06	22	0	1	4	signed	screened	not-divided	Senate/ concurs with House amendment	Domestic Relations Amendments
2214	SB0258	S		1644308	2026-02-25	15	7	1	6	none	screened	not-enacted-status-6	Senate/ passed 3rd reading	Infant at Work Amendments
2214	SB0261	H		1656625	2026-03-06	63	1	1	4	signed	screened	not-divided	House/ passed 3rd reading	Pharmacy Practice Amendments
2214	SB0261	S		1643963	2026-02-25	22	0	1	4	signed	screened	not-divided	Senate/ passed 3rd reading	Pharmacy Practice Amendments
2214	SB0262	S		1652184	2026-03-03	8	18	0	6	none	screened	not-enacted-status-6	Senate/ failed	Law Enforcement Usage of Unmarked Vehicles
2214	SB0264	S		1647979	2026-02-27	24	0	1	6	none	screened	not-divided	Senate/ passed 3rd reading	Elected Official Publicity Amendments
2214	SB0265	S		1648773	2026-03-02	27	0	1	6	none	screened	not-divided	Senate/ passed 3rd reading	Uniform Community Property Disposition at Death Act Amendments
2214	SB0267	H		1655849	2026-03-05	70	1	1	4	signed	screened	not-divided	House/ passed 3rd reading	Software in Education Amendments
2214	SB0267	H		1655851	2026-03-05	65	1	1	4	signed	screened	not-divided	House/ passed 3rd reading	Software in Education Amendments
2214	SB0267	S		1650891	2026-03-03	24	3	1	4	signed	screened	not-divided	Senate/ passed 3rd reading	Software in Education Amendments
2214	SB0267	S		1655976	2026-03-06	28	1	1	4	signed	screened	not-divided	Senate/ concurs with House amendment	Software in Education Amendments
2214	SB0268	H		1655784	2026-03-05	57	15	1	4	signed	screened	not-the-chambers-final-roll	House/ passed 3rd reading	Religious Curriculum in Schools
2214	SB0268	H		1656500	2026-03-06	45	14	1	4	signed	deferred:operator-direction	religious liberty in curricula	House Conference Committee - Final Passage	Religious Curriculum in Schools
2214	SB0268	S		1644060	2026-02-25	20	6	1	4	signed	screened	not-the-chambers-final-roll	Senate/ passed 3rd reading	Religious Curriculum in Schools
2214	SB0268	S		1656501	2026-03-06	19	5	1	4	signed	deferred:operator-direction	religious liberty in curricula	Senate/ concurs with House amendment	Religious Curriculum in Schools
2214	SB0269	S		1644565	2026-02-25	13	10	0	6	none	screened	not-the-chambers-final-roll	Senate/ failed	School Board Meeting Notification Requirements
2214	SB0269	S		1644566	2026-02-25	20	9	1	6	none	screened	not-enacted-status-6	Senate/ passed 3rd reading	School Board Meeting Notification Requirements
2214	SB0270	H		1653186	2026-03-04	66	0	1	4	signed	screened	not-divided	House/ passed 3rd reading	State Court Amendments
2214	SB0270	S		1647681	2026-02-27	27	0	1	4	signed	screened	not-divided	Senate/ passed 3rd reading	State Court Amendments
2214	SB0270	S		1654263	2026-03-05	22	2	1	4	signed	screened	not-divided	Senate/ concurs with House amendment	State Court Amendments
2214	SB0275	H		1652377	2026-03-04	70	0	1	4	signed	screened	not-divided	House/ passed 3rd reading	State-Endorsed Digital Identity Program Amendments
2214	SB0275	S		1642551	2026-02-24	25	0	1	4	signed	screened	not-divided	Senate/ passed 3rd reading	State-Endorsed Digital Identity Program Amendments
2214	SB0275	S		1652968	2026-03-04	26	0	1	4	signed	screened	not-divided	Senate/ concurs with House amendment	State-Endorsed Digital Identity Program Amendments
2214	SB0276	H		1653040	2026-03-04	71	0	1	4	signed	screened	not-divided	House/ passed 3rd reading	Veteran Organization Amendments
2214	SB0276	S		1644110	2026-02-25	20	0	1	4	signed	screened	not-divided	Senate/ passed 3rd reading	Veteran Organization Amendments
2214	SB0277	H		1653636	2026-03-04	9	61	0	6	none	screened	not-divided	House/ failed	Utah Homes Investment Program Amendments
2214	SB0277	S		1644555	2026-02-25	21	0	1	6	none	screened	not-divided	Senate/ passed 3rd reading	Utah Homes Investment Program Amendments
2214	SB0278	H		1656665	2026-03-06	54	8	1	4	signed	screened	not-divided	House/ passed 3rd reading	Development Authority Modifications
2214	SB0278	S		1647799	2026-02-27	25	3	1	4	signed	screened	not-divided	Senate/ passed 3rd reading	Development Authority Modifications
2214	SB0278	S		1656666	2026-03-06	27	1	1	4	signed	screened	not-divided	Senate/ concurs with House amendment	Development Authority Modifications
2214	SB0281	H		1653771	2026-03-04	67	3	1	4	signed	screened	not-divided	House/ passed 3rd reading	Senior Nutrition Private Donation Incentives
2214	SB0281	S		1650841	2026-03-03	29	0	1	4	signed	screened	not-divided	Senate/ passed 3rd reading	Senior Nutrition Private Donation Incentives
2214	SB0283	H		1656558	2026-03-06	66	0	1	4	signed	screened	not-divided	House/ passed 3rd reading	Court Fees and Administration Amendments
2214	SB0283	S		1644311	2026-02-25	22	0	1	4	signed	screened	not-divided	Senate/ passed 3rd reading	Court Fees and Administration Amendments
2214	SB0283	S		1656559	2026-03-06	23	0	1	4	signed	screened	not-divided	Senate/ concurs with House amendment	Court Fees and Administration Amendments
2214	SB0284	H		1656650	2026-03-06	61	7	1	4	signed	screened	not-divided	House/ passed 3rd reading	Local Land and Water Modifications
2214	SB0284	S		1646962	2026-02-26	21	3	1	4	signed	screened	not-divided	Senate/ passed 3rd reading	Local Land and Water Modifications
2214	SB0284	S		1656842	2026-03-06	24	3	1	4	signed	screened	not-divided	Senate/ concurs with House amendment	Local Land and Water Modifications
2214	SB0286	H		1656662	2026-03-06	39	28	1	4	signed	dropped:not-recognizable	interior designer licensing	House/ passed 3rd reading	Interior Designer Amendments
2214	SB0286	S		1648038	2026-02-27	26	0	1	4	signed	screened	not-divided	Senate/ passed 3rd reading	Interior Designer Amendments
2214	SB0287	H		1656436	2026-03-06	47	20	1	4	signed	dropped:no-area	annual tax on large targeted-advertising companies; a revenue measure, not a rule about conduct or data	House/ passed 3rd reading	Targeted Advertising Tax
2214	SB0287	S		1648188	2026-02-27	18	7	1	4	signed	screened	not-the-chambers-final-roll	Senate/ passed 3rd reading	Targeted Advertising Tax
2214	SB0287	S		1656636	2026-03-06	23	6	1	4	signed	dropped:no-area	annual tax on large targeted-advertising companies; a revenue measure, not a rule about conduct or data	Senate/ concurs with House amendment	Targeted Advertising Tax
2214	SB0288	H		1655060	2026-03-05	69	1	1	4	signed	screened	not-divided	House/ passed 3rd reading	Medicaid Provider Amendments
2214	SB0288	S		1651874	2026-03-03	27	0	1	4	signed	screened	not-divided	Senate/ passed 2nd & 3rd readings/ suspension	Medicaid Provider Amendments
2214	SB0288	S		1656052	2026-03-06	25	0	1	4	signed	screened	not-divided	Senate/ concurs with House amendment	Medicaid Provider Amendments
2214	SB0290	H		1656579	2026-03-06	61	0	1	4	signed	screened	not-divided	House/ passed 3rd reading	Victim and Witness Privacy Amendments
2214	SB0290	S		1650856	2026-03-03	26	0	1	4	signed	screened	not-divided	Senate/ passed 2nd & 3rd readings/ suspension	Victim and Witness Privacy Amendments
2214	SB0292	H		1656375	2026-03-06	55	15	1	4	signed	batch-06	imported 2026-09-10, run 06:48:26.930Z	House/ passed 3rd reading	Autonomous Systems Amendments
2214	SB0292	S		1649998	2026-03-02	21	5	1	4	signed	screened	not-divided	Senate/ passed 3rd reading	Autonomous Systems Amendments
2214	SB0292	S		1656376	2026-03-06	24	2	1	4	signed	screened	not-divided	Senate/ concurs with House amendment	Autonomous Systems Amendments
2214	SB0295	H		1656568	2026-03-06	48	23	1	4	signed	screened	not-the-chambers-final-roll	House/ passed 3rd reading	Intellectual Diversity in Education and Government
2214	SB0295	H		1656569	2026-03-06	48	16	1	4	signed	deferred:operator-direction	intellectual diversity rules for schools, universities and state government	House/ passed 3rd reading	Intellectual Diversity in Education and Government
2214	SB0295	S		1648202	2026-02-27	22	3	1	4	signed	screened	not-divided	Senate/ passed 3rd reading	Intellectual Diversity in Education and Government
2214	SB0295	S		1656763	2026-03-06	27	2	1	4	signed	screened	not-divided	Senate/ concurs with House amendment	Intellectual Diversity in Education and Government
2214	SB0296	H		1656484	2026-03-06	63	0	1	4	signed	screened	not-divided	House/ passed 3rd reading	Student Consent Amendments
2214	SB0296	S		1650687	2026-03-03	27	0	1	4	signed	screened	not-divided	Senate/ passed 3rd reading	Student Consent Amendments
2214	SB0296	S		1656747	2026-03-06	27	0	1	4	signed	screened	not-divided	Senate/ concurs with House amendment	Student Consent Amendments
2214	SB0297	S		1648180	2026-02-27	26	0	1	6	none	screened	not-divided	Senate/ passed 3rd reading	School Social Worker Amendments
2214	SB0298	H		1656365	2026-03-06	48	11	1	4	signed	screened	not-divided	House/ passed 3rd reading	Programmable Money Amendments
2214	SB0298	S		1648124	2026-02-27	25	1	1	4	signed	screened	not-divided	Senate/ passed 3rd reading	Programmable Money Amendments
2214	SB0299	S		1649515	2026-03-02	26	0	1	6	none	screened	not-divided	Senate/ passed 3rd reading	Candidate Name Modifications
2214	SB0301	S		1650677	2026-03-03	26	0	1	6	none	screened	not-divided	Senate/ passed 3rd reading	Summons Amendments
2214	SB0302	S		1651256	2026-03-03	26	0	1	6	none	screened	not-divided	Senate/ passed 3rd reading	Domestic Violence Amendments
2214	SB0303	S		1651272	2026-03-03	26	0	1	2	none	screened	not-divided	Senate/ passed 3rd reading	Expungement Amendments
2214	SB0304	H		1656654	2026-03-06	44	15	1	4	signed	dropped:mixed	sanctions for knowingly false protective order filings; protects the accused and may deter petitioners	House/ passed 3rd reading	Protective Order Amendments
2214	SB0304	S		1652027	2026-03-03	21	6	1	4	signed	screened	not-the-chambers-final-roll	Senate/ passed 2nd & 3rd readings/ suspension	Protective Order Amendments
2214	SB0304	S		1652028	2026-03-03	21	8	1	4	signed	screened	not-the-chambers-final-roll	Senate/ passed 2nd & 3rd readings/ suspension	Protective Order Amendments
2214	SB0304	S		1656867	2026-03-06	21	6	1	4	signed	dropped:mixed	sanctions for knowingly false protective order filings; protects the accused and may deter petitioners	Senate/ concurs with House amendment	Protective Order Amendments
2214	SB0305	H		1656473	2026-03-06	62	5	1	4	signed	screened	not-divided	House/ passed 3rd reading	Hospital Quality Incentive Amendments
2214	SB0305	S		1649117	2026-03-02	26	0	1	4	signed	screened	not-divided	Senate/ passed 3rd reading	Hospital Quality Incentive Amendments
2214	SB0307	H		1653157	2026-03-04	58	13	1	4	signed	screened	not-divided	House/ passed 3rd reading	Garnishment Fee Amendments
2214	SB0307	S		1650252	2026-03-03	25	0	1	4	signed	screened	not-divided	Senate/ passed 3rd reading	Garnishment Fee Amendments
2214	SB0310	H		1656714	2026-03-06	62	0	1	4	signed	screened	not-divided	House/ passed 3rd reading	Uniform Intimate Images Amendments
2214	SB0310	S		1648562	2026-03-02	28	0	1	4	signed	screened	not-divided	Senate/ passed 3rd reading	Uniform Intimate Images Amendments
2214	SB0311	H		1655886	2026-03-05	70	0	1	4	signed	screened	not-divided	House/ passed 3rd reading	Medical Translation Amendments
2214	SB0311	S		1650204	2026-03-03	27	0	1	4	signed	screened	not-divided	Senate/ passed 3rd reading	Medical Translation Amendments
2214	SB0312	H		1654592	2026-03-05	45	22	1	4	signed	dropped:mixed	narrows automatic school job bans after license revocation to serious misconduct; loosens and tightens	House/ passed 3rd reading	Educator License Amendments
2214	SB0312	S		1650802	2026-03-03	16	11	1	4	signed	screened	not-the-chambers-final-roll	Senate/ passed 3rd reading	Educator License Amendments
2214	SB0312	S		1654593	2026-03-05	15	14	1	4	signed	dropped:mixed	narrows automatic school job bans after license revocation to serious misconduct; loosens and tightens	Senate/ concurs with House amendment	Educator License Amendments
2214	SB0313	H		1656736	2026-03-06	62	1	1	4	signed	screened	not-divided	House/ passed 3rd reading	Recidivism Amendments
2214	SB0313	S		1650934	2026-03-03	28	0	1	4	signed	screened	not-divided	Senate/ passed 3rd reading	Recidivism Amendments
2214	SB0314	H		1656651	2026-03-06	56	14	1	4	signed	batch-08	imported 2026-09-10, run 16:30:43.365Z	House/ passed 3rd reading	Sleep Disorders Education Amendments
2214	SB0314	S		1651983	2026-03-03	16	12	1	4	signed	batch-08	imported 2026-09-10, run 16:30:43.365Z	Senate/ passed 2nd & 3rd readings/ suspension	Sleep Disorders Education Amendments
2214	SB0316	S		1650882	2026-03-03	26	1	1	6	none	screened	not-divided	Senate/ passed 3rd reading	Public Employee Attorney Fee Recovery Amendments
2214	SB0317	S		1651771	2026-03-03	26	0	1	6	none	screened	not-divided	Senate/ passed 2nd & 3rd readings/ suspension	Opioid Terminology Amendments
2214	SB0319	H		1653907	2026-03-04	69	1	1	4	signed	screened	not-divided	House/ passed 3rd reading	Health Insurance Preauthorization Amendments
2214	SB0319	S		1650506	2026-03-03	28	0	1	4	signed	screened	not-divided	Senate/ passed 3rd reading	Health Insurance Preauthorization Amendments
2214	SB0319	S		1654565	2026-03-05	26	0	1	4	signed	screened	not-divided	Senate/ concurs with House amendment	Health Insurance Preauthorization Amendments
2214	SB0321	H		1656491	2026-03-06	68	0	1	4	signed	screened	not-divided	House/ passed 3rd reading	Municipal Election Amendments
2214	SB0321	S		1651273	2026-03-03	26	0	1	4	signed	screened	not-divided	Senate/ passed 3rd reading	Municipal Election Amendments
2214	SB0321	S		1656492	2026-03-06	24	0	1	4	signed	screened	not-divided	Senate/ concurs with House amendment	Municipal Election Amendments
2214	SB0322	S		1650793	2026-03-03	24	0	1	6	none	screened	not-divided	Senate/ passed 2nd & 3rd readings/ suspension	Educational Technology Regulatory Sandbox
2214	SB0323	H		1656629	2026-03-06	62	1	1	4	signed	screened	not-divided	House/ passed 3rd reading	Criminal and Juvenile Justice Recodification
2214	SB0323	S		1650428	2026-03-03	27	0	1	4	signed	screened	not-divided	Senate/ passed 3rd reading	Criminal and Juvenile Justice Recodification
2214	SB0323	S		1656630	2026-03-06	22	0	1	4	signed	screened	not-divided	Senate/ concurs with House amendment	Criminal and Juvenile Justice Recodification
2214	SB0324	H		1654098	2026-03-04	65	2	1	4	signed	screened	not-divided	House/ passed 3rd reading	Outcome-based Investment Grant Pilot Framework
2214	SB0324	H		1655916	2026-03-05	68	1	1	4	signed	screened	not-divided	House/ passed 3rd reading	Outcome-based Investment Grant Pilot Framework
2214	SB0324	S		1650280	2026-03-03	21	5	1	4	signed	screened	not-divided	Senate/ passed 3rd reading	Outcome-based Investment Grant Pilot Framework
2214	SB0324	S		1655917	2026-03-05	19	6	1	4	signed	dropped:not-recognizable	grant pilot framework	Senate/ concurs with House amendment	Outcome-based Investment Grant Pilot Framework
2214	SB0326	H		1656693	2026-03-06	56	5	1	4	signed	screened	not-divided	House/ passed 3rd reading	School Board Election Modifications
2214	SB0326	S		1652146	2026-03-03	27	0	1	4	signed	screened	not-divided	Senate/ passed 2nd & 3rd readings/ suspension	School Board Election Modifications
2214	SJR001	H		1647415	2026-02-26	67	2	1	3	none	screened	not-divided	House/ passed 3rd reading	Joint Resolution Amending Rules of Evidence Concerning Crimes or Other Acts
2214	SJR001	S		1640667	2026-02-23	24	4	1	3	none	screened	not-divided	Senate/ passed 3rd reading	Joint Resolution Amending Rules of Evidence Concerning Crimes or Other Acts
2214	SJR002	H		1629678	2026-02-11	68	0	1	3	none	screened	not-divided	House/ passed 3rd reading	Joint Resolution Regarding Constitutional Brackets
2214	SJR002	S		1614819	2026-01-20	25	0	1	3	none	screened	not-divided	Senate/ passed 2nd & 3rd readings/ suspension	Joint Resolution Regarding Constitutional Brackets
2214	SJR005	H		1633537	2026-02-13	54	14	1	3	none	screened	joint-resolution-not-law	House/ passed 3rd reading	Joint Resolution Amending the Utah Rules of Civil Procedure
2214	SJR005	S		1632089	2026-02-12	21	7	1	3	none	screened	joint-resolution-not-law	Senate/ passed 3rd reading	Joint Resolution Amending the Utah Rules of Civil Procedure
2214	SJR006	H		1656555	2026-03-06	64	1	1	3	none	screened	not-divided	House/ passed 3rd reading	Joint Resolution Amending Court Rules
2214	SJR006	S		1644489	2026-02-25	23	1	1	3	none	screened	not-divided	Senate/ passed 3rd reading	Joint Resolution Amending Court Rules
2214	SJR006	S		1656801	2026-03-06	21	3	1	3	none	screened	not-divided	Senate/ concurs with House amendment	Joint Resolution Amending Court Rules
2214	SJR008	H		1656071	2026-03-06	66	2	1	3	none	screened	not-divided	House/ passed 3rd reading	Joint Resolution to Initiate a Law School at Utah Valley University
2214	SJR008	S		1636862	2026-02-18	20	7	1	3	none	screened	not-the-chambers-final-roll	Senate/ passed 3rd reading	Joint Resolution to Initiate a Law School at Utah Valley University
2214	SJR008	S		1656522	2026-03-06	25	3	1	3	none	screened	not-divided	Senate/ concurs with House amendment	Joint Resolution to Initiate a Law School at Utah Valley University
2214	SJR010	S		1642790	2026-02-24	23	1	1	6	none	screened	not-divided	Senate/ passed 3rd reading	Joint Resolution Amending Court Rules Regarding Jury Selection
2214	SJR011	H		1656778	2026-03-06	63	4	1	3	none	screened	not-divided	House/ passed 3rd reading	Joint Resolution Recognizing National Blood Donor Month
2214	SJR011	S		1641347	2026-02-23	25	0	1	3	none	screened	not-divided	Senate/ passed 3rd reading	Joint Resolution Recognizing National Blood Donor Month
2214	SJR013	H		1656848	2026-03-06	62	1	1	3	none	screened	not-divided	House/ passed 3rd reading	Joint Resolution Honoring Irish and Irish-American Contributions to the Founding of the United States
2214	SJR013	S		1640107	2026-02-20	26	0	1	3	none	screened	not-divided	Senate/ passed 3rd reading	Joint Resolution Honoring Irish and Irish-American Contributions to the Founding of the United States
2214	SJR016	H		1656657	2026-03-06	65	0	1	3	none	screened	not-divided	House/ passed 3rd reading	Joint Rules Resolution - Legislative Ethics Amendments
2214	SJR016	S		1649429	2026-03-02	27	1	1	3	none	screened	not-divided	Senate/ passed 3rd reading	Joint Rules Resolution - Legislative Ethics Amendments
