bill	bill_id	chamber	roll_call_id	date	tally	rolls_in_chamber	engrossed_texts	status	chapter	question_from_history	title	description	disposition	reason
H0003	1909082	house	1471419	2025-01-14	56-14	1	0	4	1		Amends existing law to update references to the current Internal Revenue Code.	TAXATION -- Amends existing law to update references to the current Internal Revenue Code.	candidate:unbatched	
H0003	1909082	senate	1472592	2025-01-21	32-3	1	0	4	1	Read third time in full -- PASSED 32-3-0	Amends existing law to update references to the current Internal Revenue Code.	TAXATION -- Amends existing law to update references to the current Internal Revenue Code.	out-of-gate:not-divided	
H0006	1910524	house	1534935	2025-04-02	58-8	2	1	4	296		Amends and adds to existing law to remove a provision regarding violations of the open meetings law by county officers, to authorize investigations and actions	CITY AND COUNTY OFFICERS -- Amends and adds to existing law to remove a provision regarding violations of the open meetings law by county officers, to authorize investigations and actions against city officers by the att	out-of-gate:not-divided	
H0006	1910524	senate	1531110	2025-03-31	28-5	1	1	4	296	Read third time as amended in the Senate -- PASSED 28-5-2	Amends and adds to existing law to remove a provision regarding violations of the open meetings law by county officers, to authorize investigations and actions	CITY AND COUNTY OFFICERS -- Amends and adds to existing law to remove a provision regarding violations of the open meetings law by county officers, to authorize investigations and actions against city officers by the att	out-of-gate:not-divided	
H0007	1910380	house	1472604	2025-01-21	54-14	1	0	4	7	Read Third Time in Full -- PASSED 54-14-2	Amends existing law to provide a penalty for possession of less than three ounces of marijuana.	UNIFORM CONTROLLED SUBSTANCES -- Amends existing law to provide a penalty for possession of less than three ounces of marijuana.	batched:batch-01	imported in batch-01
H0007	1910380	senate	1492015	2025-02-18	27-8	1	0	4	7	Read third time in full -- PASSED 27-8-0	Amends existing law to provide a penalty for possession of less than three ounces of marijuana.	UNIFORM CONTROLLED SUBSTANCES -- Amends existing law to provide a penalty for possession of less than three ounces of marijuana.	batched:batch-01	imported in batch-01
H0008	1915898	house	1477410	2025-01-30	67-0	1	0	4	20	Read Third Time in Full -- PASSED 67-0-3	Amends and repeals existing law to revise provisions regarding public utility regulation.	PUBLIC UTILITIES -- Amends and repeals existing law to revise provisions regarding public utility regulation.	out-of-gate:not-divided	
H0008	1915898	senate	1505416	2025-03-04	34-0	1	0	4	20	Read third time in full -- PASSED 34-0-1	Amends and repeals existing law to revise provisions regarding public utility regulation.	PUBLIC UTILITIES -- Amends and repeals existing law to revise provisions regarding public utility regulation.	out-of-gate:not-divided	
H0009	1918153	house	1508842	2025-03-07	69-0	1	1	4	151	Read third time in full as amended -- PASSED 69-0-1	Amends, repeals, and adds to existing law to revise the procedures for the conducting of contested cases.	IDAHO ADMINISTRATIVE PROCEDURE ACT -- Amends, repeals, and adds to existing law to revise the procedures for the conducting of contested cases.	out-of-gate:not-divided	
H0009	1918153	senate	1520183	2025-03-18	35-0	1	1	4	151	Read third time in full -- PASSED 35-0-0	Amends, repeals, and adds to existing law to revise the procedures for the conducting of contested cases.	IDAHO ADMINISTRATIVE PROCEDURE ACT -- Amends, repeals, and adds to existing law to revise the procedures for the conducting of contested cases.	out-of-gate:not-divided	
H0013	1919987	house	1515384	2025-03-11	66-3	2	1	4	73	Read third time in full as amended in Senate -- PASSED 66-3-1	Amends existing law to exempt UTVs that are equipped with a roll cage and seat belts from safety helmet requirements.	RULES OF THE ROAD -- Amends existing law to exempt UTVs that are equipped with a roll cage and seat belts from safety helmet requirements.	out-of-gate:not-divided	
H0013	1919987	senate	1506965	2025-03-05	29-4	1	1	4	73	Read third time as amended in the Senate -- PASSED 29-4-2	Amends existing law to exempt UTVs that are equipped with a roll cage and seat belts from safety helmet requirements.	RULES OF THE ROAD -- Amends existing law to exempt UTVs that are equipped with a roll cage and seat belts from safety helmet requirements.	out-of-gate:not-divided	
H0014	1920503	house	1473847	2025-01-23	68-0	1	0	4	2	Read Third Time in Full -- PASSED 68-0-2	Adds to existing law to establish the Idaho Code Cleanup Act.	IDAHO CODE CLEANUP -- Adds to existing law to establish the Idaho Code Cleanup Act.	out-of-gate:not-divided	
H0014	1920503	senate	1477399	2025-01-30	34-0	1	0	4	2	Read third time in full -- PASSED 34-0-1	Adds to existing law to establish the Idaho Code Cleanup Act.	IDAHO CODE CLEANUP -- Adds to existing law to establish the Idaho Code Cleanup Act.	out-of-gate:not-divided	
H0015	1923470	house	1476252	2025-01-29	59-10	1	0	4	10	Read Third Time in Full -- PASSED 59-10-1	Amends existing law to provide an exception to the terms “outfitter” and “guide.”	FISH AND GAME -- Amends existing law to provide an exception to the terms “outfitter” and “guide.”	out-of-gate:not-divided	
H0015	1923470	senate	1496417	2025-02-21	32-0	1	0	4	10	Read third time in full -- PASSED 32-0-3	Amends existing law to provide an exception to the terms “outfitter” and “guide.”	FISH AND GAME -- Amends existing law to provide an exception to the terms “outfitter” and “guide.”	out-of-gate:not-divided	
H0016	1923965	house	1491676	2025-02-17	62-7	1	0	2		Read Third Time in Full -- PASSED 62-7-1	Amends existing law to provide an exemption from certain duties of the state athletic commission for fundraising events held by charitable organizations.	ATHLETIC COMMISSION -- Amends existing law to provide an exemption from certain duties of the state athletic commission for fundraising events held by charitable organizations.	out-of-gate:not-enacted	
H0016	1923965	senate	1516648	2025-03-12	14-21	1	0	2		Read third time as amended in the Senate -- FAILED 14-21-0	Amends existing law to provide an exemption from certain duties of the state athletic commission for fundraising events held by charitable organizations.	ATHLETIC COMMISSION -- Amends existing law to provide an exemption from certain duties of the state athletic commission for fundraising events held by charitable organizations.	out-of-gate:not-enacted	
H0019	1924341	house	1479321	2025-02-03	70-0	1	0	4	51	Read Third Time in Full -- PASSED 70-0-0	Amends existing law to authorize the submission of fingerprints of certain persons to the Bureau of Criminal Identification.	CRIMINAL HISTORY RECORDS -- Amends existing law to authorize the submission of fingerprints of certain persons to the Bureau of Criminal Identification.	out-of-gate:not-divided	
H0019	1924341	senate	1512363	2025-03-10	34-0	1	0	4	51	Read third time in full -- PASSED 34-0-1	Amends existing law to authorize the submission of fingerprints of certain persons to the Bureau of Criminal Identification.	CRIMINAL HISTORY RECORDS -- Amends existing law to authorize the submission of fingerprints of certain persons to the Bureau of Criminal Identification.	out-of-gate:not-divided	
H0021	1927122	house	1495453	2025-02-20	40-25	1	0	4	22	Read Third Time in Full -- PASSED 40-25-5	Amends existing law to revise provisions regarding temporary license plates and certain exempt vehicle license plates.	MOTOR VEHICLES -- Amends existing law to revise provisions regarding temporary license plates and certain exempt vehicle license plates.	dropped:selection	license plate designators for agency vehicles, not a subject a voter would recognize
H0021	1927122	senate	1506507	2025-03-05	26-7	1	0	4	22	Read third time in full -- PASSED 26-7-2	Amends existing law to revise provisions regarding temporary license plates and certain exempt vehicle license plates.	MOTOR VEHICLES -- Amends existing law to revise provisions regarding temporary license plates and certain exempt vehicle license plates.	dropped:selection	license plate designators for agency vehicles, not a subject a voter would recognize
H0022	1927010	house	1496003	2025-02-20	66-0	1	0	4	23	Read Third Time in Full -- PASSED 66-0-4	Amends existing law to provide for data security compliance training for systems used by the Division of Motor Vehicles.	TRANSPORTATION -- Amends existing law to provide for data security compliance training for systems used by the Division of Motor Vehicles.	out-of-gate:not-divided	
H0022	1927010	senate	1506559	2025-03-05	30-3	1	0	4	23	Read third time in full -- PASSED 30-3-2	Amends existing law to provide for data security compliance training for systems used by the Division of Motor Vehicles.	TRANSPORTATION -- Amends existing law to provide for data security compliance training for systems used by the Division of Motor Vehicles.	out-of-gate:not-divided	
H0023	1926904	house	1495460	2025-02-20	66-0	1	0	4	24	Read Third Time in Full -- PASSED 66-0-4	Amends existing law to eliminate renewal of instructional permits, to make certain permits valid for one year, and to remove the requirement that people surrend	TRANSPORTATION -- Amends existing law to eliminate renewal of instructional permits, to make certain permits valid for one year, and to remove the requirement that people surrendering an out-of-state driver's license tak	out-of-gate:not-divided	
H0023	1926904	senate	1506902	2025-03-05	33-0	1	0	4	24	Read third time in full -- PASSED 33-0-2	Amends existing law to eliminate renewal of instructional permits, to make certain permits valid for one year, and to remove the requirement that people surrend	TRANSPORTATION -- Amends existing law to eliminate renewal of instructional permits, to make certain permits valid for one year, and to remove the requirement that people surrendering an out-of-state driver's license tak	out-of-gate:not-divided	
H0025	1930233	house	1506179	2025-03-05	70-0	1	0	4	250	Read Third Time in Full -- PASSED 70-0-0	Amends existing law to provide for the distribution of certain sales tax revenues to the transportation expansion and congestion mitigation fund and to local un	SALES TAX -- Amends existing law to provide for the distribution of certain sales tax revenues to the transportation expansion and congestion mitigation fund and to local units of government for highway projects.	out-of-gate:not-divided	
H0025	1930233	senate	1530129	2025-03-28	34-0	1	0	4	250	Read third time in full -- PASSED 34-0-1	Amends existing law to provide for the distribution of certain sales tax revenues to the transportation expansion and congestion mitigation fund and to local un	SALES TAX -- Amends existing law to provide for the distribution of certain sales tax revenues to the transportation expansion and congestion mitigation fund and to local units of government for highway projects.	out-of-gate:not-divided	
H0026	1931448	house	1485545	2025-02-10	56-13	1	0	4	35	Read Third Time in Full -- PASSED 56-13-1	Amends and adds to existing law to provide for ABLE accounts in the state and to establish an ABLE account advisory council.	ABLE ACCOUNTS -- Amends and adds to existing law to provide for ABLE accounts in the state and to establish an ABLE account advisory council.	out-of-gate:not-divided	
H0026	1931448	senate	1506267	2025-03-05	27-6	1	0	4	35	Read third time in full -- PASSED 27-6-2	Amends and adds to existing law to provide for ABLE accounts in the state and to establish an ABLE account advisory council.	ABLE ACCOUNTS -- Amends and adds to existing law to provide for ABLE accounts in the state and to establish an ABLE account advisory council.	out-of-gate:not-divided	
H0028	1931636	house	1498268	2025-02-24	67-0	1	0	4	98	Read Third Time in Full -- PASSED 67-0-3	Amends, repeals, and adds to existing law to provide for the Idaho Board of Long-Term Care Facility Administrators.	DIVISION OF OCCUPATIONAL AND PROFESSIONAL LICENSES -- Amends, repeals, and adds to existing law to provide for the Idaho Board of Long-Term Care Facility Administrators.	out-of-gate:not-divided	
H0028	1931636	senate	1512362	2025-03-10	35-0	1	0	4	98	Read third time in full -- PASSED 35-0-0	Amends, repeals, and adds to existing law to provide for the Idaho Board of Long-Term Care Facility Administrators.	DIVISION OF OCCUPATIONAL AND PROFESSIONAL LICENSES -- Amends, repeals, and adds to existing law to provide for the Idaho Board of Long-Term Care Facility Administrators.	out-of-gate:not-divided	
H0029	1931561	house	1478888	2025-02-03	70-0	1	0	4	8	Read Third Time in Full -- PASSED 70-0-0	Amends existing law to revise provisions regarding controlled substances.	UNIFORM CONTROLLED SUBSTANCES -- Amends existing law to revise provisions regarding controlled substances.	out-of-gate:not-divided	
H0029	1931561	senate	1492038	2025-02-18	35-0	1	0	4	8	Read third time in full -- PASSED 35-0-0	Amends existing law to revise provisions regarding controlled substances.	UNIFORM CONTROLLED SUBSTANCES -- Amends existing law to revise provisions regarding controlled substances.	out-of-gate:not-divided	
H0031	1931226	house	1482803	2025-02-05	68-0	1	0	4	27	Read Third Time in Full -- PASSED 68-0-2	Amends existing law to provide that a third party that requires prior authorization for items or services provided to a recipient of medical assistance shall ac	PUBLIC ASSISTANCE -- Amends existing law to provide that a third party that requires prior authorization for items or services provided to a recipient of medical assistance shall accept authorization from the state.	out-of-gate:not-divided	
H0031	1931226	senate	1505090	2025-03-04	34-0	1	0	4	27	Read third time in full -- PASSED 34-0-1	Amends existing law to provide that a third party that requires prior authorization for items or services provided to a recipient of medical assistance shall ac	PUBLIC ASSISTANCE -- Amends existing law to provide that a third party that requires prior authorization for items or services provided to a recipient of medical assistance shall accept authorization from the state.	out-of-gate:not-divided	
H0032	1931674	house	1476384	2025-01-29	52-16	1	0	4	11	Read Third Time in Full -- PASSED 52-16-2	Adds to existing law to establish provisions regarding the prohibition of mask mandates.	MASK MANDATES -- Adds to existing law to establish provisions regarding the prohibition of mask mandates.	batched:batch-03	imported in batch-03
H0032	1931674	senate	1496428	2025-02-21	27-6	1	0	4	11	Read third time in full -- PASSED 27-6-2	Adds to existing law to establish provisions regarding the prohibition of mask mandates.	MASK MANDATES -- Adds to existing law to establish provisions regarding the prohibition of mask mandates.	out-of-gate:not-divided	
H0034	1934834	house	1483246	2025-02-06	69-0	1	0	4	18	Read Third Time in Full -- PASSED 69-0-1	Amends existing law to revise provisions regarding an agency that contracts with a state institution of higher education.	INTERAGENCY CONTRACTS WITH STATE INSTITUTIONS OF HIGHER EDUCATION -- Amends existing law to revise provisions regarding an agency that contracts with a state institution of higher education.	out-of-gate:not-divided	
H0034	1934834	senate	1505597	2025-03-04	34-0	1	0	4	18	Read third time in full -- PASSED 34-0-1	Amends existing law to revise provisions regarding an agency that contracts with a state institution of higher education.	INTERAGENCY CONTRACTS WITH STATE INSTITUTIONS OF HIGHER EDUCATION -- Amends existing law to revise provisions regarding an agency that contracts with a state institution of higher education.	out-of-gate:not-divided	
H0035	1934732	house	1475188	2025-01-27	54-16	1	0	4	6	Read Third Time in Full -- PASSED 54-16-0	Amends and adds to existing law to require the implementation of cybersecurity best practices and the use of multifactor identification in Idaho state governmen	INFORMATION TECHNOLOGY SERVICES -- Amends and adds to existing law to require the implementation of cybersecurity best practices and the use of multifactor identification in Idaho state government.	candidate:unbatched	
H0035	1934732	senate	1492100	2025-02-18	31-4	1	0	4	6	Read third time in full -- PASSED 31-4-0	Amends and adds to existing law to require the implementation of cybersecurity best practices and the use of multifactor identification in Idaho state governmen	INFORMATION TECHNOLOGY SERVICES -- Amends and adds to existing law to require the implementation of cybersecurity best practices and the use of multifactor identification in Idaho state government.	out-of-gate:not-divided	
H0036	1935323	house	1483748	2025-02-06	69-0	1	0	4	52	Read Third Time in Full -- PASSED 69-0-1	Adds to existing law to establish provisions regarding the issuance of a subpoena in a contested case.	IDAHO ADMINISTRATIVE PROCEDURE ACT -- Adds to existing law to establish provisions regarding the issuance of a subpoena in a contested case.	out-of-gate:not-divided	
H0036	1935323	senate	1509771	2025-03-10	34-0	1	0	4	52	Read third time in full -- PASSED 34-0-1	Adds to existing law to establish provisions regarding the issuance of a subpoena in a contested case.	IDAHO ADMINISTRATIVE PROCEDURE ACT -- Adds to existing law to establish provisions regarding the issuance of a subpoena in a contested case.	out-of-gate:not-divided	
H0037	1935133	house	1483248	2025-02-06	58-11	1	0	4	36	Read Third Time in Full -- PASSED 58-11-1	Amends existing law to revise provisions regarding methods of execution.	METHODS OF EXECUTION -- Amends existing law to revise provisions regarding methods of execution.	out-of-gate:not-divided	
H0037	1935133	senate	1506637	2025-03-05	28-7	1	0	4	36	Read third time in full -- PASSED 28-7-0	Amends existing law to revise provisions regarding methods of execution.	METHODS OF EXECUTION -- Amends existing law to revise provisions regarding methods of execution.	candidate:unbatched	
H0038	1935230	house	1487766	2025-02-12	46-23	1	0	4	60	Read Third Time in Full -- PASSED 46-23-1	Amends existing law to revise provisions of the Idaho Life and Health Insurance Guaranty Association Act.	INSURANCE -- Amends existing law to revise provisions of the Idaho Life and Health Insurance Guaranty Association Act.	dropped:selection	guaranty association coverage of structured settlement buyers, not recognizable
H0038	1935230	senate	1506563	2025-03-05	20-13	1	0	4	60	Read third time in full -- PASSED 20-13-2	Amends existing law to revise provisions of the Idaho Life and Health Insurance Guaranty Association Act.	INSURANCE -- Amends existing law to revise provisions of the Idaho Life and Health Insurance Guaranty Association Act.	dropped:selection	guaranty association coverage of structured settlement buyers, not recognizable
H0040	1937632	house	1479012	2025-02-03	63-7	1	0	4	13	Read Third Time in Full -- PASSED 63-7-0	Amends existing law to exempt certain precious metals from capital gains tax, lower the income tax rate, and exempt certain military benefits from income taxati	TAXATION -- Amends existing law to exempt certain precious metals from capital gains tax, lower the income tax rate, and exempt certain military benefits from income taxation.	out-of-gate:not-divided	
H0040	1937632	senate	1504438	2025-03-04	27-8	1	0	4	13	Read third time in full -- PASSED 27-8-0	Amends existing law to exempt certain precious metals from capital gains tax, lower the income tax rate, and exempt certain military benefits from income taxati	TAXATION -- Amends existing law to exempt certain precious metals from capital gains tax, lower the income tax rate, and exempt certain military benefits from income taxation.	batched:batch-03	imported in batch-03
H0041	1937273	house	1514492	2025-03-11	60-10	2	1	4	99	Read third time in full as amended in Senate -- PASSED 60-10-0	Adds to existing law to allow public schools to display only certain flags and banners on school property and to prohibit schools from displaying certain flags	EDUCATION -- Adds to existing law to allow public schools to display only certain flags and banners on school property and to prohibit schools from displaying certain flags and banners.	out-of-gate:not-divided	
H0041	1937273	senate	1506564	2025-03-05	29-6	1	1	4	99	Read third time as amended in the Senate -- PASSED 29-6-0	Adds to existing law to allow public schools to display only certain flags and banners on school property and to prohibit schools from displaying certain flags	EDUCATION -- Adds to existing law to allow public schools to display only certain flags and banners on school property and to prohibit schools from displaying certain flags and banners.	out-of-gate:not-divided	
H0044	1937980	house	1476236	2025-01-29	43-26	1	0	2		Read Third Time in Full -- PASSED 43-26-1	Amends existing law to revise certain requirements regarding harassment, intimidation, and bullying in public schools.	EDUCATION -- Amends existing law to revise certain requirements regarding harassment, intimidation, and bullying in public schools.	out-of-gate:not-enacted	
H0044	1937980	senate	1504976	2025-03-03	13-21	1	0	2		Read third time in full -- FAILED 13-21-1 -Engelking	Amends existing law to revise certain requirements regarding harassment, intimidation, and bullying in public schools.	EDUCATION -- Amends existing law to revise certain requirements regarding harassment, intimidation, and bullying in public schools.	out-of-gate:not-enacted	
H0046	1939752	house	1491502	2025-02-17	68-1	1	0	4	100	Read Third Time in Full -- PASSED 68-1-1	Amends existing law to revise an exemption for certain violations for licensed children's residential care facilities, registered children's institutions, and b	RUNAWAYS -- Amends existing law to revise an exemption for certain violations for licensed children's residential care facilities, registered children's institutions, and behavioral health youth crisis centers that provi	out-of-gate:not-divided	
H0046	1939752	senate	1517457	2025-03-13	31-1	1	0	4	100	Read third time in full -- PASSED 31-1-3	Amends existing law to revise an exemption for certain violations for licensed children's residential care facilities, registered children's institutions, and b	RUNAWAYS -- Amends existing law to revise an exemption for certain violations for licensed children's residential care facilities, registered children's institutions, and behavioral health youth crisis centers that provi	out-of-gate:not-divided	
H0047	1939614	house	1495473	2025-02-20	66-4	1	0	4	152	Read Third Time in Full -- PASSED 66-4-0	Amends existing law to revise adoptee access to adoption records.	ADOPTIONS -- Amends existing law to revise adoptee access to adoption records.	out-of-gate:not-divided	
H0047	1939614	senate	1520082	2025-03-18	30-4	1	0	4	152	Read third time in full -- PASSED 30-4-1	Amends existing law to revise adoptee access to adoption records.	ADOPTIONS -- Amends existing law to revise adoptee access to adoption records.	out-of-gate:not-divided	
H0048	1939659	house	1495621	2025-02-20	65-2	1	0	4	25	Read Third Time in Full -- PASSED 65-2-3	Amends existing law to revise a provision regarding course instruction for an enhanced license to carry a concealed weapon.	CONCEALED WEAPONS -- Amends existing law to revise a provision regarding course instruction for an enhanced license to carry a concealed weapon.	out-of-gate:not-divided	
H0048	1939659	senate	1507932	2025-03-06	35-0	1	0	4	25	Read third time in full -- PASSED 35-0-0	Amends existing law to revise a provision regarding course instruction for an enhanced license to carry a concealed weapon.	CONCEALED WEAPONS -- Amends existing law to revise a provision regarding course instruction for an enhanced license to carry a concealed weapon.	out-of-gate:not-divided	
H0050	1939702	house	1478717	2025-02-03	70-0	1	0	4	5	Read Third Time in Full -- PASSED 70-0-0	Amends existing law to revise a provision regarding delegation of public works projects.	PUBLIC WORKS -- Amends existing law to revise a provision regarding delegation of public works projects.	out-of-gate:not-divided	
H0050	1939702	senate	1486763	2025-02-11	34-0	1	0	4	5	Read third time in full -- PASSED 34-0-1	Amends existing law to revise a provision regarding delegation of public works projects.	PUBLIC WORKS -- Amends existing law to revise a provision regarding delegation of public works projects.	out-of-gate:not-divided	
H0052	1939575	house	1479225	2025-02-03	70-0	1	0	4	4	Read Third Time in Full -- PASSED 70-0-0	Amends existing law to revise a provision regarding the construction, alteration, equipping, furnishing, and repair of public buildings and works.	PUBLIC WORKS -- Amends existing law to revise a provision regarding the construction, alteration, equipping, furnishing, and repair of public buildings and works.	out-of-gate:not-divided	
H0052	1939575	senate	1486761	2025-02-11	34-0	1	0	4	4	Read third time in full -- PASSED 34-0-1	Amends existing law to revise a provision regarding the construction, alteration, equipping, furnishing, and repair of public buildings and works.	PUBLIC WORKS -- Amends existing law to revise a provision regarding the construction, alteration, equipping, furnishing, and repair of public buildings and works.	out-of-gate:not-divided	
H0053	1939820	house	1487059	2025-02-11	70-0	1	0	4	28	Read Third Time in Full -- PASSED 70-0-0	Amends and adds to existing law to provide for the prevention and deterrence of unemployment insurance fraud.	EMPLOYMENT SECURITY -- Amends and adds to existing law to provide for the prevention and deterrence of unemployment insurance fraud.	out-of-gate:not-divided	
H0053	1939820	senate	1505423	2025-03-04	34-0	1	0	4	28	Read third time in full -- PASSED 34-0-1	Amends and adds to existing law to provide for the prevention and deterrence of unemployment insurance fraud.	EMPLOYMENT SECURITY -- Amends and adds to existing law to provide for the prevention and deterrence of unemployment insurance fraud.	out-of-gate:not-divided	
H0054	1939797	house	1486523	2025-02-11	70-0	1	0	4	29	Read Third Time in Full -- PASSED 70-0-0	Amends and adds to existing law to revise provisions regarding employment security laws and to provide for certain administrative rules to be null, void, and of	LABOR -- Amends and adds to existing law to revise provisions regarding employment security laws and to provide for certain administrative rules to be null, void, and of no force and effect.	out-of-gate:not-divided	
H0054	1939797	senate	1505123	2025-03-04	34-0	1	0	4	29	Read third time in full -- PASSED 34-0-1	Amends and adds to existing law to revise provisions regarding employment security laws and to provide for certain administrative rules to be null, void, and of	LABOR -- Amends and adds to existing law to revise provisions regarding employment security laws and to provide for certain administrative rules to be null, void, and of no force and effect.	out-of-gate:not-divided	
H0055	1939841	house	1483247	2025-02-06	69-0	1	0	4	12	Read Third Time in Full -- PASSED 69-0-1	Amends existing law to provide that service as a bona fide volunteer shall not be considered employment or reemployment and to define a term.	PERSI -- Amends existing law to provide that service as a bona fide volunteer shall not be considered employment or reemployment and to define a term.	out-of-gate:not-divided	
H0055	1939841	senate	1496287	2025-02-21	33-0	1	0	4	12	Read third time in full -- PASSED 33-0-2	Amends existing law to provide that service as a bona fide volunteer shall not be considered employment or reemployment and to define a term.	PERSI -- Amends existing law to provide that service as a bona fide volunteer shall not be considered employment or reemployment and to define a term.	out-of-gate:not-divided	
H0056	1939725	house	1478778	2025-02-03	68-0	1	0	4	3	Read Third Time in Full -- PASSED 68-0-0	Amends existing law to revise a provision regarding competitive bidding.	PUBLIC WORKS -- Amends existing law to revise a provision regarding competitive bidding.	out-of-gate:not-divided	
H0056	1939725	senate	1486189	2025-02-11	34-0	1	0	4	3	Read third time in full -- PASSED 34-0-1	Amends existing law to revise a provision regarding competitive bidding.	PUBLIC WORKS -- Amends existing law to revise a provision regarding competitive bidding.	out-of-gate:not-divided	
H0059	1939683	house	1517547	2025-03-13	58-9	2	1	4	101		Adds to existing law to establish the Medical Ethics Defense Act.	MEDICAL ETHICS DEFENSE ACT -- Adds to existing law to establish the Medical Ethics Defense Act.	out-of-gate:not-divided	
H0059	1939683	senate	1509277	2025-03-10	28-6	1	1	4	101	Read third time as amended in the Senate -- PASSED 28-6-1	Adds to existing law to establish the Medical Ethics Defense Act.	MEDICAL ETHICS DEFENSE ACT -- Adds to existing law to establish the Medical Ethics Defense Act.	out-of-gate:not-divided	
H0062	1942856	house	1491681	2025-02-17	69-0	1	0	4	61	Read Third Time in Full -- PASSED 69-0-1	Amends existing law to provide for the exchange of certain information between the State Tax Commission and the Department of Health and Welfare for investigati	PUBLIC ASSISTANCE -- Amends existing law to provide for the exchange of certain information between the State Tax Commission and the Department of Health and Welfare for investigation of fraud.	out-of-gate:not-divided	
H0062	1942856	senate	1507864	2025-03-06	35-0	1	0	4	61	Read third time in full -- PASSED 35-0-0	Amends existing law to provide for the exchange of certain information between the State Tax Commission and the Department of Health and Welfare for investigati	PUBLIC ASSISTANCE -- Amends existing law to provide for the exchange of certain information between the State Tax Commission and the Department of Health and Welfare for investigation of fraud.	out-of-gate:not-divided	
H0064	1944030	house	1491202	2025-02-17	68-0	1	0	4	66	Read Third Time in Full -- PASSED 68-0-2	Amends existing law to provide that members of limited liability companies may be liable for a failure to secure compensation.	WORKER'S COMPENSATION -- Amends existing law to provide that members of limited liability companies may be liable for a failure to secure compensation.	out-of-gate:not-divided	
H0064	1944030	senate	1512365	2025-03-10	34-0	1	0	4	66	Read third time in full -- PASSED 34-0-1	Amends existing law to provide that members of limited liability companies may be liable for a failure to secure compensation.	WORKER'S COMPENSATION -- Amends existing law to provide that members of limited liability companies may be liable for a failure to secure compensation.	out-of-gate:not-divided	
H0065	1944264	house	1492510	2025-02-18	70-0	1	0	4	67	Read Third Time in Full -- PASSED 70-0-0	Amends existing law to move the definition of “member of an employer's family.”	WORKER'S COMPENSATION -- Amends existing law to move the definition of “member of an employer's family.”	out-of-gate:not-divided	
H0065	1944264	senate	1512194	2025-03-10	34-0	1	0	4	67	Read third time in full -- PASSED 34-0-1	Amends existing law to move the definition of “member of an employer's family.”	WORKER'S COMPENSATION -- Amends existing law to move the definition of “member of an employer's family.”	out-of-gate:not-divided	
H0066	1944525	house	1491363	2025-02-17	68-0	1	0	4	68	Read Third Time in Full -- PASSED 68-0-2	Amends existing law to revise provisions regarding service of notice of hearings.	WORKER'S COMPENSATION -- Amends existing law to revise provisions regarding service of notice of hearings.	out-of-gate:not-divided	
H0066	1944525	senate	1512200	2025-03-10	32-1	1	0	4	68	Read third time in full -- PASSED 32-1-2	Amends existing law to revise provisions regarding service of notice of hearings.	WORKER'S COMPENSATION -- Amends existing law to revise provisions regarding service of notice of hearings.	out-of-gate:not-divided	
H0067	1943843	house	1491674	2025-02-17	68-0	1	0	4	69	Read Third Time in Full -- PASSED 68-0-2	Amends existing law to increase maximum allowable burial expenses and to revise provisions regarding transportation expenses.	WORKER'S COMPENSATION -- Amends existing law to increase maximum allowable burial expenses and to revise provisions regarding transportation expenses.	out-of-gate:not-divided	
H0067	1943843	senate	1512201	2025-03-10	34-0	1	0	4	69	Read third time in full -- PASSED 34-0-1	Amends existing law to increase maximum allowable burial expenses and to revise provisions regarding transportation expenses.	WORKER'S COMPENSATION -- Amends existing law to increase maximum allowable burial expenses and to revise provisions regarding transportation expenses.	out-of-gate:not-divided	
H0071	1944194	house	1495518	2025-02-20	69-0	1	0	4	62	Read Third Time in Full -- PASSED 69-0-1	Amends and adds to existing law to revise and establish provisions regarding insurance holding company systems.	ACQUISITIONS OF CONTROL AND INSURANCE HOLDING COMPANY SYSTEMS -- Amends and adds to existing law to revise and establish provisions regarding insurance holding company systems.	out-of-gate:not-divided	
H0071	1944194	senate	1506576	2025-03-05	33-0	1	0	4	62	Read third time in full -- PASSED 33-0-2	Amends and adds to existing law to revise and establish provisions regarding insurance holding company systems.	ACQUISITIONS OF CONTROL AND INSURANCE HOLDING COMPANY SYSTEMS -- Amends and adds to existing law to revise and establish provisions regarding insurance holding company systems.	out-of-gate:not-divided	
H0078	1946128	house	1515376	2025-03-11	37-33	1	1	2		Read third time in full as amended -- PASSED 37-33-0	Amends and adds to existing law to establish electronic driver's licenses and identification cards.	DRIVER'S LICENSES AND IDENTIFICATION CARDS -- Amends and adds to existing law to establish electronic driver's licenses and identification cards.	out-of-gate:not-enacted	
H0079	1946395	house	1482442	2025-02-05	52-17	1	0	4	21	Read Third Time in Full -- PASSED 52-17-1	Amends existing law to increase the maximum tuition for community colleges.	EDUCATION -- Amends existing law to increase the maximum tuition for community colleges.	batched:batch-02	imported in batch-02
H0079	1946395	senate	1505054	2025-03-04	26-9	1	0	4	21	Read third time in full -- PASSED 26-9-0	Amends existing law to increase the maximum tuition for community colleges.	EDUCATION -- Amends existing law to increase the maximum tuition for community colleges.	batched:batch-02	imported in batch-02
H0080	1946216	house	1487614	2025-02-12	69-1	1	0	2		Read Third Time in Full -- PASSED 69-1-0	Repeals existing law relating to the Yellow Dot Motor Vehicle Medical Information Act.	YELLOW DOT MOTOR VEHICLE MEDICAL INFORMATION ACT -- Repeals existing law relating to the Yellow Dot Motor Vehicle Medical Information Act.	out-of-gate:not-enacted	
H0081	1948543	house	1528430	2025-03-26	62-8	2	1	4	214	Read third time in full as amended in Senate -- PASSED 62-8-0	Adds to existing law to limit the liability of recreation clubs and their members.	LIABILITY OF RECREATION CLUBS AND THEIR MEMBERS -- Adds to existing law to limit the liability of recreation clubs and their members.	out-of-gate:not-divided	
H0081	1948543	senate	1522947	2025-03-20	35-0	1	1	4	214	Read third time as amended in the Senate -- PASSED 35-0-0	Adds to existing law to limit the liability of recreation clubs and their members.	LIABILITY OF RECREATION CLUBS AND THEIR MEMBERS -- Adds to existing law to limit the liability of recreation clubs and their members.	out-of-gate:not-divided	
H0082	1948646	house	1492416	2025-02-18	56-14	1	0	4	102	Read Third Time in Full -- PASSED 56-14-0	Amends existing law to provide for the payment of depredation claims that are deemed possible.	LIVESTOCK DEPREDATION CLAIMS -- Amends existing law to provide for the payment of depredation claims that are deemed possible.	candidate:unbatched	
H0082	1948646	senate	1517563	2025-03-13	32-0	1	0	4	102	Read third time in full -- PASSED 32-0-3	Amends existing law to provide for the payment of depredation claims that are deemed possible.	LIVESTOCK DEPREDATION CLAIMS -- Amends existing law to provide for the payment of depredation claims that are deemed possible.	out-of-gate:not-divided	
H0083	1948338	house	1521040	2025-03-19	61-9	2	1	4	183	Read third time in full as amended in Senate -- PASSED 61-9-0	Adds to existing law to provide for the Immigration Cooperation and Enforcement Act.	IMMIGRATION -- Adds to existing law to provide for the Immigration Cooperation and Enforcement Act.	out-of-gate:not-divided	
H0083	1948338	senate	1515370	2025-03-11	29-6	1	1	4	183	Read third time as amended in the Senate -- PASSED 29-6-0	Adds to existing law to provide for the Immigration Cooperation and Enforcement Act.	IMMIGRATION -- Adds to existing law to provide for the Immigration Cooperation and Enforcement Act.	out-of-gate:not-divided	
H0086	1948406	house	1495455	2025-02-20	61-9	1	0	4	33	Read Third Time in Full -- PASSED 61-9-0	Adds to existing law to prohibit laws that require electric vehicle charging stations or parking spaces in any building plan and to provide for preemption of lo	BUILDING CODE -- Adds to existing law to prohibit laws that require electric vehicle charging stations or parking spaces in any building plan and to provide for preemption of local laws and ordinances.	out-of-gate:not-divided	
H0086	1948406	senate	1506523	2025-03-05	28-7	1	0	4	33	Read third time in full -- PASSED 28-7-0	Adds to existing law to prohibit laws that require electric vehicle charging stations or parking spaces in any building plan and to provide for preemption of lo	BUILDING CODE -- Adds to existing law to prohibit laws that require electric vehicle charging stations or parking spaces in any building plan and to provide for preemption of local laws and ordinances.	batched:batch-03	imported in batch-03
H0087	1948862	house	1487158	2025-02-11	70-0	1	0	4	137	Read Third Time in Full -- PASSED 70-0-0	Amends existing law to revise provisions regarding disposition of remains in prearranged funeral plans.	FUNERAL PLANS -- Amends existing law to revise provisions regarding disposition of remains in prearranged funeral plans.	out-of-gate:not-divided	
H0087	1948862	senate	1517452	2025-03-13	32-0	1	0	4	137	Read third time in full -- PASSED 32-0-3	Amends existing law to revise provisions regarding disposition of remains in prearranged funeral plans.	FUNERAL PLANS -- Amends existing law to revise provisions regarding disposition of remains in prearranged funeral plans.	out-of-gate:not-divided	
H0088	1948282	house	1496582	2025-02-21	50-19	1	0	2		Read Third Time in Full -- PASSED 50-19-1	Amends existing law to provide that soliciting commercial sexual activity shall be a felony.	COMMERCIAL SEXUAL ACTIVITY -- Amends existing law to provide that soliciting commercial sexual activity shall be a felony.	out-of-gate:not-enacted	
H0089	1948787	house	1483744	2025-02-06	69-0	1	0	4	14	Read Third Time in Full -- PASSED 69-0-1	Amends existing law to revise a definition.	NURSES -- Amends existing law to revise a definition.	out-of-gate:not-divided	
H0089	1948787	senate	1505468	2025-03-03	34-0	1	0	4	14	Read third time in full -- PASSED 34-0-1	Amends existing law to revise a definition.	NURSES -- Amends existing law to revise a definition.	out-of-gate:not-divided	
H0090	1948474	house	1498288	2025-02-24	65-2	1	0	4	103	Read Third Time in Full -- PASSED 65-2-3	Amends existing law to require legislative action for certain changes to public assistance programs.	PUBLIC ASSISTANCE -- Amends existing law to require legislative action for certain changes to public assistance programs.	out-of-gate:not-divided	
H0090	1948474	senate	1512270	2025-03-10	30-5	1	0	4	103	Read third time in full -- PASSED 30-5-0	Amends existing law to require legislative action for certain changes to public assistance programs.	PUBLIC ASSISTANCE -- Amends existing law to require legislative action for certain changes to public assistance programs.	out-of-gate:not-divided	
H0091	1949041	house	1496731	2025-02-21	69-0	1	0	4	82	Read Third Time in Full -- PASSED 69-0-1	Amends and repeals existing law to remove provisions that the Department of Health and Welfare has identified as obsolete or superfluous.	DEPARTMENT OF HEALTH AND WELFARE -- Amends and repeals existing law to remove provisions that the Department of Health and Welfare has identified as obsolete or superfluous.	out-of-gate:not-divided	
H0091	1949041	senate	1511946	2025-03-10	33-1	1	0	4	82	Read third time in full -- PASSED 33-1-1	Amends and repeals existing law to remove provisions that the Department of Health and Welfare has identified as obsolete or superfluous.	DEPARTMENT OF HEALTH AND WELFARE -- Amends and repeals existing law to remove provisions that the Department of Health and Welfare has identified as obsolete or superfluous.	out-of-gate:not-divided	
H0093	1948897	house	1484123	2025-02-07	42-28	1	0	4	9	Read Third Time in Full -- PASSED 42-28-0	Adds to existing law to establish the Idaho parental choice tax credit and Idaho Parental Choice Tax Credit Advance Payment Fund.	TAXATION -- Adds to existing law to establish the Idaho parental choice tax credit and Idaho Parental Choice Tax Credit Advance Payment Fund.	dropped:selection	parental choice tax credit, school-choice line puts it on the barred general label
H0093	1948897	senate	1493569	2025-02-19	20-15	1	0	4	9	Read third time in full -- PASSED 20-15-0	Adds to existing law to establish the Idaho parental choice tax credit and Idaho Parental Choice Tax Credit Advance Payment Fund.	TAXATION -- Adds to existing law to establish the Idaho parental choice tax credit and Idaho Parental Choice Tax Credit Advance Payment Fund.	dropped:selection	parental choice tax credit, school-choice line puts it on the barred general label
H0096	1948967	house	1530108	2025-03-28	54-13	2	1	4	274		Amends existing law to provide that a governmental entity shall only display certain flags.	FLAGS -- Amends existing law to provide that a governmental entity shall only display certain flags.	superseded:last-roll-not-divided	
H0096	1948967	senate	1527882	2025-03-26	20-11	1	1	4	274	Read third time as amended in the Senate -- PASSED 20-11-4	Amends existing law to provide that a governmental entity shall only display certain flags.	FLAGS -- Amends existing law to provide that a governmental entity shall only display certain flags.	batched:batch-03	imported in batch-03
H0097	1948444	house	1496005	2025-02-20	63-5	1	0	4	26	Read Third Time in Full -- PASSED 63-5-2	Adds to existing law to provide for certain voluntary noncompliance and acceptance of risks.	STATE DISASTER PREPAREDNESS ACT -- Adds to existing law to provide for certain voluntary noncompliance and acceptance of risks.	out-of-gate:not-divided	
H0097	1948444	senate	1507878	2025-03-06	31-4	1	0	4	26	Read third time in full -- PASSED 31-4-0	Adds to existing law to provide for certain voluntary noncompliance and acceptance of risks.	STATE DISASTER PREPAREDNESS ACT -- Adds to existing law to provide for certain voluntary noncompliance and acceptance of risks.	out-of-gate:not-divided	
H0098	1948614	house	1487890	2025-02-12	40-29	1	0	2		Read Third Time in Full -- PASSED 40-29-0	Amends and adds to existing law to provide for restrictions regarding the use of taxpayer funds for teachers unions.	TEACHERS UNIONS -- Amends and adds to existing law to provide for restrictions regarding the use of taxpayer funds for teachers unions.	out-of-gate:not-enacted	
H0099	1949974	house	1496737	2025-02-21	69-0	1	0	4	74	Read Third Time in Full -- PASSED 69-0-1	Amends existing law to revise provisions regarding Class D driver's training instruction permits and Class D supervised instruction permits.	DRIVER TRAINING -- Amends existing law to revise provisions regarding Class D driver's training instruction permits and Class D supervised instruction permits.	out-of-gate:not-divided	
H0099	1949974	senate	1512199	2025-03-10	35-0	1	0	4	74	Read third time in full -- PASSED 35-0-0	Amends existing law to revise provisions regarding Class D driver's training instruction permits and Class D supervised instruction permits.	DRIVER TRAINING -- Amends existing law to revise provisions regarding Class D driver's training instruction permits and Class D supervised instruction permits.	out-of-gate:not-divided	
H0102	1950018	house	1528020	2025-03-26	68-2	2	1	4	215	Read third time in full as amended in Senate -- PASSED 68-2-0	Amends existing law to establish additional procedures to file petitions for the dissolution of recreation districts.	RECREATION DISTRICTS -- Amends existing law to establish additional procedures to file petitions for the dissolution of recreation districts.	out-of-gate:not-divided	
H0102	1950018	senate	1524208	2025-03-21	34-0	1	1	4	215	Read third time as amended in the Senate -- PASSED 34-0-1	Amends existing law to establish additional procedures to file petitions for the dissolution of recreation districts.	RECREATION DISTRICTS -- Amends existing law to establish additional procedures to file petitions for the dissolution of recreation districts.	out-of-gate:not-divided	
H0104	1950104	house	1486360	2025-02-11	70-0	1	0	4	40	Read Third Time in Full -- PASSED 70-0-0	Amends existing law to provide a definition for agricultural buildings and that counties shall not alter the provisions of the section.	BUILDING CODE ACT -- Amends existing law to provide a definition for agricultural buildings and that counties shall not alter the provisions of the section.	out-of-gate:not-divided	
H0104	1950104	senate	1508366	2025-03-06	35-0	1	0	4	40	Read third time in full -- PASSED 35-0-0	Amends existing law to provide a definition for agricultural buildings and that counties shall not alter the provisions of the section.	BUILDING CODE ACT -- Amends existing law to provide a definition for agricultural buildings and that counties shall not alter the provisions of the section.	out-of-gate:not-divided	
H0106	1950144	house	1489184	2025-02-13	65-2	1	0	2		Read Third Time in Full -- PASSED 65-2-3	Repeals and adds to existing law to provide for county fair boards.	COUNTY FAIR BOARDS -- Repeals and adds to existing law to provide for county fair boards.	out-of-gate:not-enacted	
H0107	1951791	house	1491625	2025-02-17	62-8	1	0	4	63	Read Third Time in Full -- PASSED 62-8-0	Amends existing law to provide for certain occupational licensing policy and to provide for universal occupational licensing practice authority.	OCCUPATIONAL LICENSING REFORM ACT -- Amends existing law to provide for certain occupational licensing policy and to provide for universal occupational licensing practice authority.	out-of-gate:not-divided	
H0107	1951791	senate	1506644	2025-03-05	32-1	1	0	4	63	Read third time in full -- PASSED 32-1-2	Amends existing law to provide for certain occupational licensing policy and to provide for universal occupational licensing practice authority.	OCCUPATIONAL LICENSING REFORM ACT -- Amends existing law to provide for certain occupational licensing policy and to provide for universal occupational licensing practice authority.	out-of-gate:not-divided	
H0109	1951887	house	1531141	2025-03-31	48-20	2	1	4	340	Read third time in full as amended in Senate -- PASSED 48-20-2	Adds to existing law to provide that the director of the Department of Health and Welfare shall seek a waiver to exclude candy and soda from supplemental nutrit	PUBLIC ASSISTANCE -- Adds to existing law to provide that the director of the Department of Health and Welfare shall seek a waiver to exclude candy and soda from supplemental nutrition assistance program benefits.	batched:batch-02	imported in batch-02
H0109	1951887	senate	1527820	2025-03-26	25-10	1	1	4	340	Read third time as amended in the Senate -- PASSED 25-10-0	Adds to existing law to provide that the director of the Department of Health and Welfare shall seek a waiver to exclude candy and soda from supplemental nutrit	PUBLIC ASSISTANCE -- Adds to existing law to provide that the director of the Department of Health and Welfare shall seek a waiver to exclude candy and soda from supplemental nutrition assistance program benefits.	batched:batch-02	imported in batch-02
H0110	1952150	house	1496722	2025-02-21	69-0	1	0	4	92	Read Third Time in Full -- PASSED 69-0-1	Adds to existing law to provide that the Department of Health and Welfare shall not prohibit licensed or registered health care providers from providing service	MEDICAID -- Adds to existing law to provide that the Department of Health and Welfare shall not prohibit licensed or registered health care providers from providing services covered by the state Medicaid program.	out-of-gate:not-divided	
H0110	1952150	senate	1512186	2025-03-10	34-0	1	0	4	92	Read third time in full -- PASSED 34-0-1	Adds to existing law to provide that the Department of Health and Welfare shall not prohibit licensed or registered health care providers from providing service	MEDICAID -- Adds to existing law to provide that the Department of Health and Welfare shall not prohibit licensed or registered health care providers from providing services covered by the state Medicaid program.	out-of-gate:not-divided	
H0113	1951936	house	1517781	2025-03-13	66-0	1	0	4	211		Amends existing law to make codifier's corrections.	CODIFIER'S CORRECTIONS -- Amends existing law to make codifier's corrections.	out-of-gate:not-divided	
H0113	1951936	senate	1521720	2025-03-19	33-0	1	0	4	211	Read third time in full -- PASSED 33-0-2	Amends existing law to make codifier's corrections.	CODIFIER'S CORRECTIONS -- Amends existing law to make codifier's corrections.	out-of-gate:not-divided	
H0116	1954129	house	1491204	2025-02-17	68-0	1	0	4	49	Read Third Time in Full -- PASSED 68-0-2	Amends and repeals existing law to remove the Idaho Small Employer Carrier Reinsurance Program.	INSURANCE -- Amends and repeals existing law to remove the Idaho Small Employer Carrier Reinsurance Program.	out-of-gate:not-divided	
H0116	1954129	senate	1506586	2025-03-05	33-0	1	0	4	49	Read third time in full -- PASSED 33-0-2	Amends and repeals existing law to remove the Idaho Small Employer Carrier Reinsurance Program.	INSURANCE -- Amends and repeals existing law to remove the Idaho Small Employer Carrier Reinsurance Program.	out-of-gate:not-divided	
H0120	1953987	house	1491203	2025-02-17	66-3	1	0	4	75	Read Third Time in Full -- PASSED 66-3-1	Amends and repeals existing law to provide for the de-licensure of thermal stylists.	BARBERS AND COSMETOLOGISTS -- Amends and repeals existing law to provide for the de-licensure of thermal stylists.	out-of-gate:not-divided	
H0120	1953987	senate	1512279	2025-03-10	35-0	1	0	4	75	Read third time in full -- PASSED 35-0-0	Amends and repeals existing law to provide for the de-licensure of thermal stylists.	BARBERS AND COSMETOLOGISTS -- Amends and repeals existing law to provide for the de-licensure of thermal stylists.	out-of-gate:not-divided	
H0121	1954752	house	1500579	2025-02-26	64-3	1	1	4	76	Read third time in full as amended -- PASSED 64-3-3	Amends and repeals existing law to provide for the de-licensure of makeup artists.	BARBERS AND COSMETOLOGISTS -- Amends and repeals existing law to provide for the de-licensure of makeup artists.	out-of-gate:not-divided	
H0121	1954752	senate	1512431	2025-03-10	35-0	1	1	4	76	Read third time in full -- PASSED 35-0-0	Amends and repeals existing law to provide for the de-licensure of makeup artists.	BARBERS AND COSMETOLOGISTS -- Amends and repeals existing law to provide for the de-licensure of makeup artists.	out-of-gate:not-divided	
H0122	1954468	house	1496585	2025-02-21	68-0	1	0	4	53	Read Third Time in Full -- PASSED 68-0-2	Amends and repeals existing law to provide for the de-licensure of makeover and glamour photography businesses.	BARBERS AND COSMETOLOGISTS -- Amends and repeals existing law to provide for the de-licensure of makeover and glamour photography businesses.	out-of-gate:not-divided	
H0122	1954468	senate	1511890	2025-03-10	34-0	1	0	4	53	Read third time in full -- PASSED 34-0-1	Amends and repeals existing law to provide for the de-licensure of makeover and glamour photography businesses.	BARBERS AND COSMETOLOGISTS -- Amends and repeals existing law to provide for the de-licensure of makeover and glamour photography businesses.	out-of-gate:not-divided	
H0125	1954814	house	1491679	2025-02-17	44-26	1	0	2		Read Third Time in Full -- PASSED 44-26-0	Amends existing law to provide a penalty for a riot that results in physical injury to a person.	RIOTS -- Amends existing law to provide a penalty for a riot that results in physical injury to a person.	out-of-gate:not-enacted	
H0128	1954966	house	1503567	2025-03-03	66-4	1	0	4	191		Adds to existing law to provide that the Department of Fish and Game shall not adopt or enforce any rule that makes it unlawful to use sabots in a muzzleloader-	FISH AND GAME -- Adds to existing law to provide that the Department of Fish and Game shall not adopt or enforce any rule that makes it unlawful to use sabots in a muzzleloader-only season.	out-of-gate:not-divided	
H0128	1954966	senate	1522834	2025-03-20	28-7	1	0	4	191	Read third time in full -- PASSED 28-7-0	Adds to existing law to provide that the Department of Fish and Game shall not adopt or enforce any rule that makes it unlawful to use sabots in a muzzleloader-	FISH AND GAME -- Adds to existing law to provide that the Department of Fish and Game shall not adopt or enforce any rule that makes it unlawful to use sabots in a muzzleloader-only season.	candidate:unbatched	
H0129	1954439	house	1495462	2025-02-20	47-21	1	0	2		Read Third Time in Full -- PASSED 47-21-2	Amends existing law to extend the time that proceeds can be held in the land bank fund.	LAND BANK FUND -- Amends existing law to extend the time that proceeds can be held in the land bank fund.	out-of-gate:not-enacted	
H0130	1954936	house	1537328	2025-04-03	58-11	2	1	4	323		Amends existing law to provide that a county board of equalization may exempt the property of certain hospitals from property taxes.	PROPERTY TAXES -- Amends existing law to provide that a county board of equalization may exempt the property of certain hospitals from property taxes.	superseded:last-roll-not-divided	
H0130	1954936	senate	1532914	2025-04-01	30-2	1	1	4	323	Read in full as required) -- PASSED 30-2-3	Amends existing law to provide that a county board of equalization may exempt the property of certain hospitals from property taxes.	PROPERTY TAXES -- Amends existing law to provide that a county board of equalization may exempt the property of certain hospitals from property taxes.	out-of-gate:not-divided	
H0131	1954905	house	1502388	2025-02-28	53-17	1	0	2		Read Third Time in Full -- PASSED 53-17-0	Adds to existing law to provide for disclosure and labeling of certain blood intended for blood transfusions and to provide that a person receiving a blood tran	HEALTH -- Adds to existing law to provide for disclosure and labeling of certain blood intended for blood transfusions and to provide that a person receiving a blood transfusion shall have the right to request blood base	out-of-gate:not-enacted	
H0133	1954494	house	1496367	2025-02-21	62-7	1	0	4	64	Read Third Time in Full -- PASSED 62-7-1	Amends, repeals, and adds to existing law to establish provisions regarding clean indoor air and prevention of minors' access to tobacco products and electronic	TOBACCO PRODUCTS AND ELECTRONIC SMOKING DEVICES -- Amends, repeals, and adds to existing law to establish provisions regarding clean indoor air and prevention of minors' access to tobacco products and electronic smoking	out-of-gate:not-divided	
H0133	1954494	senate	1507650	2025-03-06	35-0	1	0	4	64	Read third time in full -- PASSED 35-0-0	Amends, repeals, and adds to existing law to establish provisions regarding clean indoor air and prevention of minors' access to tobacco products and electronic	TOBACCO PRODUCTS AND ELECTRONIC SMOKING DEVICES -- Amends, repeals, and adds to existing law to establish provisions regarding clean indoor air and prevention of minors' access to tobacco products and electronic smoking	out-of-gate:not-divided	
H0134	1954657	house	1498199	2025-02-24	62-6	1	0	4	163	Read Third Time in Full -- PASSED 62-6-2	Adds to existing law to establish provisions regarding breast cancer screening.	HEALTH -- Adds to existing law to establish provisions regarding breast cancer screening.	out-of-gate:not-divided	
H0134	1954657	senate	1519034	2025-03-17	25-10	1	0	4	163	Read third time in full -- PASSED 25-10-0	Adds to existing law to establish provisions regarding breast cancer screening.	HEALTH -- Adds to existing law to establish provisions regarding breast cancer screening.	batched:batch-03	imported in batch-03
H0135	1954281	house	1519169	2025-03-17	46-22	1	0	4	275	Read Third Time in Full -- PASSED 46-22-2	Amends existing law to remove certain provisions for verification of lawful presence to receive public benefits.	WELFARE -- Amends existing law to remove certain provisions for verification of lawful presence to receive public benefits.	batched:batch-01	imported in batch-01
H0135	1954281	senate	1532746	2025-04-01	26-9	1	0	4	275	Read third time in full -- PASSED 26-9-0	Amends existing law to remove certain provisions for verification of lawful presence to receive public benefits.	WELFARE -- Amends existing law to remove certain provisions for verification of lawful presence to receive public benefits.	batched:batch-01	imported in batch-01
H0136	1954406	house	1527851	2025-03-26	52-18	2	1	4	246	Read third time in full as amended in Senate -- PASSED 52-18-0	Adds to existing law to establish provisions regarding 340B drug pricing program reporting.	INSURANCE -- Adds to existing law to establish provisions regarding 340B drug pricing program reporting.	candidate:unbatched	
H0136	1954406	senate	1522930	2025-03-20	32-3	1	1	4	246	Read third time as amended in the Senate -- PASSED 32-3-0	Adds to existing law to establish provisions regarding 340B drug pricing program reporting.	INSURANCE -- Adds to existing law to establish provisions regarding 340B drug pricing program reporting.	out-of-gate:not-divided	
H0138	1954100	house	1493693	2025-02-19	38-32	1	0	2		Read Third Time in Full -- PASSED 38-32-0	Amends existing law to require certain federal waivers for continued medicaid expansion eligibility.	MEDICAID -- Amends existing law to require certain federal waivers for continued medicaid expansion eligibility.	out-of-gate:not-enacted	
H0141	1954252	house	1500340	2025-02-26	67-0	1	1	4	70	Read third time in full as amended -- PASSED 67-0-3	Adds to existing law to require all Title IX compliance to be vested in the president of each institution of higher education in the state of Idaho.	EDUCATION -- Adds to existing law to require all Title IX compliance to be vested in the president of each institution of higher education in the state of Idaho.	out-of-gate:not-divided	
H0141	1954252	senate	1509509	2025-03-10	34-0	1	1	4	70	Read third time in full -- PASSED 34-0-1	Adds to existing law to require all Title IX compliance to be vested in the president of each institution of higher education in the state of Idaho.	EDUCATION -- Adds to existing law to require all Title IX compliance to be vested in the president of each institution of higher education in the state of Idaho.	out-of-gate:not-divided	
H0142	1956596	house	1495451	2025-02-20	67-0	1	0	4	71	Read Third Time in Full -- PASSED 67-0-3	Amends existing law to revise provisions regarding the minimum requirements for an audit.	AUDITS OF LOCAL GOVERNMENTAL ENTITIES -- Amends existing law to revise provisions regarding the minimum requirements for an audit.	out-of-gate:not-divided	
H0142	1956596	senate	1511825	2025-03-10	34-0	1	0	4	71	Read third time in full -- PASSED 34-0-1	Amends existing law to revise provisions regarding the minimum requirements for an audit.	AUDITS OF LOCAL GOVERNMENTAL ENTITIES -- Amends existing law to revise provisions regarding the minimum requirements for an audit.	out-of-gate:not-divided	
H0144	1956651	house	1488477	2025-02-12	70-0	1	0	4	86	Read Third Time in Full -- PASSED 70-0-0	Adds to existing law to exempt certain small sellers from sales and use taxes.	TAXATION -- Adds to existing law to exempt certain small sellers from sales and use taxes.	out-of-gate:not-divided	
H0144	1956651	senate	1507824	2025-03-06	35-0	1	0	4	86	Read third time in full -- PASSED 35-0-0	Adds to existing law to exempt certain small sellers from sales and use taxes.	TAXATION -- Adds to existing law to exempt certain small sellers from sales and use taxes.	out-of-gate:not-divided	
H0146	1957356	house	1519066	2025-03-17	52-11	2	1	4	153		Adds to existing law to require the installation of light-mitigating technology systems on wind energy conversion systems.	WIND ENERGY CONVERSION SYSTEMS -- Adds to existing law to require the installation of light-mitigating technology systems on wind energy conversion systems.	out-of-gate:not-divided	
H0146	1957356	senate	1516255	2025-03-12	18-15	1	1	4	153	Read third time as amended in the Senate -- PASSED 18-15-2	Adds to existing law to require the installation of light-mitigating technology systems on wind energy conversion systems.	WIND ENERGY CONVERSION SYSTEMS -- Adds to existing law to require the installation of light-mitigating technology systems on wind energy conversion systems.	candidate:unbatched	
H0147	1956782	house	1495677	2025-02-20	29-39	1	0	1		Read Third Time in Full -- FAILED 29-39-2	Amends existing law to revise provisions regarding the issuance of school bonds.	EDUCATION -- Amends existing law to revise provisions regarding the issuance of school bonds.	out-of-gate:not-enacted	
H0148	1957291	house	1496449	2025-02-21	63-5	1	0	4	324	Read Third Time in Full -- PASSED 63-5-2	Adds to existing law to provide assistance to individuals litigating against the federal government.	CONSTITUTIONAL DEFENSE COUNCIL -- Adds to existing law to provide assistance to individuals litigating against the federal government.	out-of-gate:not-divided	
H0148	1957291	senate	1533342	2025-04-01	29-5	1	0	4	324	Read third time in full -- PASSED 29-5-1	Adds to existing law to provide assistance to individuals litigating against the federal government.	CONSTITUTIONAL DEFENSE COUNCIL -- Adds to existing law to provide assistance to individuals litigating against the federal government.	out-of-gate:not-divided	
H0149	1959624	house	1498178	2025-02-24	55-12	1	0	4	87	Read Third Time in Full -- PASSED 55-12-3	Adds to existing law to provide for consumer privacy in mortgage applications.	RESIDENTIAL MORTGAGE PRACTICES -- Adds to existing law to provide for consumer privacy in mortgage applications.	out-of-gate:not-divided	
H0149	1959624	senate	1509492	2025-03-10	26-9	1	0	4	87	Read third time in full -- PASSED 26-9-0	Adds to existing law to provide for consumer privacy in mortgage applications.	RESIDENTIAL MORTGAGE PRACTICES -- Adds to existing law to provide for consumer privacy in mortgage applications.	batched:batch-03	imported in batch-03
H0150	1959875	house	1528024	2025-03-26	70-0	2	1	4	216	Read third time in full as amended in Senate -- PASSED 70-0-0	Repeals and adds to existing law to revise a provision regarding conveyances or encumbrances of homesteads by married couples.	PROPERTY -- Repeals and adds to existing law to revise a provision regarding conveyances or encumbrances of homesteads by married couples.	out-of-gate:not-divided	
H0150	1959875	senate	1524205	2025-03-21	34-0	1	1	4	216	Read third time as amended in the Senate -- PASSED 34-0-1	Repeals and adds to existing law to revise a provision regarding conveyances or encumbrances of homesteads by married couples.	PROPERTY -- Repeals and adds to existing law to revise a provision regarding conveyances or encumbrances of homesteads by married couples.	out-of-gate:not-divided	
H0151	1959837	house	1496727	2025-02-21	68-0	1	0	4	83	Read Third Time in Full -- PASSED 68-0-2	Repeals and adds to existing law to provide for certain reporting requirements to be made by state agencies that are licensing authorities.	OCCUPATIONAL LICENSING REFORM ACT -- Repeals and adds to existing law to provide for certain reporting requirements to be made by state agencies that are licensing authorities.	out-of-gate:not-divided	
H0151	1959837	senate	1512202	2025-03-10	34-0	1	0	4	83	Read third time in full -- PASSED 34-0-1	Repeals and adds to existing law to provide for certain reporting requirements to be made by state agencies that are licensing authorities.	OCCUPATIONAL LICENSING REFORM ACT -- Repeals and adds to existing law to provide for certain reporting requirements to be made by state agencies that are licensing authorities.	out-of-gate:not-divided	
H0152	1960230	house	1498428	2025-02-24	64-0	1	0	4	104	Read Third Time in Full -- PASSED 64-0-6	Amends existing law to revise provisions regarding the division administrator's authority to address board and commission cash balances.	DIVISION OF OCCUPATIONAL AND PROFESSIONAL LICENSES -- Amends existing law to revise provisions regarding the division administrator's authority to address board and commission cash balances.	out-of-gate:not-divided	
H0152	1960230	senate	1512229	2025-03-10	35-0	1	0	4	104	Read third time in full -- PASSED 35-0-0	Amends existing law to revise provisions regarding the division administrator's authority to address board and commission cash balances.	DIVISION OF OCCUPATIONAL AND PROFESSIONAL LICENSES -- Amends existing law to revise provisions regarding the division administrator's authority to address board and commission cash balances.	out-of-gate:not-divided	
H0153	1959407	house	1499323	2025-02-25	69-0	1	0	4	77	Read Third Time in Full -- PASSED 69-0-1	Amends existing law to provide for dual master electrician and journeyman electrician licensure issuance.	ELECTRICAL CONTRACTORS AND JOURNEYMEN -- Amends existing law to provide for dual master electrician and journeyman electrician licensure issuance.	out-of-gate:not-divided	
H0153	1959407	senate	1512008	2025-03-10	35-0	1	0	4	77	Read third time in full -- PASSED 35-0-0	Amends existing law to provide for dual master electrician and journeyman electrician licensure issuance.	ELECTRICAL CONTRACTORS AND JOURNEYMEN -- Amends existing law to provide for dual master electrician and journeyman electrician licensure issuance.	out-of-gate:not-divided	
H0156	1960160	house	1491879	2025-02-18	34-35	1	0	1		Read Third Time in Full -- FAILED 34-35-1	Amends existing law to revise a provision regarding the compensation of commissioners.	IDAHO COMMISSION OF PARDONS AND PAROLE -- Amends existing law to revise a provision regarding the compensation of commissioners.	out-of-gate:not-enacted	
H0157	1959266	house	1508830	2025-03-07	34-34	1	1	1		Read third time in full as amended -- FAILED 34-34-2	Amends, repeals, and adds to existing law to revise provisions and requirements regarding collection of DNA samples and thumbprint impressions.	SAMPLE COLLECTIONS -- Amends, repeals, and adds to existing law to revise provisions and requirements regarding collection of DNA samples and thumbprint impressions.	out-of-gate:not-enacted	
H0158	1960017	house	1499628	2025-02-25	69-0	1	0	4	184	Read Third Time in Full -- PASSED 69-0-1	Adds to existing law to establish provisions regarding media source confidentiality.	PRODUCTION OF EVIDENCE -- Adds to existing law to establish provisions regarding media source confidentiality.	out-of-gate:not-divided	
H0158	1960017	senate	1520196	2025-03-18	35-0	1	0	4	184	Read third time in full -- PASSED 35-0-0	Adds to existing law to establish provisions regarding media source confidentiality.	PRODUCTION OF EVIDENCE -- Adds to existing law to establish provisions regarding media source confidentiality.	out-of-gate:not-divided	
H0159	1959447	house	1502400	2025-02-28	68-0	1	0	4	165	Read Third Time in Full -- PASSED 68-0-2	Amends existing law to establish provisions regarding an order to prevent removal.	CHILD PROTECTIVE ACT -- Amends existing law to establish provisions regarding an order to prevent removal.	out-of-gate:not-divided	
H0159	1959447	senate	1518480	2025-03-17	35-0	1	0	4	165	Read third time in full -- PASSED 35-0-0	Amends existing law to establish provisions regarding an order to prevent removal.	CHILD PROTECTIVE ACT -- Amends existing law to establish provisions regarding an order to prevent removal.	out-of-gate:not-divided	
H0160	1960052	house	1495779	2025-02-20	68-1	1	0	4	105	Read Third Time in Full -- PASSED 68-1-1	Amends existing law to define a public employer and a public corporation with respect to certain requirements regarding security for compensation.	WORKER'S COMPENSATION -- Amends existing law to define a public employer and a public corporation with respect to certain requirements regarding security for compensation.	out-of-gate:not-divided	
H0160	1960052	senate	1517435	2025-03-13	35-0	1	0	4	105	Read third time in full -- PASSED 35-0-0	Amends existing law to define a public employer and a public corporation with respect to certain requirements regarding security for compensation.	WORKER'S COMPENSATION -- Amends existing law to define a public employer and a public corporation with respect to certain requirements regarding security for compensation.	out-of-gate:not-divided	
H0161	1960294	house	1492505	2025-02-18	57-13	1	0	4	154	Read Third Time in Full -- PASSED 57-13-0	Amends existing law related to meetings, compensation, and the powers and duties of the board of commissioners of a flood control district.	FLOOD CONTROL DISTRICTS -- Amends existing law related to meetings, compensation, and the powers and duties of the board of commissioners of a flood control district.	out-of-gate:not-divided	
H0161	1960294	senate	1518678	2025-03-17	28-7	1	0	4	154	Read third time in full -- PASSED 28-7-0	Amends existing law related to meetings, compensation, and the powers and duties of the board of commissioners of a flood control district.	FLOOD CONTROL DISTRICTS -- Amends existing law related to meetings, compensation, and the powers and duties of the board of commissioners of a flood control district.	candidate:unbatched	
H0165	1959800	house	1495872	2025-02-20	67-0	1	0	4	41	Read Third Time in Full -- PASSED 67-0-3	Amends existing law to revise provisions regarding abandoned property.	PROPERTY -- Amends existing law to revise provisions regarding abandoned property.	out-of-gate:not-divided	
H0165	1959800	senate	1507874	2025-03-06	35-0	1	0	4	41	Read third time in full -- PASSED 35-0-0	Amends existing law to revise provisions regarding abandoned property.	PROPERTY -- Amends existing law to revise provisions regarding abandoned property.	out-of-gate:not-divided	
H0166	1959480	house	1496128	2025-02-20	36-32	1	0	2		Read Third Time in Full -- PASSED 36-32-2	Amends, repeals, and adds to existing law to provide for the electronic publication of public notices on the state controller's website and certain abbreviated	PUBLIC NOTICES -- Amends, repeals, and adds to existing law to provide for the electronic publication of public notices on the state controller's website and certain abbreviated newspaper publications by governmental ent	out-of-gate:not-enacted	
H0169	1962550	house	1502397	2025-02-28	67-0	1	0	4	106	Read Third Time in Full -- PASSED 67-0-3	Amends existing law to revise provisions regarding the budget of the Idaho Bureau of Educational Services for the Deaf and the Blind.	EDUCATION -- Amends existing law to revise provisions regarding the budget of the Idaho Bureau of Educational Services for the Deaf and the Blind.	out-of-gate:not-divided	
H0169	1962550	senate	1517436	2025-03-13	35-0	1	0	4	106	Read third time in full -- PASSED 35-0-0	Amends existing law to revise provisions regarding the budget of the Idaho Bureau of Educational Services for the Deaf and the Blind.	EDUCATION -- Amends existing law to revise provisions regarding the budget of the Idaho Bureau of Educational Services for the Deaf and the Blind.	out-of-gate:not-divided	
H0171	1962470	house	1500578	2025-02-26	35-33	1	1	4	217	Read third time in full as amended -- PASSED 35-33-2	Amends and adds to existing law to revise provisions regarding county-based or city-based intermodal commerce authority and to establish provisions regarding pu	INTERMODAL COMMERCE AUTHORITY -- Amends and adds to existing law to revise provisions regarding county-based or city-based intermodal commerce authority and to establish provisions regarding publication of proceedings an	dropped:selection	intermodal commerce authority powers, not recognizable
H0171	1962470	senate	1525665	2025-03-24	20-15	1	1	4	217	Read third time in full -- PASSED 20-15-0	Amends and adds to existing law to revise provisions regarding county-based or city-based intermodal commerce authority and to establish provisions regarding pu	INTERMODAL COMMERCE AUTHORITY -- Amends and adds to existing law to revise provisions regarding county-based or city-based intermodal commerce authority and to establish provisions regarding publication of proceedings an	dropped:selection	intermodal commerce authority powers, not recognizable
H0172	1962232	house	1489828	2025-02-13	67-0	1	0	4	19	Read Third Time in Full -- PASSED 67-0-3	Amends existing law to establish provisions regarding multiple agenda items on an agenda.	OPEN MEETINGS LAW -- Amends existing law to establish provisions regarding multiple agenda items on an agenda.	out-of-gate:not-divided	
H0172	1962232	senate	1505342	2025-03-04	34-0	1	0	4	19	Read third time in full -- PASSED 34-0-1	Amends existing law to establish provisions regarding multiple agenda items on an agenda.	OPEN MEETINGS LAW -- Amends existing law to establish provisions regarding multiple agenda items on an agenda.	out-of-gate:not-divided	
H0173	1962273	house	1500411	2025-02-26	39-29	1	0	4	138	Read Third Time in Full -- PASSED 39-29-2	Amends existing law to revise the composition of the commission and to increase assessments.	ALFALFA AND CLOVER SEED -- Amends existing law to revise the composition of the commission and to increase assessments.	dropped:selection	alfalfa and clover seed commission assessments, not recognizable
H0173	1962273	senate	1518585	2025-03-17	24-11	1	0	4	138	Read third time in full -- PASSED 24-11-0	Amends existing law to revise the composition of the commission and to increase assessments.	ALFALFA AND CLOVER SEED -- Amends existing law to revise the composition of the commission and to increase assessments.	dropped:selection	alfalfa and clover seed commission assessments, not recognizable
H0174	1962433	house	1528033	2025-03-26	64-2	2	1	4	218		Amends, repeals, and adds to existing law to establish provisions regarding motor vehicle towing.	MOTOR VEHICLE TOWING -- Amends, repeals, and adds to existing law to establish provisions regarding motor vehicle towing.	out-of-gate:not-divided	
H0174	1962433	senate	1526377	2025-03-25	35-0	1	1	4	218	Read third time as amended in the Senate -- PASSED 35-0-0	Amends, repeals, and adds to existing law to establish provisions regarding motor vehicle towing.	MOTOR VEHICLE TOWING -- Amends, repeals, and adds to existing law to establish provisions regarding motor vehicle towing.	out-of-gate:not-divided	
H0175	1962676	house	1500564	2025-02-26	67-0	1	1	4	139	Read third time in full as amended -- PASSED 67-0-3	Amends existing law to revise provisions regarding advanced opportunities.	EDUCATION -- Amends existing law to revise provisions regarding advanced opportunities.	out-of-gate:not-divided	
H0175	1962676	senate	1519142	2025-03-17	33-1	1	1	4	139	Read third time in full -- PASSED 33-1-1 -Engelking & Nichols	Amends existing law to revise provisions regarding advanced opportunities.	EDUCATION -- Amends existing law to revise provisions regarding advanced opportunities.	out-of-gate:not-divided	
H0177	1962393	house	1499489	2025-02-25	66-3	1	0	4	107	Read Third Time in Full -- PASSED 66-3-1	Adds to existing law to provide that gold and silver coin and specie shall be legal tender and to provide that no person or entity may compel another person or	LEGAL TENDER -- Adds to existing law to provide that gold and silver coin and specie shall be legal tender and to provide that no person or entity may compel another person or entity to tender or accept gold or silver co	out-of-gate:not-divided	
H0177	1962393	senate	1517608	2025-03-13	35-0	1	0	4	107	Read third time in full -- PASSED 35-0-0	Adds to existing law to provide that gold and silver coin and specie shall be legal tender and to provide that no person or entity may compel another person or	LEGAL TENDER -- Adds to existing law to provide that gold and silver coin and specie shall be legal tender and to provide that no person or entity may compel another person or entity to tender or accept gold or silver co	out-of-gate:not-divided	
H0180	1964058	house	1536653	2025-04-03	48-20	2	1	4	325		Amends, repeals, and adds to existing law to provide for the timing of the permitting process relating to broadband infrastructure.	BROADBAND INFRASTRUCTURE -- Amends, repeals, and adds to existing law to provide for the timing of the permitting process relating to broadband infrastructure.	batched:batch-02	imported in batch-02
H0180	1964058	senate	1533289	2025-04-01	24-9	1	1	4	325	Read third time as amended in the Senate -- PASSED 24-9-2	Amends, repeals, and adds to existing law to provide for the timing of the permitting process relating to broadband infrastructure.	BROADBAND INFRASTRUCTURE -- Amends, repeals, and adds to existing law to provide for the timing of the permitting process relating to broadband infrastructure.	batched:batch-02	imported in batch-02
H0181	1963679	house	1498209	2025-02-24	64-0	1	0	4	108	Read Third Time in Full -- PASSED 64-0-6	Amends existing law to provide that a credit union shall deliver articles of incorporation to the Secretary of State.	CREDIT UNIONS -- Amends existing law to provide that a credit union shall deliver articles of incorporation to the Secretary of State.	out-of-gate:not-divided	
H0181	1963679	senate	1517595	2025-03-13	35-0	1	0	4	108	Read third time in full -- PASSED 35-0-0	Amends existing law to provide that a credit union shall deliver articles of incorporation to the Secretary of State.	CREDIT UNIONS -- Amends existing law to provide that a credit union shall deliver articles of incorporation to the Secretary of State.	out-of-gate:not-divided	
H0185	1963841	house	1528006	2025-03-26	69-0	2	1	4	219	Read third time in full as amended in Senate -- PASSED 69-0-1	Amends existing law to revise provisions regarding the catastrophic search subaccount in the Search and Rescue Fund.	IDAHO STATE POLICE -- Amends existing law to revise provisions regarding the catastrophic search subaccount in the Search and Rescue Fund.	out-of-gate:not-divided	
H0185	1963841	senate	1522920	2025-03-20	35-0	1	1	4	219	Read third time as amended in the Senate -- PASSED 35-0-0	Amends existing law to revise provisions regarding the catastrophic search subaccount in the Search and Rescue Fund.	IDAHO STATE POLICE -- Amends existing law to revise provisions regarding the catastrophic search subaccount in the Search and Rescue Fund.	out-of-gate:not-divided	
H0187	1964072	house	1498343	2025-02-24	47-18	1	0	4	140	Read Third Time in Full -- PASSED 47-18-5	Amends and adds to existing law to establish provisions regarding advisement to certain probationers and parolees regarding conditions of probation or parole.	PROBATION AND PAROLE -- Amends and adds to existing law to establish provisions regarding advisement to certain probationers and parolees regarding conditions of probation or parole.	batched:batch-02	imported in batch-02
H0187	1964072	senate	1517454	2025-03-13	24-8	1	0	4	140	Read third time in full -- PASSED 24-8-3	Amends and adds to existing law to establish provisions regarding advisement to certain probationers and parolees regarding conditions of probation or parole.	PROBATION AND PAROLE -- Amends and adds to existing law to establish provisions regarding advisement to certain probationers and parolees regarding conditions of probation or parole.	batched:batch-02	imported in batch-02
H0194	1964002	house	1504008	2025-03-03	70-0	1	0	4	141		Amends existing law to revise provisions regarding water districts and assessments.	WATER -- Amends existing law to revise provisions regarding water districts and assessments.	out-of-gate:not-divided	
H0194	1964002	senate	1519285	2025-03-17	35-0	1	0	4	141	Read third time in full -- PASSED 35-0-0	Amends existing law to revise provisions regarding water districts and assessments.	WATER -- Amends existing law to revise provisions regarding water districts and assessments.	out-of-gate:not-divided	
H0198	1963652	house	1496372	2025-02-21	67-1	1	0	4	84	Read Third Time in Full -- PASSED 67-1-2	Amends, repeals, and adds to existing law to establish provisions regarding laboratories.	LABORATORIES -- Amends, repeals, and adds to existing law to establish provisions regarding laboratories.	out-of-gate:not-divided	
H0198	1963652	senate	1512075	2025-03-10	32-2	1	0	4	84	Read third time in full -- PASSED 32-2-1	Amends, repeals, and adds to existing law to establish provisions regarding laboratories.	LABORATORIES -- Amends, repeals, and adds to existing law to establish provisions regarding laboratories.	out-of-gate:not-divided	
H0199	1963813	house	1496723	2025-02-21	61-8	1	0	4	166	Read Third Time in Full -- PASSED 61-8-1	Adds to existing law to establish provisions regarding refugee medical assistance.	REFUGEES -- Adds to existing law to establish provisions regarding refugee medical assistance.	out-of-gate:not-divided	
H0199	1963813	senate	1518581	2025-03-17	29-6	1	0	4	166	Read third time in full -- PASSED 29-6-0	Adds to existing law to establish provisions regarding refugee medical assistance.	REFUGEES -- Adds to existing law to establish provisions regarding refugee medical assistance.	out-of-gate:not-divided	
H0200	1963785	house	1498422	2025-02-24	62-1	1	0	4	93	Read Third Time in Full -- PASSED 62-1-7	Amends, repeals, and adds to existing law to update provisions regarding the practice of pharmacy in Idaho.	PHARMACISTS -- Amends, repeals, and adds to existing law to update provisions regarding the practice of pharmacy in Idaho.	out-of-gate:not-divided	
H0200	1963785	senate	1512245	2025-03-10	35-0	1	0	4	93	Read third time in full -- PASSED 35-0-0	Amends, repeals, and adds to existing law to update provisions regarding the practice of pharmacy in Idaho.	PHARMACISTS -- Amends, repeals, and adds to existing law to update provisions regarding the practice of pharmacy in Idaho.	out-of-gate:not-divided	
H0202	1964045	house	1491118	2025-02-17	69-0	1	0	4	47	Read Third Time in Full -- PASSED 69-0-1	Amends, repeals, and adds to existing law to remove provisions previously related to the Department of Health and Welfare that are now assigned to other state a	HEALTH AND WELFARE -- Amends, repeals, and adds to existing law to remove provisions previously related to the Department of Health and Welfare that are now assigned to other state agencies.	out-of-gate:not-divided	
H0202	1964045	senate	1507869	2025-03-06	34-1	1	0	4	47	Read third time in full -- PASSED 34-1-0	Amends, repeals, and adds to existing law to remove provisions previously related to the Department of Health and Welfare that are now assigned to other state a	HEALTH AND WELFARE -- Amends, repeals, and adds to existing law to remove provisions previously related to the Department of Health and Welfare that are now assigned to other state agencies.	out-of-gate:not-divided	
H0204	1965064	house	1496380	2025-02-21	69-0	1	0	4	109	Read Third Time in Full -- PASSED 69-0-1	Amends and adds to existing law to establish a World Famous Idaho Potatoes black license plate and a World Famous Idaho Potatoes white license plate.	MOTOR VEHICLES -- Amends and adds to existing law to establish a World Famous Idaho Potatoes black license plate and a World Famous Idaho Potatoes white license plate.	out-of-gate:not-divided	
H0204	1965064	senate	1517799	2025-03-13	30-1	1	0	4	109	Read third time in full -- PASSED 30-1-4	Amends and adds to existing law to establish a World Famous Idaho Potatoes black license plate and a World Famous Idaho Potatoes white license plate.	MOTOR VEHICLES -- Amends and adds to existing law to establish a World Famous Idaho Potatoes black license plate and a World Famous Idaho Potatoes white license plate.	out-of-gate:not-divided	
H0205	1965329	house	1500307	2025-02-26	64-3	1	0	4	78	Read Third Time in Full -- PASSED 64-3-3	Amends existing law to provide for vehicles to exceed the speed limit while passing in a passing lane.	RULES OF THE ROAD -- Amends existing law to provide for vehicles to exceed the speed limit while passing in a passing lane.	out-of-gate:not-divided	
H0205	1965329	senate	1509498	2025-03-10	35-0	1	0	4	78	Read third time in full -- PASSED 35-0-0	Amends existing law to provide for vehicles to exceed the speed limit while passing in a passing lane.	RULES OF THE ROAD -- Amends existing law to provide for vehicles to exceed the speed limit while passing in a passing lane.	out-of-gate:not-divided	
H0206	1965241	house	1500127	2025-02-26	53-15	1	0	4	94	Read Third Time in Full -- PASSED 53-15-2	Amends, repeals, and adds to existing law to transfer emergency medical services responsibilites to the Idaho Military Division.	EMERGENCY MEDICAL SERVICES -- Amends, repeals, and adds to existing law to transfer emergency medical services responsibilites to the Idaho Military Division.	candidate:unbatched	
H0206	1965241	senate	1511801	2025-03-10	31-3	1	0	4	94	Read third time in full -- PASSED 31-3-1	Amends, repeals, and adds to existing law to transfer emergency medical services responsibilites to the Idaho Military Division.	EMERGENCY MEDICAL SERVICES -- Amends, repeals, and adds to existing law to transfer emergency medical services responsibilites to the Idaho Military Division.	out-of-gate:not-divided	
H0207	1965129	house	1500600	2025-02-26	52-16	1	0	4	95	Read Third Time in Full -- PASSED 52-16-2	Repeals and adds to existing law to provide for the recognition of the EMS personnel licensure interstate compact.	EMERGENCY MEDICAL SERVICES -- Repeals and adds to existing law to provide for the recognition of the EMS personnel licensure interstate compact.	candidate:unbatched	
H0207	1965129	senate	1512176	2025-03-10	31-3	1	0	4	95	Read third time in full -- PASSED 31-3-1	Repeals and adds to existing law to provide for the recognition of the EMS personnel licensure interstate compact.	EMERGENCY MEDICAL SERVICES -- Repeals and adds to existing law to provide for the recognition of the EMS personnel licensure interstate compact.	out-of-gate:not-divided	
H0208	1965172	house	1498106	2025-02-24	43-24	1	0	4	155	Read Third Time in Full -- PASSED 43-24-3	Amends existing law to revise provisions regarding the consolidation of fire protection districts.	FIRE PROTECTION DISTRICTS -- Amends existing law to revise provisions regarding the consolidation of fire protection districts.	candidate:unbatched	
H0208	1965172	senate	1520663	2025-03-18	35-0	1	0	4	155	Read third time in full -- PASSED 35-0-0	Amends existing law to revise provisions regarding the consolidation of fire protection districts.	FIRE PROTECTION DISTRICTS -- Amends existing law to revise provisions regarding the consolidation of fire protection districts.	out-of-gate:not-divided	
H0212	1965353	house	1498419	2025-02-24	60-7	1	0	4	255	Read Third Time in Full -- PASSED 60-7-3	Amends existing law to revise provisions regarding the petition to propose a library district.	PUBLIC LIBRARY DISTRICTS -- Amends existing law to revise provisions regarding the petition to propose a library district.	out-of-gate:not-divided	
H0212	1965353	senate	1533364	2025-04-01	27-6	1	0	4	255	Read third time in full -- PASSED 27-6-2	Amends existing law to revise provisions regarding the petition to propose a library district.	PUBLIC LIBRARY DISTRICTS -- Amends existing law to revise provisions regarding the petition to propose a library district.	out-of-gate:not-divided	
H0214	1965370	house	1506953	2025-03-05	36-33	1	0	2			Amends existing law to revise a provision regarding electrical contractor supervision and to define a term.	ELECTRICAL CONTRACTORS AND JOURNEYMEN -- Amends existing law to revise a provision regarding electrical contractor supervision and to define a term.	out-of-gate:not-enacted	
H0215	1965218	house	1511969	2025-03-10	69-0	1	0	4	192	Read Third Time in Full -- PASSED 69-0-1	Amends, repeals, and adds to existing law to provide for reports to the Legislature to be submitted electronically and to remove obsolete provisions regarding r	REPORTS TO THE LEGISLATURE -- Amends, repeals, and adds to existing law to provide for reports to the Legislature to be submitted electronically and to remove obsolete provisions regarding reporting requirements.	out-of-gate:not-divided	
H0215	1965218	senate	1521705	2025-03-19	33-0	1	0	4	192	Read third time in full -- PASSED 33-0-2	Amends, repeals, and adds to existing law to provide for reports to the Legislature to be submitted electronically and to remove obsolete provisions regarding r	REPORTS TO THE LEGISLATURE -- Amends, repeals, and adds to existing law to provide for reports to the Legislature to be submitted electronically and to remove obsolete provisions regarding reporting requirements.	out-of-gate:not-divided	
H0220	1967342	house	1499635	2025-02-25	69-0	1	0	4	110	Read Third Time in Full -- PASSED 69-0-1	Amends, repeals, and adds to existing law to revise provisions regarding behavioral health services.	BEHAVIORAL HEALTH -- Amends, repeals, and adds to existing law to revise provisions regarding behavioral health services.	out-of-gate:not-divided	
H0220	1967342	senate	1517423	2025-03-13	35-0	1	0	4	110	Read third time in full -- PASSED 35-0-0	Amends, repeals, and adds to existing law to revise provisions regarding behavioral health services.	BEHAVIORAL HEALTH -- Amends, repeals, and adds to existing law to revise provisions regarding behavioral health services.	out-of-gate:not-divided	
H0222	1967490	house	1509535	2025-03-10	69-0	1	0	4	193	Read Third Time in Full -- PASSED 69-0-1	Adds to existing law to require state websites to contain certain rule and policy documents and a certain statement.	STATE WEBSITES -- Adds to existing law to require state websites to contain certain rule and policy documents and a certain statement.	out-of-gate:not-divided	
H0222	1967490	senate	1521515	2025-03-19	33-0	1	0	4	193	Read third time in full -- PASSED 33-0-2	Adds to existing law to require state websites to contain certain rule and policy documents and a certain statement.	STATE WEBSITES -- Adds to existing law to require state websites to contain certain rule and policy documents and a certain statement.	out-of-gate:not-divided	
H0223	1967192	house	1498528	2025-02-24	62-5	1	0	2		Read Third Time in Full -- PASSED 62-5-3	Amends existing law to remove provisions regarding legislative review of rules and to revise provisions regarding legislative review of rules.	IDAHO ADMINISTRATIVE PROCEDURE ACT -- Amends existing law to remove provisions regarding legislative review of rules and to revise provisions regarding legislative review of rules.	out-of-gate:not-enacted	
H0224	1967048	house	1492216	2025-02-18	70-0	1	0	4	72	Read Third Time in Full -- PASSED 70-0-0	Amends existing law to require public school districts to adopt certain safety protocols.	EDUCATION -- Amends existing law to require public school districts to adopt certain safety protocols.	out-of-gate:not-divided	
H0224	1967048	senate	1512193	2025-03-10	34-0	1	0	4	72	Read third time in full -- PASSED 34-0-1 -Engelking	Amends existing law to require public school districts to adopt certain safety protocols.	EDUCATION -- Amends existing law to require public school districts to adopt certain safety protocols.	out-of-gate:not-divided	
H0226	1969483	house	1497888	2025-02-24	65-0	1	0	4	79	Read Third Time in Full -- PASSED 65-0-5	Amends and adds to existing law to provide for the adjustment of line license tax allocations, the expenditures of reclamation funds, voluntary contributions, t	MINES AND MINING -- Amends and adds to existing law to provide for the adjustment of line license tax allocations, the expenditures of reclamation funds, voluntary contributions, the establishment of an advisory committe	out-of-gate:not-divided	
H0226	1969483	senate	1511679	2025-03-10	35-0	1	0	4	79	Read third time in full -- PASSED 35-0-0	Amends and adds to existing law to provide for the adjustment of line license tax allocations, the expenditures of reclamation funds, voluntary contributions, t	MINES AND MINING -- Amends and adds to existing law to provide for the adjustment of line license tax allocations, the expenditures of reclamation funds, voluntary contributions, the establishment of an advisory committe	out-of-gate:not-divided	
H0227	1969276	house	1502356	2025-02-28	68-0	1	0	4	111	Read Third Time in Full -- PASSED 68-0-2	Amends existing law to require the Secretary of State to prescribe certain financing statement forms in compliance with the Uniform Commercial Code.	SECURED TRANSACTIONS -- Amends existing law to require the Secretary of State to prescribe certain financing statement forms in compliance with the Uniform Commercial Code.	out-of-gate:not-divided	
H0227	1969276	senate	1517447	2025-03-13	32-0	1	0	4	111	Read third time in full -- PASSED 32-0-3	Amends existing law to require the Secretary of State to prescribe certain financing statement forms in compliance with the Uniform Commercial Code.	SECURED TRANSACTIONS -- Amends existing law to require the Secretary of State to prescribe certain financing statement forms in compliance with the Uniform Commercial Code.	out-of-gate:not-divided	
H0230	1969803	house	1498007	2025-02-24	55-10	1	0	2		Read Third Time in Full -- PASSED 54-11-5	Adds to existing law to establish provisions regarding a civil action following an indecent sexual exhibition.	INDECENT SEXUAL EXHIBITIONS AND CIVIL ACTIONS -- Adds to existing law to establish provisions regarding a civil action following an indecent sexual exhibition.	held:tally-defect	
H0231	1969378	house	1490602	2025-02-14	61-6	1	0	4	56	PASSED 61-6-3	Amends existing law to increase the food tax credit and to provide an alternative tax credit for the actual amount paid by taxpayers on food purchases.	FOOD TAX CREDITS AND REFUNDS -- Amends existing law to increase the food tax credit and to provide an alternative tax credit for the actual amount paid by taxpayers on food purchases.	out-of-gate:not-divided	
H0231	1969378	senate	1506569	2025-03-05	30-3	1	0	4	56	Read third time in full -- PASSED 30-3-2	Amends existing law to increase the food tax credit and to provide an alternative tax credit for the actual amount paid by taxpayers on food purchases.	FOOD TAX CREDITS AND REFUNDS -- Amends existing law to increase the food tax credit and to provide an alternative tax credit for the actual amount paid by taxpayers on food purchases.	out-of-gate:not-divided	
H0234	1971190	house	1502353	2025-02-28	68-0	1	0	4	80	Read Third Time in Full -- PASSED 68-0-2	Amends existing law to provide for wildland fire agency or association vehicles in the definition of vehicle.	MOTOR VEHICLE -- Amends existing law to provide for wildland fire agency or association vehicles in the definition of vehicle.	out-of-gate:not-divided	
H0234	1971190	senate	1512165	2025-03-10	35-0	1	0	4	80	Read third time in full -- PASSED 35-0-0	Amends existing law to provide for wildland fire agency or association vehicles in the definition of vehicle.	MOTOR VEHICLE -- Amends existing law to provide for wildland fire agency or association vehicles in the definition of vehicle.	out-of-gate:not-divided	
H0235	1971510	house	1502382	2025-02-28	57-11	1	0	4	172	Read Third Time in Full -- PASSED 57-11-2	Amends and adds to existing law to establish An Appeal to Heaven license plates.	TRANSPORTATION -- Amends and adds to existing law to establish An Appeal to Heaven license plates.	out-of-gate:not-divided	
H0235	1971510	senate	1525662	2025-03-24	26-8	1	0	4	172	Read third time in full -- PASSED 26-8-1	Amends and adds to existing law to establish An Appeal to Heaven license plates.	TRANSPORTATION -- Amends and adds to existing law to establish An Appeal to Heaven license plates.	candidate:unbatched	
H0236	1971168	house	1528043	2025-03-26	69-1	2	1	4	220	Read third time in full as amended in Senate -- PASSED 69-1-0	Amends existing law to revise provisions regarding denial of school attendance and denial of transfer enrollment applications.	EDUCATION -- Amends existing law to revise provisions regarding denial of school attendance and denial of transfer enrollment applications.	out-of-gate:not-divided	
H0236	1971168	senate	1522943	2025-03-20	35-0	1	1	4	220	Read third time as amended in the Senate -- PASSED 35-0-0	Amends existing law to revise provisions regarding denial of school attendance and denial of transfer enrollment applications.	EDUCATION -- Amends existing law to revise provisions regarding denial of school attendance and denial of transfer enrollment applications.	out-of-gate:not-divided	
H0239	1971023	house	1527846	2025-03-26	56-10	2	1	4	234		Amends and adds to existing law to establish provisions requiring permission for instruction addressing human sexuality.	EDUCATION -- Amends and adds to existing law to establish provisions requiring permission for instruction addressing human sexuality.	out-of-gate:not-divided	
H0239	1971023	senate	1526359	2025-03-25	29-6	1	1	4	234	Read third time as amended in the Senate -- PASSED 29-6-0	Amends and adds to existing law to establish provisions requiring permission for instruction addressing human sexuality.	EDUCATION -- Amends and adds to existing law to establish provisions requiring permission for instruction addressing human sexuality.	out-of-gate:not-divided	
H0240	1971330	house	1504827	2025-03-04	55-15	1	0	4	194	Read Third Time in Full -- PASSED 55-15-0	Adds to existing law to establish provisions for the protection of certain speech on college campuses.	EDUCATION -- Adds to existing law to establish provisions for the protection of certain speech on college campuses.	batched:batch-03	imported in batch-03
H0240	1971330	senate	1522226	2025-03-19	26-6	1	0	4	194	Read third time in full -- PASSED 26-6-3	Adds to existing law to establish provisions for the protection of certain speech on college campuses.	EDUCATION -- Adds to existing law to establish provisions for the protection of certain speech on college campuses.	out-of-gate:not-divided	
H0242	1971117	house	1512425	2025-03-10	66-0	1	0	4	195		Adds to existing law to provide for continuing education credits for certain primary care preceptors.	PRIMARY CARE PRECEPTORS -- Adds to existing law to provide for continuing education credits for certain primary care preceptors.	out-of-gate:not-divided	
H0242	1971117	senate	1522914	2025-03-20	35-0	1	0	4	195	Read third time in full -- PASSED 35-0-0	Adds to existing law to provide for continuing education credits for certain primary care preceptors.	PRIMARY CARE PRECEPTORS -- Adds to existing law to provide for continuing education credits for certain primary care preceptors.	out-of-gate:not-divided	
H0243	1971240	house	1521407	2025-03-19	55-7	2	1	4	185		Amends and repeals existing law to revise provisions regarding daycare licenses.	DAYCARE -- Amends and repeals existing law to revise provisions regarding daycare licenses.	superseded:last-roll-not-divided	
H0243	1971240	senate	1517990	2025-03-14	25-10	1	1	4	185	Read third time as amended in the Senate -- PASSED 25-10-0	Amends and repeals existing law to revise provisions regarding daycare licenses.	DAYCARE -- Amends and repeals existing law to revise provisions regarding daycare licenses.	candidate:unbatched	
H0245	1971276	house	1499312	2025-02-25	53-17	1	0	4	142	Read Third Time in Full -- PASSED 53-17-0	Amends existing law to revise provisions regarding extended and continued care and to revise provisions regarding relative foster care.	FOSTER CARE -- Amends existing law to revise provisions regarding extended and continued care and to revise provisions regarding relative foster care.	batched:batch-01	imported in batch-01
H0245	1971276	senate	1517421	2025-03-13	21-14	1	0	4	142	Read third time in full -- PASSED 21-14-0	Amends existing law to revise provisions regarding extended and continued care and to revise provisions regarding relative foster care.	FOSTER CARE -- Amends existing law to revise provisions regarding extended and continued care and to revise provisions regarding relative foster care.	batched:batch-01	imported in batch-01
H0246	1971418	house	1496132	2025-02-20	67-0	1	0	4	42	Read Third Time in Full -- PASSED 67-0-3	Relates to the appropriation to the Department of Commerce, Department of Environmental Quality, and the Department of Health and Welfare for fiscal year 2025.	APPROPRIATIONS -- Relates to the appropriation to the Department of Commerce, Department of Environmental Quality, and the Department of Health and Welfare for fiscal year 2025.	out-of-gate:not-divided	
H0246	1971418	senate	1506950	2025-03-05	33-0	1	0	4	42	Read third time in full -- PASSED 33-0-2	Relates to the appropriation to the Department of Commerce, Department of Environmental Quality, and the Department of Health and Welfare for fiscal year 2025.	APPROPRIATIONS -- Relates to the appropriation to the Department of Commerce, Department of Environmental Quality, and the Department of Health and Welfare for fiscal year 2025.	out-of-gate:not-divided	
H0247	1971033	house	1496008	2025-02-20	65-1	1	0	4	57	Read Third Time in Full -- PASSED 65-1-4	Relates to the maintenance appropriation to the Legislative Branch for fiscal year 2026.	APPROPRIATIONS -- LEGISLATIVE BRANCH -- Relates to the maintenance appropriation to the Legislative Branch for fiscal year 2026.	out-of-gate:not-divided	
H0247	1971033	senate	1506970	2025-03-05	33-0	1	0	4	57	Read third time in full -- PASSED 33-0-2	Relates to the maintenance appropriation to the Legislative Branch for fiscal year 2026.	APPROPRIATIONS -- LEGISLATIVE BRANCH -- Relates to the maintenance appropriation to the Legislative Branch for fiscal year 2026.	out-of-gate:not-divided	
H0248	1971203	house	1496001	2025-02-20	66-1	1	0	4	297	Read Third Time in Full -- PASSED 66-1-3	Relates to the maintenance appropriation to Natural Resources for fiscal year 2026.	APPROPRIATIONS -- NATURAL RESOURCES -- Relates to the maintenance appropriation to Natural Resources for fiscal year 2026.	out-of-gate:not-divided	
H0248	1971203	senate	1536660	2025-04-03	33-0	1	0	4	297	Read third time in full -- PASSED 33-0-2	Relates to the maintenance appropriation to Natural Resources for fiscal year 2026.	APPROPRIATIONS -- NATURAL RESOURCES -- Relates to the maintenance appropriation to Natural Resources for fiscal year 2026.	out-of-gate:not-divided	
H0249	1971097	house	1495448	2025-02-20	66-2	1	0	4	196	Read Third Time in Full -- PASSED 66-2-2	Relates to the maintenance appropriations to the executive offices of the Governor, Lieutenant Governor, Attorney General, State Controller, Secretary of State,	APPROPRIATIONS -- CONSTITUTIONAL OFFICERS -- Relates to the maintenance appropriations to the executive offices of the Governor, Lieutenant Governor, Attorney General, State Controller, Secretary of State, and State Trea	out-of-gate:not-divided	
H0249	1971097	senate	1522926	2025-03-20	35-0	1	0	4	196	Read third time in full -- PASSED 35-0-0	Relates to the maintenance appropriations to the executive offices of the Governor, Lieutenant Governor, Attorney General, State Controller, Secretary of State,	APPROPRIATIONS -- CONSTITUTIONAL OFFICERS -- Relates to the maintenance appropriations to the executive offices of the Governor, Lieutenant Governor, Attorney General, State Controller, Secretary of State, and State Trea	out-of-gate:not-divided	
H0251	1971474	house	1496133	2025-02-20	65-2	1	0	4	43	Read Third Time in Full -- PASSED 65-2-3	Relates to the appropriation to the Public Schools Educational Support Program for fiscal year 2026.	APPROPRIATIONS -- PUBLIC SCHOOLS -- Relates to the appropriation to the Public Schools Educational Support Program for fiscal year 2026.	out-of-gate:not-divided	
H0251	1971474	senate	1506908	2025-03-05	31-1	1	0	4	43	Read third time in full -- PASSED 31-1-3 -Engelking	Relates to the appropriation to the Public Schools Educational Support Program for fiscal year 2026.	APPROPRIATIONS -- PUBLIC SCHOOLS -- Relates to the appropriation to the Public Schools Educational Support Program for fiscal year 2026.	out-of-gate:not-divided	
H0253	1971149	house	1536751	2025-04-03	45-24	2	1	4	298		Amends existing law to provide additional time to respond to requests for public records from nonresidents and to allow a different fee schedule to fulfill nonr	PUBLIC RECORDS -- Amends existing law to provide additional time to respond to requests for public records from nonresidents and to allow a different fee schedule to fulfill nonresident requests.	batched:batch-01	imported in batch-01
H0253	1971149	senate	1532841	2025-04-01	25-9	1	1	4	298	Read third time as amended in the Senate -- PASSED 25-9-1	Amends existing law to provide additional time to respond to requests for public records from nonresidents and to allow a different fee schedule to fulfill nonr	PUBLIC RECORDS -- Amends existing law to provide additional time to respond to requests for public records from nonresidents and to allow a different fee schedule to fulfill nonresident requests.	batched:batch-01	imported in batch-01
H0263	1973841	house	1502564	2025-02-28	68-0	1	1	2		Read Third Time in Full -- PASSED 68-0-2	Adds to existing law to provide that certain fees related to animal adoption and rescue are not subject to sales and use taxes.	TAXATION -- Adds to existing law to provide that certain fees related to animal adoption and rescue are not subject to sales and use taxes.	out-of-gate:not-enacted	
H0263	1973841	senate	1526041	2025-03-25	35-0	1	1	2		Read third time as amended in the Senate -- PASSED 35-0-0	Adds to existing law to provide that certain fees related to animal adoption and rescue are not subject to sales and use taxes.	TAXATION -- Adds to existing law to provide that certain fees related to animal adoption and rescue are not subject to sales and use taxes.	out-of-gate:not-enacted	
H0264	1973864	house	1530111	2025-03-28	59-9	2	1	4	251		Adds to existing law to establish provisions regarding safety and privacy in certain covered entities and to provide for remedies.	PROTECTING THE PRIVACY OF WOMEN -- Adds to existing law to establish provisions regarding safety and privacy in certain covered entities and to provide for remedies.	out-of-gate:not-divided	
H0264	1973864	senate	1527870	2025-03-26	27-6	1	1	4	251	Read third time as amended in the Senate -- PASSED 27-6-2	Adds to existing law to establish provisions regarding safety and privacy in certain covered entities and to provide for remedies.	PROTECTING THE PRIVACY OF WOMEN -- Adds to existing law to establish provisions regarding safety and privacy in certain covered entities and to provide for remedies.	out-of-gate:not-divided	
H0265	1973456	house	1503503	2025-03-03	28-42	1	0	1			Amends existing law to provide that certain policy owners may request additional notice of lapse or termination by certified mail.	LIFE INSURANCE -- Amends existing law to provide that certain policy owners may request additional notice of lapse or termination by certified mail.	out-of-gate:not-enacted	
H0266	1973875	house	1527996	2025-03-26	70-0	2	2	4	221	Read third time in full as amended in Senate -- PASSED 70-0-0	Adds to existing law to provide for certain live virtual re-inspections and to provide for timely inspections and the option for third-party inspections in cert	IDAHO BUILDING CODE ACT -- Adds to existing law to provide for certain live virtual re-inspections and to provide for timely inspections and the option for third-party inspections in certain situations.	out-of-gate:not-divided	
H0266	1973875	senate	1523937	2025-03-20	34-0	1	2	4	221	Read third time as amended in the Senate -- PASSED 34-0-1	Adds to existing law to provide for certain live virtual re-inspections and to provide for timely inspections and the option for third-party inspections in cert	IDAHO BUILDING CODE ACT -- Adds to existing law to provide for certain live virtual re-inspections and to provide for timely inspections and the option for third-party inspections in certain situations.	out-of-gate:not-divided	
H0268	1973640	house	1504033	2025-03-03	61-9	1	0	4	197	Read Third Time in Full -- PASSED 61-9-0	Amends existing law to provide that executive employees of the state of Idaho shall not be classified employees.	STATE EMPLOYEES -- Amends existing law to provide that executive employees of the state of Idaho shall not be classified employees.	out-of-gate:not-divided	
H0268	1973640	senate	1522936	2025-03-20	35-0	1	0	4	197	Read third time in full -- PASSED 35-0-0	Amends existing law to provide that executive employees of the state of Idaho shall not be classified employees.	STATE EMPLOYEES -- Amends existing law to provide that executive employees of the state of Idaho shall not be classified employees.	out-of-gate:not-divided	
H0270	1973551	house	1502828	2025-02-28	59-8	1	0	4	173	Read Third Time in Full -- PASSED 59-8-3	Amends existing law to revise provisions regarding indecent exposure.	INDECENT EXPOSURE -- Amends existing law to revise provisions regarding indecent exposure.	out-of-gate:not-divided	
H0270	1973551	senate	1524965	2025-03-24	28-6	1	0	4	173	Read third time in full -- PASSED 28-6-1	Amends existing law to revise provisions regarding indecent exposure.	INDECENT EXPOSURE -- Amends existing law to revise provisions regarding indecent exposure.	out-of-gate:not-divided	
H0271	1973594	house	1531058	2025-03-31	50-20	2	1	4	252	Read third time in full as amended in Senate -- PASSED 50-20-0	Amends and adds to existing law to prohibit the advertising of illegal drugs and to provide for the apportionment of certain fines.	ADVERTISING ILLEGAL DRUGS -- Amends and adds to existing law to prohibit the advertising of illegal drugs and to provide for the apportionment of certain fines.	batched:batch-01	imported in batch-01
H0271	1973594	senate	1528070	2025-03-26	24-10	1	1	4	252	Read third time as amended in the Senate -- PASSED 24-10-1	Amends and adds to existing law to prohibit the advertising of illegal drugs and to provide for the apportionment of certain fines.	ADVERTISING ILLEGAL DRUGS -- Amends and adds to existing law to prohibit the advertising of illegal drugs and to provide for the apportionment of certain fines.	batched:batch-01	imported in batch-01
H0275	1975605	house	1502659	2025-02-28	68-0	1	0	4	198	Read Third Time in Full -- PASSED 68-0-2	Amends and repeals existing law to provide for local school boards to require internet filtering and to remove provisions regarding digital and online library r	EDUCATION -- Amends and repeals existing law to provide for local school boards to require internet filtering and to remove provisions regarding digital and online library resources and wireless technology standards.	out-of-gate:not-divided	
H0275	1975605	senate	1521699	2025-03-19	33-1	1	0	4	198	Read third time in full -- PASSED 33-1-1	Amends and repeals existing law to provide for local school boards to require internet filtering and to remove provisions regarding digital and online library r	EDUCATION -- Amends and repeals existing law to provide for local school boards to require internet filtering and to remove provisions regarding digital and online library resources and wireless technology standards.	out-of-gate:not-divided	
H0276	1975247	house	1502379	2025-02-28	37-31	1	0	4	112	Read Third Time in Full -- PASSED 37-31-2	Amends existing law to revise provisions regarding brewers' licenses.	BEER -- Amends existing law to revise provisions regarding brewers' licenses.	dropped:selection	brewers' licenses, no research area with a defensible direction
H0276	1975247	senate	1517552	2025-03-13	19-12	1	0	4	112	Read third time in full -- PASSED 19-12-4	Amends existing law to revise provisions regarding brewers' licenses.	BEER -- Amends existing law to revise provisions regarding brewers' licenses.	dropped:selection	brewers' licenses, no research area with a defensible direction
H0277	1975472	house	1504021	2025-03-03	70-0	1	0	4	143		Amends existing law to provide for certain criminal history checks to be performed.	OFFICE OF INFORMATION TECHNOLOGY SERVICES -- Amends existing law to provide for certain criminal history checks to be performed.	out-of-gate:not-divided	
H0277	1975472	senate	1518543	2025-03-17	35-0	1	0	4	143	Read third time in full -- PASSED 35-0-0	Amends existing law to provide for certain criminal history checks to be performed.	OFFICE OF INFORMATION TECHNOLOGY SERVICES -- Amends existing law to provide for certain criminal history checks to be performed.	out-of-gate:not-divided	
H0278	1975425	house	1502437	2025-02-28	66-2	1	0	4	113	Read Third Time in Full -- PASSED 66-2-2	Amends existing law to revise provisions regarding certain election deadlines and the filling of certain vacancies.	ELECTIONS -- Amends existing law to revise provisions regarding certain election deadlines and the filling of certain vacancies.	out-of-gate:not-divided	
H0278	1975425	senate	1517606	2025-03-13	28-3	1	0	4	113	Read third time in full -- PASSED 28-3-4	Amends existing law to revise provisions regarding certain election deadlines and the filling of certain vacancies.	ELECTIONS -- Amends existing law to revise provisions regarding certain election deadlines and the filling of certain vacancies.	out-of-gate:not-divided	
H0280	1977597	house	1502746	2025-02-28	67-0	1	0	4	114	Read Third Time in Full -- PASSED 67-0-3	Amends existing law to provide an exemption for relatives of members of the Legislature participating in the legislative page program.	PUBLIC SERVANTS -- Amends existing law to provide an exemption for relatives of members of the Legislature participating in the legislative page program.	out-of-gate:not-divided	
H0280	1977597	senate	1517448	2025-03-13	32-0	1	0	4	114	Read third time in full -- PASSED 32-0-3	Amends existing law to provide an exemption for relatives of members of the Legislature participating in the legislative page program.	PUBLIC SERVANTS -- Amends existing law to provide an exemption for relatives of members of the Legislature participating in the legislative page program.	out-of-gate:not-divided	
H0282	1977417	house	1528037	2025-03-26	70-0	2	1	4	235	Read third time in full as amended in Senate -- PASSED 70-0-0	Amends existing law to revise provisions regarding homestead property.	PROPERTY -- Amends existing law to revise provisions regarding homestead property.	out-of-gate:not-divided	
H0282	1977417	senate	1522948	2025-03-20	35-0	1	1	4	235	Read third time as amended in the Senate -- PASSED 35-0-0	Amends existing law to revise provisions regarding homestead property.	PROPERTY -- Amends existing law to revise provisions regarding homestead property.	out-of-gate:not-divided	
H0286	1977176	house	1504124	2025-03-03	55-15	1	0	4	212	Read Third Time in Full -- PASSED 55-15-0	Amends existing law to revise provisions regarding board membership and certain qualifications.	PHARMACISTS -- Amends existing law to revise provisions regarding board membership and certain qualifications.	candidate:unbatched	
H0286	1977176	senate	1521735	2025-03-19	29-4	1	0	4	212	Read third time in full -- PASSED 29-4-2	Amends existing law to revise provisions regarding board membership and certain qualifications.	PHARMACISTS -- Amends existing law to revise provisions regarding board membership and certain qualifications.	out-of-gate:not-divided	
H0289	1977665	house	1508299	2025-03-06	69-0	1	0	4	199	Read Third Time in Full -- PASSED 69-0-1	Adds to existing law to establish provisions regarding certified registered nurse anesthetists.	NURSES -- Adds to existing law to establish provisions regarding certified registered nurse anesthetists.	out-of-gate:not-divided	
H0289	1977665	senate	1521689	2025-03-19	33-0	1	0	4	199	Read third time in full -- PASSED 33-0-2	Adds to existing law to establish provisions regarding certified registered nurse anesthetists.	NURSES -- Adds to existing law to establish provisions regarding certified registered nurse anesthetists.	out-of-gate:not-divided	
H0290	1977738	house	1506825	2025-03-05	49-21	1	0	4	174	Read Third Time in Full -- PASSED 49-21-0	Amends and repeals existing law to revise provisions regarding immunizations in daycare and schools.	IMMUNIZATIONS -- Amends and repeals existing law to revise provisions regarding immunizations in daycare and schools.	batched:batch-01	imported in batch-01
H0290	1977738	senate	1520194	2025-03-18	23-11	1	0	4	174	Read third time in full -- PASSED 23-11-1	Amends and repeals existing law to revise provisions regarding immunizations in daycare and schools.	IMMUNIZATIONS -- Amends and repeals existing law to revise provisions regarding immunizations in daycare and schools.	batched:batch-01	imported in batch-01
H0291	1977351	house	1516587	2025-03-12	36-34	1	0	2		Read Third Time in Full -- PASSED 36-34-0	Adds to existing law to provide for the establishment of the Idaho High-Needs Student Fund.	EDUCATION -- Adds to existing law to provide for the establishment of the Idaho High-Needs Student Fund.	out-of-gate:not-enacted	
H0291	1977351	senate	1526246	2025-03-25	17-18	1	0	2		Read third time in full -- FAILED 17-18-0	Adds to existing law to provide for the establishment of the Idaho High-Needs Student Fund.	EDUCATION -- Adds to existing law to provide for the establishment of the Idaho High-Needs Student Fund.	out-of-gate:not-enacted	
H0294	1977312	house	1503952	2025-03-03	44-26	1	0	4	144	Read Third Time in Full -- PASSED 44-26-0	Amends existing law to provide for civil penalties for violating public utilities law.	PUBLIC UTILITIES COMMISSION -- Amends existing law to provide for civil penalties for violating public utilities law.	batched:batch-01	imported in batch-01
H0294	1977312	senate	1519287	2025-03-17	27-8	1	0	4	144	Read third time in full -- PASSED 27-8-0	Amends existing law to provide for civil penalties for violating public utilities law.	PUBLIC UTILITIES COMMISSION -- Amends existing law to provide for civil penalties for violating public utilities law.	batched:batch-01	imported in batch-01
H0295	1979700	house	1505543	2025-03-04	44-26	1	0	2		Read Third Time in Full -- PASSED 44-26-0	Adds to existing law to establish provisions regarding an administrator leadership apprenticeship program.	EDUCATION -- Adds to existing law to establish provisions regarding an administrator leadership apprenticeship program.	out-of-gate:not-enacted	
H0299	1979620	house	1503998	2025-03-03	70-0	1	0	4	115	Read Third Time in Full -- PASSED 70-0-0	Amends existing law to revise the composition of the Idaho Broadband Advisory Board and to provide that any grant award process shall be conducted by an indepen	IDAHO BROADBAND ADVISORY BOARD -- Amends existing law to revise the composition of the Idaho Broadband Advisory Board and to provide that any grant award process shall be conducted by an independent third party.	out-of-gate:not-divided	
H0299	1979620	senate	1517445	2025-03-13	28-2	1	0	4	115	Read third time in full -- PASSED 28-2-5	Amends existing law to revise the composition of the Idaho Broadband Advisory Board and to provide that any grant award process shall be conducted by an indepen	IDAHO BROADBAND ADVISORY BOARD -- Amends existing law to revise the composition of the Idaho Broadband Advisory Board and to provide that any grant award process shall be conducted by an independent third party.	out-of-gate:not-divided	
H0301	1979489	house	1504010	2025-03-03	27-43	1	0	1		Read Third Time in Full -- FAILED 27-43-0	Amends and adds to existing law regarding the procurement of property by the State of Idaho.	STATE PROCUREMENT -- Amends and adds to existing law regarding the procurement of property by the State of Idaho.	out-of-gate:not-enacted	
H0304	1979361	house	1505581	2025-03-04	68-0	1	0	4	175	Read Third Time in Full -- PASSED 68-0-2	Amends existing law to provide for property tax relief.	PROPERTY TAX RELIEF -- Amends existing law to provide for property tax relief.	out-of-gate:not-divided	
H0304	1979361	senate	1519137	2025-03-17	35-0	1	0	4	175	Read third time in full -- PASSED 35-0-0	Amends existing law to provide for property tax relief.	PROPERTY TAX RELIEF -- Amends existing law to provide for property tax relief.	out-of-gate:not-divided	
H0305	1979646	house	1504620	2025-03-04	69-1	1	0	4	145	Read Third Time in Full -- PASSED 69-1-0	Amends existing law to revise provisions regarding staff allowance.	EDUCATION -- Amends existing law to revise provisions regarding staff allowance.	out-of-gate:not-divided	
H0305	1979646	senate	1518518	2025-03-17	35-0	1	0	4	145	Read third time in full -- PASSED 35-0-0	Amends existing law to revise provisions regarding staff allowance.	EDUCATION -- Amends existing law to revise provisions regarding staff allowance.	out-of-gate:not-divided	
H0310	1979337	house	1500576	2025-02-26	67-0	1	0	4	88	Read Third Time in Full -- PASSED 67-0-3	Amends existing law to require certain anti-fraud measures to be employed to ensure election ballots are secure.	ELECTIONS -- Amends existing law to require certain anti-fraud measures to be employed to ensure election ballots are secure.	out-of-gate:not-divided	
H0310	1979337	senate	1512150	2025-03-10	35-0	1	0	4	88	Read third time in full -- PASSED 35-0-0	Amends existing law to require certain anti-fraud measures to be employed to ensure election ballots are secure.	ELECTIONS -- Amends existing law to require certain anti-fraud measures to be employed to ensure election ballots are secure.	out-of-gate:not-divided	
H0311	1981312	house	1509764	2025-03-10	66-0	1	0	4	176		Amends and adds to existing law to provide for licensed video remote interpreting providers.	SPEECH AND HEARING SERVICES -- Amends and adds to existing law to provide for licensed video remote interpreting providers.	out-of-gate:not-divided	
H0311	1981312	senate	1522903	2025-03-20	35-0	1	0	4	176	Read third time in full -- PASSED 35-0-0	Amends and adds to existing law to provide for licensed video remote interpreting providers.	SPEECH AND HEARING SERVICES -- Amends and adds to existing law to provide for licensed video remote interpreting providers.	out-of-gate:not-divided	
H0312	1981425	house	1506752	2025-03-05	67-3	1	0	4	186	Read Third Time in Full -- PASSED 67-3-0	Amends and adds to existing law to revise provisions regarding the licensing of daycare facilities.	DAYCARE -- Amends and adds to existing law to revise provisions regarding the licensing of daycare facilities.	out-of-gate:not-divided	
H0312	1981425	senate	1522245	2025-03-19	27-6	1	0	4	186	Read third time in full -- PASSED 27-6-2	Amends and adds to existing law to revise provisions regarding the licensing of daycare facilities.	DAYCARE -- Amends and adds to existing law to revise provisions regarding the licensing of daycare facilities.	out-of-gate:not-divided	
H0313	1981639	house	1509538	2025-03-10	23-43	1	0	1			Adds to existing law to require public schools to adopt sudden cardiac arrest prevention training.	EDUCATION -- Adds to existing law to require public schools to adopt sudden cardiac arrest prevention training.	out-of-gate:not-enacted	
H0315	1981605	house	1508625	2025-03-07	60-8	1	1	2		Read third time in full as amended -- PASSED 60-8-2	Amends existing law to revise provisions regarding the sales tax exemption for Idaho information technology equipment.	TAXATION -- Amends existing law to revise provisions regarding the sales tax exemption for Idaho information technology equipment.	out-of-gate:not-enacted	
H0316	1981675	house	1503571	2025-03-03	70-0	1	0	4	167	Read Third Time in Full -- PASSED 70-0-0	Amends existing law to clarify that an Idaho state-issued driver's license or identification card is required to apply for the homestead property tax exemption.	HOMESTEAD EXEMPTION -- Amends existing law to clarify that an Idaho state-issued driver's license or identification card is required to apply for the homestead property tax exemption.	out-of-gate:not-divided	
H0316	1981675	senate	1518588	2025-03-17	35-0	1	0	4	167	Read third time in full -- PASSED 35-0-0	Amends existing law to clarify that an Idaho state-issued driver's license or identification card is required to apply for the homestead property tax exemption.	HOMESTEAD EXEMPTION -- Amends existing law to clarify that an Idaho state-issued driver's license or identification card is required to apply for the homestead property tax exemption.	out-of-gate:not-divided	
H0321	1983122	house	1517433	2025-03-13	64-3	1	0	4	222	Read Third Time in Full -- PASSED 64-3-3	Adds to existing law to establish provisions regarding a limited alternative remedy to remove unauthorized persons from residential real property, to provide fo	PROPERTY RIGHTS -- Adds to existing law to establish provisions regarding a limited alternative remedy to remove unauthorized persons from residential real property, to provide for the crime of making false statements to	out-of-gate:not-divided	
H0321	1983122	senate	1526291	2025-03-25	35-0	1	0	4	222	Read third time in full -- PASSED 35-0-0	Adds to existing law to establish provisions regarding a limited alternative remedy to remove unauthorized persons from residential real property, to provide fo	PROPERTY RIGHTS -- Adds to existing law to establish provisions regarding a limited alternative remedy to remove unauthorized persons from residential real property, to provide for the crime of making false statements to	out-of-gate:not-divided	
H0322	1983565	house	1503970	2025-03-03	57-13	1	0	4	200		Amends existing law to revise a provision regarding the salary of the justices of the supreme court.	SALARIES OF JUDGES -- Amends existing law to revise a provision regarding the salary of the justices of the supreme court.	out-of-gate:not-divided	
H0322	1983565	senate	1524157	2025-03-21	26-8	1	0	4	200	Read third time in full -- PASSED 26-8-1	Amends existing law to revise a provision regarding the salary of the justices of the supreme court.	SALARIES OF JUDGES -- Amends existing law to revise a provision regarding the salary of the justices of the supreme court.	candidate:unbatched	
H0323	1983250	house	1506912	2025-03-05	66-0	1	0	4	156		Adds to existing law to establish provisions regarding the protection of vulnerable adults from financial exploitation.	CORPORATIONS -- Adds to existing law to establish provisions regarding the protection of vulnerable adults from financial exploitation.	out-of-gate:not-divided	
H0323	1983250	senate	1518626	2025-03-17	30-4	1	0	4	156	Read third time in full -- PASSED 30-4-1	Adds to existing law to establish provisions regarding the protection of vulnerable adults from financial exploitation.	CORPORATIONS -- Adds to existing law to establish provisions regarding the protection of vulnerable adults from financial exploitation.	out-of-gate:not-divided	
H0327	1983316	house	1503945	2025-03-03	70-0	1	0	4	187		Adds to existing law to provide for nurses to delegate tasks to non-nurses under certain conditions.	NURSES -- Adds to existing law to provide for nurses to delegate tasks to non-nurses under certain conditions.	out-of-gate:not-divided	
H0327	1983316	senate	1520207	2025-03-18	35-0	1	0	4	187	Read third time in full -- PASSED 35-0-0	Adds to existing law to provide for nurses to delegate tasks to non-nurses under certain conditions.	NURSES -- Adds to existing law to provide for nurses to delegate tasks to non-nurses under certain conditions.	out-of-gate:not-divided	
H0329	1982931	house	1507612	2025-03-06	61-7	1	0	4	188	Read Third Time in Full -- PASSED 61-7-2	Amends and adds to existing law to provide certain property tax exemptions for certain utilities and to provide for a tax on rate-regulated electric companies a	TAXATION -- Amends and adds to existing law to provide certain property tax exemptions for certain utilities and to provide for a tax on rate-regulated electric companies and gas companies.	out-of-gate:not-divided	
H0329	1982931	senate	1520157	2025-03-18	31-3	1	0	4	188	Read third time in full -- PASSED 31-3-1	Amends and adds to existing law to provide certain property tax exemptions for certain utilities and to provide for a tax on rate-regulated electric companies a	TAXATION -- Amends and adds to existing law to provide certain property tax exemptions for certain utilities and to provide for a tax on rate-regulated electric companies and gas companies.	out-of-gate:not-divided	
H0330	1983378	house	1506862	2025-03-05	67-3	1	0	4	189	Read Third Time in Full -- PASSED 67-3-0	Amends existing law to revise provisions regarding movie theaters and the sale of beer and wine.	ALCOHOLIC BEVERAGES -- Amends existing law to revise provisions regarding movie theaters and the sale of beer and wine.	out-of-gate:not-divided	
H0330	1983378	senate	1520192	2025-03-18	29-6	1	0	4	189	Read third time in full -- PASSED 29-6-0	Amends existing law to revise provisions regarding movie theaters and the sale of beer and wine.	ALCOHOLIC BEVERAGES -- Amends existing law to revise provisions regarding movie theaters and the sale of beer and wine.	out-of-gate:not-divided	
H0331	1982869	house	1502366	2025-02-28	68-0	1	0	4	190	Read Third Time in Full -- PASSED 68-0-2	Amends existing law to revise provisions regarding the public charter school facilities program.	EDUCATION -- Amends existing law to revise provisions regarding the public charter school facilities program.	out-of-gate:not-divided	
H0331	1982869	senate	1520199	2025-03-18	35-0	1	0	4	190	Read third time in full -- PASSED 35-0-0	Amends existing law to revise provisions regarding the public charter school facilities program.	EDUCATION -- Amends existing law to revise provisions regarding the public charter school facilities program.	out-of-gate:not-divided	
H0332	1985390	house	1506737	2025-03-05	50-20	1	0	4	116	Read Third Time in Full -- PASSED 50-20-0	Relates to the appropriation to the State Board of Education and the Board of Regents of the University of Idaho for Special Programs for fiscal year 2026.	APPROPRIATIONS -- SPECIAL PROGRAMS -- Relates to the appropriation to the State Board of Education and the Board of Regents of the University of Idaho for Special Programs for fiscal year 2026.	excluded:appropriations	agency budget bill; appropriations are excluded by standing campaign rule
H0332	1985390	senate	1517439	2025-03-13	27-8	1	0	4	116	Read third time in full -- PASSED 27-8-0	Relates to the appropriation to the State Board of Education and the Board of Regents of the University of Idaho for Special Programs for fiscal year 2026.	APPROPRIATIONS -- SPECIAL PROGRAMS -- Relates to the appropriation to the State Board of Education and the Board of Regents of the University of Idaho for Special Programs for fiscal year 2026.	excluded:appropriations	agency budget bill; appropriations are excluded by standing campaign rule
H0333	1984630	house	1508236	2025-03-06	49-21	1	0	4	117	Read Third Time in Full -- PASSED 49-21-0	Relates to the appropriation to the State Board of Education and the Board of Regents of the University of Idaho for Health Education Programs for fiscal year 2	APPROPRIATIONS -- HEALTH EDUCATION PROGRAMS -- Relates to the appropriation to the State Board of Education and the Board of Regents of the University of Idaho for Health Education Programs for fiscal year 2026.	excluded:appropriations	agency budget bill; appropriations are excluded by standing campaign rule
H0333	1984630	senate	1517438	2025-03-13	22-13	1	0	4	117	Read third time in full -- PASSED 22-13-0	Relates to the appropriation to the State Board of Education and the Board of Regents of the University of Idaho for Health Education Programs for fiscal year 2	APPROPRIATIONS -- HEALTH EDUCATION PROGRAMS -- Relates to the appropriation to the State Board of Education and the Board of Regents of the University of Idaho for Health Education Programs for fiscal year 2026.	excluded:appropriations	agency budget bill; appropriations are excluded by standing campaign rule
H0334	1984522	house	1508294	2025-03-06	55-7	1	0	2			Adds to existing law to provide for the establishment of a Eastern Snake Plain Aquifer managed recharge goal in the state water plan.	STATE WATER PLAN -- Adds to existing law to provide for the establishment of a Eastern Snake Plain Aquifer managed recharge goal in the state water plan.	out-of-gate:not-enacted	
H0336	1984847	house	1506791	2025-03-05	67-3	1	0	4	201	Read Third Time in Full -- PASSED 67-3-0	Amends, repeals, and adds to existing laws to revise provisions regarding child support.	CHILD SUPPORT -- Amends, repeals, and adds to existing laws to revise provisions regarding child support.	out-of-gate:not-divided	
H0336	1984847	senate	1521698	2025-03-19	29-4	1	0	4	201	Read third time in full -- PASSED 29-4-2	Amends, repeals, and adds to existing laws to revise provisions regarding child support.	CHILD SUPPORT -- Amends, repeals, and adds to existing laws to revise provisions regarding child support.	out-of-gate:not-divided	
H0337	1984736	house	1508075	2025-03-06	62-0	1	0	2			Adds to existing law to establish the Electronic Monitoring Devices in Long-Term Care Facilities Act.	LONG-TERM CARE FACILITIES -- Adds to existing law to establish the Electronic Monitoring Devices in Long-Term Care Facilities Act.	out-of-gate:not-enacted	
H0338	1987167	house	1506966	2025-03-05	70-0	1	0	4	213	Read Third Time in Full -- PASSED 70-0-0	Amends existing law to revise provisions regarding the Public School Facilities Cooperative Fund and the School District Facilities Fund.	EDUCATION -- Amends existing law to revise provisions regarding the Public School Facilities Cooperative Fund and the School District Facilities Fund.	out-of-gate:not-divided	
H0338	1987167	senate	1521642	2025-03-19	34-0	1	0	4	213	Read third time in full -- PASSED 34-0-1	Amends existing law to revise provisions regarding the Public School Facilities Cooperative Fund and the School District Facilities Fund.	EDUCATION -- Amends existing law to revise provisions regarding the Public School Facilities Cooperative Fund and the School District Facilities Fund.	out-of-gate:not-divided	
H0339	1987082	house	1534471	2025-04-02	55-10	2	1	4	276		Repeals and adds to existing law to establish provisions regarding the accuracy of voter registration information.	ELECTIONS -- Repeals and adds to existing law to establish provisions regarding the accuracy of voter registration information.	out-of-gate:not-divided	
H0339	1987082	senate	1531006	2025-03-31	27-7	1	1	4	276	Read third time as amended in the Senate -- PASSED 27-7-1	Repeals and adds to existing law to establish provisions regarding the accuracy of voter registration information.	ELECTIONS -- Repeals and adds to existing law to establish provisions regarding the accuracy of voter registration information.	batched:batch-03	imported in batch-03
H0341	1987599	house	1504007	2025-03-03	65-1	1	0	4	44		Relates to the maintenance appropriation to the State Board of Education for fiscal year 2026.	APPROPRIATIONS -- STATE BOARD OF EDUCATION -- Relates to the maintenance appropriation to the State Board of Education for fiscal year 2026.	out-of-gate:not-divided	
H0341	1987599	senate	1508242	2025-03-06	34-1	1	0	4	44	Read third time in full -- PASSED 34-1-0	Relates to the maintenance appropriation to the State Board of Education for fiscal year 2026.	APPROPRIATIONS -- STATE BOARD OF EDUCATION -- Relates to the maintenance appropriation to the State Board of Education for fiscal year 2026.	out-of-gate:not-divided	
H0345	1989005	house	1507931	2025-03-06	61-9	1	0	4	118	Read Third Time in Full -- PASSED 61-9-0	Amends, repeals, and adds to existing law to provide that legislative approval is required for certain state plan amendments and waivers and to provide legislat	MEDICAID -- Amends, repeals, and adds to existing law to provide that legislative approval is required for certain state plan amendments and waivers and to provide legislative approval for certain state plan amendments a	out-of-gate:not-divided	
H0345	1989005	senate	1514742	2025-03-11	29-6	1	0	4	118	Read in full as required) -- PASSED 29-6-0	Amends, repeals, and adds to existing law to provide that legislative approval is required for certain state plan amendments and waivers and to provide legislat	MEDICAID -- Amends, repeals, and adds to existing law to provide that legislative approval is required for certain state plan amendments and waivers and to provide legislative approval for certain state plan amendments a	out-of-gate:not-divided	
H0346	1988636	house	1506927	2025-03-05	48-22	1	0	4	119	Read Third Time in Full -- PASSED 48-22-0	Relates to the appropriation to the State Treasurer for fiscal year 2026.	APPROPRIATIONS -- STATE TREASURER -- Relates to the appropriation to the State Treasurer for fiscal year 2026.	excluded:appropriations	agency budget bill; appropriations are excluded by standing campaign rule
H0346	1988636	senate	1517441	2025-03-13	22-13	1	0	4	119	Read third time in full -- PASSED 22-13-0	Relates to the appropriation to the State Treasurer for fiscal year 2026.	APPROPRIATIONS -- STATE TREASURER -- Relates to the appropriation to the State Treasurer for fiscal year 2026.	excluded:appropriations	agency budget bill; appropriations are excluded by standing campaign rule
H0347	1988562	house	1506974	2025-03-05	43-27	1	0	4	120	Read Third Time in Full -- PASSED 43-27-0	Relates to the appropriation to the Office of the Secretary of State for fiscal year 2026.	APPROPRIATIONS -- OFFICE OF THE SECRETARY OF STATE -- Relates to the appropriation to the Office of the Secretary of State for fiscal year 2026.	excluded:appropriations	agency budget bill; appropriations are excluded by standing campaign rule
H0347	1988562	senate	1517443	2025-03-13	23-12	1	0	4	120	Read third time in full -- PASSED 23-12-0	Relates to the appropriation to the Office of the Secretary of State for fiscal year 2026.	APPROPRIATIONS -- OFFICE OF THE SECRETARY OF STATE -- Relates to the appropriation to the Office of the Secretary of State for fiscal year 2026.	excluded:appropriations	agency budget bill; appropriations are excluded by standing campaign rule
H0351	1989844	house	1508636	2025-03-07	56-13	1	0	2		Read Third Time in Full -- PASSED 56-13-1	Amends existing law to revise provisions regarding parental rights in education.	EDUCATION -- Amends existing law to revise provisions regarding parental rights in education.	out-of-gate:not-enacted	
H0352	1989756	house	1508831	2025-03-07	58-11	1	0	4	223	Read Third Time in Full -- PASSED 58-11-1	Amends existing law to revise provisions regarding parental rights in education.	EDUCATION -- Amends existing law to revise provisions regarding parental rights in education.	out-of-gate:not-divided	
H0352	1989756	senate	1526329	2025-03-25	29-6	1	0	4	223	Read third time in full -- PASSED 29-6-0	Amends existing law to revise provisions regarding parental rights in education.	EDUCATION -- Amends existing law to revise provisions regarding parental rights in education.	out-of-gate:not-divided	
H0354	1989601	house	1512006	2025-03-10	69-0	1	0	4	202	Read Third Time in Full -- PASSED 69-0-1	Amends existing law to revise provisions related to the assessment of market value and the homestead exemption.	PROPERTY TAXES -- Amends existing law to revise provisions related to the assessment of market value and the homestead exemption.	out-of-gate:not-divided	
H0354	1989601	senate	1521675	2025-03-19	34-0	1	0	4	202	Read third time in full -- PASSED 34-0-1	Amends existing law to revise provisions related to the assessment of market value and the homestead exemption.	PROPERTY TAXES -- Amends existing law to revise provisions related to the assessment of market value and the homestead exemption.	out-of-gate:not-divided	
H0355	1990216	house	1537258	2025-04-03	65-4	2	2	4	299		Amends existing law to revise provisions regarding the deferral of property tax.	TAXATION -- Amends existing law to revise provisions regarding the deferral of property tax.	superseded:last-roll-not-divided	
H0355	1990216	senate	1536139	2025-04-02	35-0	1	2	4	299	Read in full as required) -- PASSED 35-0-0	Amends existing law to revise provisions regarding the deferral of property tax.	TAXATION -- Amends existing law to revise provisions regarding the deferral of property tax.	out-of-gate:not-divided	
H0356	1990209	house	1537797	2025-04-04	64-0	2	1	4	326		Amends and adds to existing law to revise provisions regarding who may own certain property, to provide for prohibition on lease or purchase of certain land or	STATE ASSETS -- Amends and adds to existing law to revise provisions regarding who may own certain property, to provide for prohibition on lease or purchase of certain land or dwellings, and to provide for prohibition on	out-of-gate:not-divided	
H0356	1990209	senate	1537261	2025-04-03	30-2	1	1	4	326	Read in full as required) -- PASSED 30-2-3	Amends and adds to existing law to revise provisions regarding who may own certain property, to provide for prohibition on lease or purchase of certain land or	STATE ASSETS -- Amends and adds to existing law to revise provisions regarding who may own certain property, to provide for prohibition on lease or purchase of certain land or dwellings, and to provide for prohibition on	out-of-gate:not-divided	
H0357	1990258	house	1532698	2025-03-31	61-8	2	1	4	256	Read third time in full as amended in Senate -- PASSED 61-8-1	Adds to existing law to establish the America250 Commemoration Fund and the America250 Advisory Committee.	PUBLIC FUNDS -- Adds to existing law to establish the America250 Commemoration Fund and the America250 Advisory Committee.	out-of-gate:not-divided	
H0357	1990258	senate	1528419	2025-03-26	28-7	1	1	4	256	Read third time as amended in the Senate -- PASSED 28-7-0	Adds to existing law to establish the America250 Commemoration Fund and the America250 Advisory Committee.	PUBLIC FUNDS -- Adds to existing law to establish the America250 Commemoration Fund and the America250 Advisory Committee.	candidate:unbatched	
H0358	1990123	house	1516351	2025-03-12	69-0	1	0	4	203	Read Third Time in Full -- PASSED 69-0-1	Amends and adds to existing law to provide for certain reporting of agreements entered into by state agencies.	STATE CONTROLLER -- Amends and adds to existing law to provide for certain reporting of agreements entered into by state agencies.	out-of-gate:not-divided	
H0358	1990123	senate	1521656	2025-03-19	33-0	1	0	4	203	Read third time in full -- PASSED 33-0-2	Amends and adds to existing law to provide for certain reporting of agreements entered into by state agencies.	STATE CONTROLLER -- Amends and adds to existing law to provide for certain reporting of agreements entered into by state agencies.	out-of-gate:not-divided	
H0359	1990158	house	1522901	2025-03-20	39-31	1	1	2		Read third time in full as amended -- PASSED 39-31-0	Amends existing law to require the disclosure of political affiliation in certain election communications.	ELECTIONS -- Amends existing law to require the disclosure of political affiliation in certain election communications.	out-of-gate:not-enacted	
H0361	1990192	house	1517346	2025-03-13	66-0	1	0	4	204		Amends and adds to existing law to revise provisions regarding definitions and fee and financial disclosures and to establish provisions to provide for a period	HOMEOWNER'S ASSOCIATIONS -- Amends and adds to existing law to revise provisions regarding definitions and fee and financial disclosures and to establish provisions to provide for a period of declarant control, restricti	out-of-gate:not-divided	
H0361	1990192	senate	1525690	2025-03-24	35-0	1	0	4	204	Read third time in full -- PASSED 35-0-0	Amends and adds to existing law to revise provisions regarding definitions and fee and financial disclosures and to establish provisions to provide for a period	HOMEOWNER'S ASSOCIATIONS -- Amends and adds to existing law to revise provisions regarding definitions and fee and financial disclosures and to establish provisions to provide for a period of declarant control, restricti	out-of-gate:not-divided	
H0362	1991240	house	1515396	2025-03-11	43-27	1	0	2		Read Third Time in Full -- PASSED 43-27-0	Amends existing law to provide that subscribing to the oath of office for certain elective offices shall create a vacancy in certain other offices.	PUBLIC OFFICE -- Amends existing law to provide that subscribing to the oath of office for certain elective offices shall create a vacancy in certain other offices.	out-of-gate:not-enacted	
H0364	1991380	house	1509413	2025-03-10	43-23	1	0	2			Adds to existing law to establish the Department of Governmental Efficiency Task Force.	DEPARTMENT OF GOVERNMENTAL EFFICIENCY (DOGE) -- Adds to existing law to establish the Department of Governmental Efficiency Task Force.	out-of-gate:not-enacted	
H0365	1991296	house	1515389	2025-03-11	60-9	1	0	2		Read Third Time in Full -- PASSED 60-9-1	Adds to existing law to provide the Attorney General with concurrent investigative and prosecutorial power of violations of certain election laws.	ATTORNEY GENERAL -- Adds to existing law to provide the Attorney General with concurrent investigative and prosecutorial power of violations of certain election laws.	out-of-gate:not-enacted	
H0368	1992939	house	1531436	2025-03-31	55-15	2	1	4	257	Read third time in full as amended in Senate -- PASSED 55-15-0	Amends and adds to existing law to revise provisions regarding medical education programs supported by Idaho state funds.	MEDICAL EDUCATION -- Amends and adds to existing law to revise provisions regarding medical education programs supported by Idaho state funds.	dropped:selection	medical education seats moved away from WWAMI, no defensible direction
H0368	1992939	senate	1527923	2025-03-26	26-8	1	1	4	257	Read third time as amended in the Senate -- PASSED 26-8-1	Amends and adds to existing law to revise provisions regarding medical education programs supported by Idaho state funds.	MEDICAL EDUCATION -- Amends and adds to existing law to revise provisions regarding medical education programs supported by Idaho state funds.	dropped:selection	medical education seats moved away from WWAMI, no defensible direction
H0371	1993717	house	1515426	2025-03-11	39-30	1	0	4	168	Read Third Time in Full -- PASSED 39-30-1	Relates to the appropriation to the Endowment Fund Investment Board for fiscal year 2026.	APPROPRIATIONS -- ENDOWMENT FUND INVESTMENT BOARD -- Relates to the appropriation to the Endowment Fund Investment Board for fiscal year 2026.	excluded:appropriations	agency budget bill; appropriations are excluded by standing campaign rule
H0371	1993717	senate	1518610	2025-03-17	23-12	1	0	4	168	Read third time in full -- PASSED 23-12-0	Relates to the appropriation to the Endowment Fund Investment Board for fiscal year 2026.	APPROPRIATIONS -- ENDOWMENT FUND INVESTMENT BOARD -- Relates to the appropriation to the Endowment Fund Investment Board for fiscal year 2026.	excluded:appropriations	agency budget bill; appropriations are excluded by standing campaign rule
H0372	1993812	house	1515385	2025-03-11	54-15	1	0	4	157	Read Third Time in Full -- PASSED 54-15-1	Relates to the appropriation to the State Appellate Public Defender for fiscal year 2026.	APPROPRIATIONS -- STATE APPELLATE PUBLIC DEFENDER -- Relates to the appropriation to the State Appellate Public Defender for fiscal year 2026.	excluded:appropriations	agency budget bill; appropriations are excluded by standing campaign rule
H0372	1993812	senate	1518618	2025-03-17	28-7	1	0	4	157	Read third time in full -- PASSED 28-7-0	Relates to the appropriation to the State Appellate Public Defender for fiscal year 2026.	APPROPRIATIONS -- STATE APPELLATE PUBLIC DEFENDER -- Relates to the appropriation to the State Appellate Public Defender for fiscal year 2026.	excluded:appropriations	agency budget bill; appropriations are excluded by standing campaign rule
H0373	1993546	house	1514766	2025-03-11	47-22	1	0	4	158	Read Third Time in Full -- PASSED 47-22-1	Relates to the appropriation to the Division of Financial Management for fiscal year 2026.	APPROPRIATIONS -- DIVISION OF FINANCIAL MANAGEMENT -- Relates to the appropriation to the Division of Financial Management for fiscal year 2026.	excluded:appropriations	agency budget bill; appropriations are excluded by standing campaign rule
H0373	1993546	senate	1518632	2025-03-17	29-6	1	0	4	158	Read third time in full -- PASSED 29-6-0	Relates to the appropriation to the Division of Financial Management for fiscal year 2026.	APPROPRIATIONS -- DIVISION OF FINANCIAL MANAGEMENT -- Relates to the appropriation to the Division of Financial Management for fiscal year 2026.	out-of-gate:not-divided	
H0374	1993757	house	1514279	2025-03-11	42-27	1	0	4	146	Read Third Time in Full -- PASSED 42-27-1	Relates to the appropriation to the Agricultural Research and Extension Service for fiscal year 2026.	APPROPRIATIONS -- AGRICULTURAL RESEARCH AND EXTENSION SERVICE -- Relates to the appropriation to the Agricultural Research and Extension Service for fiscal year 2026.	excluded:appropriations	agency budget bill; appropriations are excluded by standing campaign rule
H0374	1993757	senate	1518621	2025-03-17	26-9	1	0	4	146	Read third time in full -- PASSED 26-9-0	Relates to the appropriation to the Agricultural Research and Extension Service for fiscal year 2026.	APPROPRIATIONS -- AGRICULTURAL RESEARCH AND EXTENSION SERVICE -- Relates to the appropriation to the Agricultural Research and Extension Service for fiscal year 2026.	excluded:appropriations	agency budget bill; appropriations are excluded by standing campaign rule
H0376	1994030	house	1517555	2025-03-13	56-10	1	0	2			Amends existing law to remove a provision regarding restrictions on the carrying of concealed weapons.	CONCEALED WEAPONS -- Amends existing law to remove a provision regarding restrictions on the carrying of concealed weapons.	out-of-gate:not-enacted	
H0377	1993586	house	1516359	2025-03-12	66-0	1	0	4	205		Amends existing law to revise provisions regarding the recall of city council members elected by district.	RECALL ELECTIONS -- Amends existing law to revise provisions regarding the recall of city council members elected by district.	out-of-gate:not-divided	
H0377	1993586	senate	1521717	2025-03-19	33-0	1	0	4	205	Read third time in full -- PASSED 33-0-2	Amends existing law to revise provisions regarding the recall of city council members elected by district.	RECALL ELECTIONS -- Amends existing law to revise provisions regarding the recall of city council members elected by district.	out-of-gate:not-divided	
H0378	1993630	house	1517451	2025-03-13	47-22	1	0	2		PASSED 47-22-1	Adds to existing law to require legislative candidates, legislators, and members-elect of the Legislature to report certain travel paid by others.	TRANSPARENCY IN LEGISLATIVE TRAVEL -- Adds to existing law to require legislative candidates, legislators, and members-elect of the Legislature to report certain travel paid by others.	out-of-gate:not-enacted	
H0380	1995108	house	1518930	2025-03-17	63-0	1	0	4	177		Amends and adds to existing law to establish provisions regarding the crime of aggravated lewd conduct with a minor child under sixteen, to establish provisions	LEWD CONDUCT -- Amends and adds to existing law to establish provisions regarding the crime of aggravated lewd conduct with a minor child under sixteen, to establish provisions regarding the crime of aggravated lewd cond	out-of-gate:not-divided	
H0380	1995108	senate	1525624	2025-03-24	30-5	1	0	4	177	Read third time in full -- PASSED 30-5-0	Amends and adds to existing law to establish provisions regarding the crime of aggravated lewd conduct with a minor child under sixteen, to establish provisions	LEWD CONDUCT -- Amends and adds to existing law to establish provisions regarding the crime of aggravated lewd conduct with a minor child under sixteen, to establish provisions regarding the crime of aggravated lewd cond	out-of-gate:not-divided	
H0381	1994937	house	1519187	2025-03-17	66-0	1	0	4	224	Read Third Time in Full -- PASSED 66-0-4	Amends existing law to require the State Tax Commission to provide certain notices to taxpayers regarding the substantiation of deductible expense.	TAXATION -- Amends existing law to require the State Tax Commission to provide certain notices to taxpayers regarding the substantiation of deductible expense.	out-of-gate:not-divided	
H0381	1994937	senate	1526310	2025-03-25	35-0	1	0	4	224	Read third time in full -- PASSED 35-0-0	Amends existing law to require the State Tax Commission to provide certain notices to taxpayers regarding the substantiation of deductible expense.	TAXATION -- Amends existing law to require the State Tax Commission to provide certain notices to taxpayers regarding the substantiation of deductible expense.	out-of-gate:not-divided	
H0386	1995075	house	1516350	2025-03-12	68-0	1	0	4	159	Read Third Time in Full -- PASSED 68-0-2	Amends existing law to revise provisions regarding Latah County boundaries and Shoshone County boundaries.	COUNTIES -- Amends existing law to revise provisions regarding Latah County boundaries and Shoshone County boundaries.	out-of-gate:not-divided	
H0386	1995075	senate	1521674	2025-03-19	33-0	1	0	4	159	Read third time in full -- PASSED 33-0-2	Amends existing law to revise provisions regarding Latah County boundaries and Shoshone County boundaries.	COUNTIES -- Amends existing law to revise provisions regarding Latah County boundaries and Shoshone County boundaries.	out-of-gate:not-divided	
H0389	1996756	house	1521350	2025-03-19	63-6	1	0	4	277	Read Third Time in Full -- PASSED 63-6-1	Amends and adds to existing law to provide that a fire burning out of control on federal land in Idaho is a nuisance and cost recovery actions related to such f	UNCONTROLLED FIRES -- Amends and adds to existing law to provide that a fire burning out of control on federal land in Idaho is a nuisance and cost recovery actions related to such fires are subject to a statute of limit	out-of-gate:not-divided	
H0389	1996756	senate	1533288	2025-04-01	32-1	1	0	4	277	Read third time in full -- PASSED 32-1-2	Amends and adds to existing law to provide that a fire burning out of control on federal land in Idaho is a nuisance and cost recovery actions related to such f	UNCONTROLLED FIRES -- Amends and adds to existing law to provide that a fire burning out of control on federal land in Idaho is a nuisance and cost recovery actions related to such fires are subject to a statute of limit	out-of-gate:not-divided	
H0390	1996704	house	1525650	2025-03-24	43-27	1	0	4	236	Read Third Time in Full -- PASSED 43-27-0	Relates to the appropriation to the Public Employee Retirement System for fiscal year 2026.	APPROPRIATIONS -- PERSI -- Relates to the appropriation to the Public Employee Retirement System for fiscal year 2026.	excluded:appropriations	agency budget bill; appropriations are excluded by standing campaign rule
H0390	1996704	senate	1529357	2025-03-27	22-11	1	0	4	236	Read third time in full -- PASSED 22-11-2	Relates to the appropriation to the Public Employee Retirement System for fiscal year 2026.	APPROPRIATIONS -- PERSI -- Relates to the appropriation to the Public Employee Retirement System for fiscal year 2026.	excluded:appropriations	agency budget bill; appropriations are excluded by standing campaign rule
H0391	1996664	house	1522883	2025-03-20	35-33	1	0	4	258	Read Third Time in Full -- PASSED 35-33-2	Relates to replacement items for the Commission for the Blind and Visually Impaired, the Office of the Lieutenant Governor, the Idaho State Lottery, the Brand I	APPROPRIATIONS -- Relates to replacement items for the Commission for the Blind and Visually Impaired, the Office of the Lieutenant Governor, the Idaho State Lottery, the Brand Inspection Division, the Commission of Pard	excluded:appropriations	agency budget bill; appropriations are excluded by standing campaign rule
H0391	1996664	senate	1529366	2025-03-27	22-13	1	0	4	258	Read third time in full -- PASSED 22-13-0 -Engelking	Relates to replacement items for the Commission for the Blind and Visually Impaired, the Office of the Lieutenant Governor, the Idaho State Lottery, the Brand I	APPROPRIATIONS -- Relates to replacement items for the Commission for the Blind and Visually Impaired, the Office of the Lieutenant Governor, the Idaho State Lottery, the Brand Inspection Division, the Commission of Pard	excluded:appropriations	agency budget bill; appropriations are excluded by standing campaign rule
H0395	1996627	house	1528039	2025-03-26	62-8	1	1	2			Adds to existing law to provide for competitive procurement of electric services and electric ratepayer protection.	PUBLIC UTILITIES -- Adds to existing law to provide for competitive procurement of electric services and electric ratepayer protection.	out-of-gate:not-enacted	
H0396	1999780	house	1520118	2025-03-18	62-6	1	0	4	278	Read Third Time in Full -- PASSED 62-6-2	Amends and adds to existing law to revise provisions regarding transportation funding for public schools.	EDUCATION -- Amends and adds to existing law to revise provisions regarding transportation funding for public schools.	out-of-gate:not-divided	
H0396	1999780	senate	1533328	2025-04-01	33-0	1	0	4	278	Read third time in full -- PASSED 33-0-2	Amends and adds to existing law to revise provisions regarding transportation funding for public schools.	EDUCATION -- Amends and adds to existing law to revise provisions regarding transportation funding for public schools.	out-of-gate:not-divided	
H0397	1999884	house	1518560	2025-03-17	64-3	1	0	4	279	Read Third Time in Full -- PASSED 64-3-3	Amends existing law to revise provisions regarding civics instruction.	EDUCATION -- Amends existing law to revise provisions regarding civics instruction.	out-of-gate:not-divided	
H0397	1999884	senate	1532717	2025-04-01	32-1	1	0	4	279	Read third time in full -- PASSED 32-1-2	Amends existing law to revise provisions regarding civics instruction.	EDUCATION -- Amends existing law to revise provisions regarding civics instruction.	out-of-gate:not-divided	
H0398	1999989	house	1525975	2025-03-25	54-14	1	0	4	280		Amends, repeals, and adds to existing law to establish provisions governing lobbying and lobbyists.	LOBBYISTS -- Amends, repeals, and adds to existing law to establish provisions governing lobbying and lobbyists.	batched:batch-01	imported in batch-01
H0398	1999989	senate	1536122	2025-04-02	27-8	1	0	4	280	Read third time in full -- PASSED 27-8-0	Amends, repeals, and adds to existing law to establish provisions governing lobbying and lobbyists.	LOBBYISTS -- Amends, repeals, and adds to existing law to establish provisions governing lobbying and lobbyists.	batched:batch-01	imported in batch-01
H0402	2006591	house	1522866	2025-03-20	65-5	1	0	4	259		Amends existing law to revise provisions regarding documents that may be used to prove identity and citizenship status.	TRANSPORTATION -- Amends existing law to revise provisions regarding documents that may be used to prove identity and citizenship status.	out-of-gate:not-divided	
H0402	2006591	senate	1532773	2025-04-01	33-0	1	0	4	259	Read third time in full -- PASSED 33-0-2	Amends existing law to revise provisions regarding documents that may be used to prove identity and citizenship status.	TRANSPORTATION -- Amends existing law to revise provisions regarding documents that may be used to prove identity and citizenship status.	out-of-gate:not-divided	
H0403	2006366	house	1522809	2025-03-20	49-21	1	0	2			Amends existing law to require a person to apply for a driver's license, register vehicles, and obtain a certificate of vehicle title within thirty days of beco	TRANSPORTATION -- Amends existing law to require a person to apply for a driver's license, register vehicles, and obtain a certificate of vehicle title within thirty days of becoming an Idaho resident.	out-of-gate:not-enacted	
H0409	2006943	house	1519190	2025-03-17	59-6	1	0	2			Amends existing law to revise provisions regarding the length and scope of a declaration of emergency by the governor.	THE GOVERNOR AND DISASTER EMERGENCIES -- Amends existing law to revise provisions regarding the length and scope of a declaration of emergency by the governor.	out-of-gate:not-enacted	
H0410	2008277	house	1523872	2025-03-20	52-18	1	0	2			Amends and adds to existing law to revise provisions regarding criminal history checks for school district employees and to establish provisions regarding a sch	EDUCATION -- Amends and adds to existing law to revise provisions regarding criminal history checks for school district employees and to establish provisions regarding a school chaplain policy.	out-of-gate:not-enacted	
H0413	2010107	house	1525611	2025-03-24	65-4	1	0	2			Adds to existing law to provide for the Idaho personnel reduction act and to provide for the reporting of state employee travel expenses.	STATE BUDGET -- Adds to existing law to provide for the Idaho personnel reduction act and to provide for the reporting of state employee travel expenses.	out-of-gate:not-enacted	
H0415	2010291	house	1526872	2025-03-25	46-23	1	0	2		Read Third Time in Full -- PASSED 46-23-1	Adds to existing law to provide restrictions on ownership of energy infrastructure in Idaho.	PUBLIC UTILITY INFRASTRUCTURE -- Adds to existing law to provide restrictions on ownership of energy infrastructure in Idaho.	out-of-gate:not-enacted	
H0416	2010971	house	1524175	2025-03-21	52-17	1	0	2			Adds to existing law to provide that funds appropriated to public schools shall be used for the purposes identified in statute or in an appropriation.	EDUCATION -- Adds to existing law to provide that funds appropriated to public schools shall be used for the purposes identified in statute or in an appropriation.	out-of-gate:not-enacted	
H0417	2011086	house	1524500	2025-03-21	50-20	1	0	4	260		Relates to the appropriation to the State Board of Education for community colleges for fiscal year 2026.	APPROPRIATIONS -- STATE BOARD OF EDUCATION -- COMMUNITY COLLEGES -- Relates to the appropriation to the State Board of Education for community colleges for fiscal year 2026.	excluded:appropriations	agency budget bill; appropriations are excluded by standing campaign rule
H0417	2011086	senate	1529346	2025-03-27	30-5	1	0	4	260	Read third time in full -- PASSED 30-5-0 -Engelking	Relates to the appropriation to the State Board of Education for community colleges for fiscal year 2026.	APPROPRIATIONS -- STATE BOARD OF EDUCATION -- COMMUNITY COLLEGES -- Relates to the appropriation to the State Board of Education for community colleges for fiscal year 2026.	out-of-gate:not-divided	
H0418	2010993	house	1524506	2025-03-21	36-33	1	0	4	261		Relates to the appropriation to the Division of Career Technical Education for fiscal year 2026.	APPROPRIATIONS -- DIVISION OF CAREER TECHNICAL EDUCATION -- Relates to the appropriation to the Division of Career Technical Education for fiscal year 2026.	excluded:appropriations	agency budget bill; appropriations are excluded by standing campaign rule
H0418	2010993	senate	1529751	2025-03-27	27-7	1	0	4	261	Read third time in full -- PASSED 27-7-1	Relates to the appropriation to the Division of Career Technical Education for fiscal year 2026.	APPROPRIATIONS -- DIVISION OF CAREER TECHNICAL EDUCATION -- Relates to the appropriation to the Division of Career Technical Education for fiscal year 2026.	excluded:appropriations	agency budget bill; appropriations are excluded by standing campaign rule
H0419	2011066	house	1525668	2025-03-24	39-31	1	0	4	237	Read Third Time in Full -- PASSED 39-31-0	Relates to the appropriation to the Department of Parks and Recreation for fiscal year 2026.	APPROPRIATIONS -- DEPARTMENT OF PARKS AND RECREATION -- Relates to the appropriation to the Department of Parks and Recreation for fiscal year 2026.	excluded:appropriations	agency budget bill; appropriations are excluded by standing campaign rule
H0419	2011066	senate	1529361	2025-03-27	22-11	1	0	4	237	Read third time in full -- PASSED 22-11-2	Relates to the appropriation to the Department of Parks and Recreation for fiscal year 2026.	APPROPRIATIONS -- DEPARTMENT OF PARKS AND RECREATION -- Relates to the appropriation to the Department of Parks and Recreation for fiscal year 2026.	excluded:appropriations	agency budget bill; appropriations are excluded by standing campaign rule
H0420	2010944	house	1525649	2025-03-24	69-1	1	0	4	262	Read Third Time in Full -- PASSED 69-1-0	Relates to the appropriation to the STEM Action Center for fiscal year 2026.	APPROPRIATIONS -- STEM ACTION CENTER -- Relates to the appropriation to the STEM Action Center for fiscal year 2026.	out-of-gate:not-divided	
H0420	2010944	senate	1529363	2025-03-27	31-2	1	0	4	262	Read third time in full -- PASSED 31-2-2 -Engelking	Relates to the appropriation to the STEM Action Center for fiscal year 2026.	APPROPRIATIONS -- STEM ACTION CENTER -- Relates to the appropriation to the STEM Action Center for fiscal year 2026.	out-of-gate:not-divided	
H0422	2011041	house	1532635	2025-03-31	65-2	1	0	2		Read Third Time in Full -- PASSED 65-2-3	Amends House Bill 47 to revise provisions regarding the release of adoption information to adoptees.	ADOPTIONS -- Amends House Bill 47 to revise provisions regarding the release of adoption information to adoptees.	out-of-gate:not-enacted	
H0425	2011766	house	1525659	2025-03-24	50-20	1	0	4	247	Read Third Time in Full -- PASSED 50-20-0	Relates to the appropriation to the Department of Administration for the Division of Public Works for fiscal year 2026.	APPROPRIATIONS -- DEPARTMENT OF ADMINISTRATION -- PERMANENT BUILDING FUND -- Relates to the appropriation to the Department of Administration for the Division of Public Works for fiscal year 2026.	excluded:appropriations	agency budget bill; appropriations are excluded by standing campaign rule
H0425	2011766	senate	1529368	2025-03-27	25-10	1	0	4	247	Read third time in full -- PASSED 25-10-0	Relates to the appropriation to the Department of Administration for the Division of Public Works for fiscal year 2026.	APPROPRIATIONS -- DEPARTMENT OF ADMINISTRATION -- PERMANENT BUILDING FUND -- Relates to the appropriation to the Department of Administration for the Division of Public Works for fiscal year 2026.	excluded:appropriations	agency budget bill; appropriations are excluded by standing campaign rule
H0426	2011729	house	1525663	2025-03-24	38-32	1	0	4	263	Read Third Time in Full -- PASSED 38-32-0	Relates to the appropriation to the Office of the State Controller for fiscal year 2026.	APPROPRIATIONS -- STATE CONTROLLER -- Relates to the appropriation to the Office of the State Controller for fiscal year 2026.	excluded:appropriations	agency budget bill; appropriations are excluded by standing campaign rule
H0426	2011729	senate	1530087	2025-03-28	23-12	1	0	4	263	Read third time in full -- PASSED 23-12-0	Relates to the appropriation to the Office of the State Controller for fiscal year 2026.	APPROPRIATIONS -- STATE CONTROLLER -- Relates to the appropriation to the Office of the State Controller for fiscal year 2026.	excluded:appropriations	agency budget bill; appropriations are excluded by standing campaign rule
H0427	2011958	house	1525676	2025-03-24	49-19	1	0	4	253	Read Third Time in Full -- PASSED 49-19-2	Relates to the appropriation to the Military Division and the Department of Health and Welfare for the Public Health Services Division for fiscal year 2026.	APPROPRIATIONS -- MILITARY DIVISION -- DEPARTMENT OF HEALTH AND WELFARE -- Relates to the appropriation to the Military Division and the Department of Health and Welfare for the Public Health Services Division for fiscal	excluded:appropriations	agency budget bill; appropriations are excluded by standing campaign rule
H0427	2011958	senate	1532358	2025-03-31	25-10	1	0	4	253	Read third time in full -- PASSED 25-10-0	Relates to the appropriation to the Military Division and the Department of Health and Welfare for the Public Health Services Division for fiscal year 2026.	APPROPRIATIONS -- MILITARY DIVISION -- DEPARTMENT OF HEALTH AND WELFARE -- Relates to the appropriation to the Military Division and the Department of Health and Welfare for the Public Health Services Division for fiscal	excluded:appropriations	agency budget bill; appropriations are excluded by standing campaign rule
H0435	2012618	house	1525376	2025-03-24	68-0	1	0	2			Amends House Bill 40, House Bill 304, and existing law to revise provisions regarding certain tax deductions, certain corporate income tax rates, certain protec	TAXATION -- Amends House Bill 40, House Bill 304, and existing law to revise provisions regarding certain tax deductions, certain corporate income tax rates, certain protections for taxpayers, and certain sales tax distr	out-of-gate:not-enacted	
H0436	2012604	house	1532260	2025-03-31	57-13	1	0	4	300	PASSED 57-13-0	Amends and adds to existing law to provide for the dissolution of urban renewal agencies and termination of urban renewal plans and to allow fire protection dis	URBAN RENEWAL -- Amends and adds to existing law to provide for the dissolution of urban renewal agencies and termination of urban renewal plans and to allow fire protection districts and ambulance service districts to o	out-of-gate:not-divided	
H0436	2012604	senate	1537176	2025-04-03	28-7	1	0	4	300	Read in full as required) -- PASSED 28-7-0	Amends and adds to existing law to provide for the dissolution of urban renewal agencies and termination of urban renewal plans and to allow fire protection dis	URBAN RENEWAL -- Amends and adds to existing law to provide for the dissolution of urban renewal agencies and termination of urban renewal plans and to allow fire protection districts and ambulance service districts to o	candidate:unbatched	
H0439	2013197	house	1528036	2025-03-26	61-9	1	0	4	281	Read Third Time in Full -- PASSED 61-9-0	Relates to the appropriation to the Department of Administration for fiscal year 2026.	APPROPRIATIONS -- DEPARTMENT OF ADMINISTRATION -- Relates to the appropriation to the Department of Administration for fiscal year 2026.	out-of-gate:not-divided	
H0439	2013197	senate	1534923	2025-04-02	32-3	1	0	4	281	Read in full as required) -- PASSED 32-3-0	Relates to the appropriation to the Department of Administration for fiscal year 2026.	APPROPRIATIONS -- DEPARTMENT OF ADMINISTRATION -- Relates to the appropriation to the Department of Administration for fiscal year 2026.	out-of-gate:not-divided	
H0443	2014482	house	1528451	2025-03-26	33-37	1	0	1			Relates to the appropriation to the Office of the State Board of Education for fiscal years 2025 and 2026.	APPROPRIATIONS -- OFFICE OF THE STATE BOARD OF EDUCATION -- Relates to the appropriation to the Office of the State Board of Education for fiscal years 2025 and 2026.	out-of-gate:not-enacted	
H0444	2014426	house	1528412	2025-03-26	47-22	1	0	4	264		Relates to the appropriation to the Department of Lands for fiscal years 2025 and 2026.	APPROPRIATIONS -- DEPARTMENT OF LANDS -- Relates to the appropriation to the Department of Lands for fiscal years 2025 and 2026.	excluded:appropriations	agency budget bill; appropriations are excluded by standing campaign rule
H0444	2014426	senate	1532679	2025-03-31	24-11	1	0	4	264	Read third time in full -- PASSED 24-11-0	Relates to the appropriation to the Department of Lands for fiscal years 2025 and 2026.	APPROPRIATIONS -- DEPARTMENT OF LANDS -- Relates to the appropriation to the Department of Lands for fiscal years 2025 and 2026.	excluded:appropriations	agency budget bill; appropriations are excluded by standing campaign rule
H0445	2014583	house	1529750	2025-03-27	56-13	1	0	4	282	Read Third Time in Full -- PASSED 56-13-1	Relates to the appropriation to the Department of Water Resources for fiscal year 2026.	APPROPRIATIONS -- DEPARTMENT OF WATER RESOURCES -- Relates to the appropriation to the Department of Water Resources for fiscal year 2026.	out-of-gate:not-divided	
H0445	2014583	senate	1534001	2025-04-01	23-12	1	0	4	282	Read in full as required) -- PASSED 23-12-0	Relates to the appropriation to the Department of Water Resources for fiscal year 2026.	APPROPRIATIONS -- DEPARTMENT OF WATER RESOURCES -- Relates to the appropriation to the Department of Water Resources for fiscal year 2026.	excluded:appropriations	agency budget bill; appropriations are excluded by standing campaign rule
H0448	2014540	house	1528354	2025-03-26	43-26	1	0	4	265		Relates to the appropriation to the Department of Finance for fiscal year 2026.	APPROPRIATIONS -- DEPARTMENT OF FINANCE -- Relates to the appropriation to the Department of Finance for fiscal year 2026.	excluded:appropriations	agency budget bill; appropriations are excluded by standing campaign rule
H0448	2014540	senate	1532663	2025-03-31	23-12	1	0	4	265	Read third time in full -- PASSED 23-12-0	Relates to the appropriation to the Department of Finance for fiscal year 2026.	APPROPRIATIONS -- DEPARTMENT OF FINANCE -- Relates to the appropriation to the Department of Finance for fiscal year 2026.	excluded:appropriations	agency budget bill; appropriations are excluded by standing campaign rule
H0449	2014610	house	1528428	2025-03-26	32-33	1	0	1			Relates to the appropriation to the Public Schools Educational Support Program's Division of Central Services for fiscal year 2026.	APPROPRIATIONS -- PUBLIC SCHOOLS -- CENTRAL SERVICES -- Relates to the appropriation to the Public Schools Educational Support Program's Division of Central Services for fiscal year 2026.	out-of-gate:not-enacted	
H0450	2014438	house	1528038	2025-03-26	39-26	1	0	2			Relates to the appropriation to the Department of Fish and Game for fiscal years 2025 and 2026.	APPROPRIATIONS -- DEPARTMENT OF FISH AND GAME -- Relates to the appropriation to the Department of Fish and Game for fiscal years 2025 and 2026.	out-of-gate:not-enacted	
H0450	2014438	senate	1531362	2025-03-31	16-19	1	0	2		Read third time in full -- FAILED 16-19-0	Relates to the appropriation to the Department of Fish and Game for fiscal years 2025 and 2026.	APPROPRIATIONS -- DEPARTMENT OF FISH AND GAME -- Relates to the appropriation to the Department of Fish and Game for fiscal years 2025 and 2026.	out-of-gate:not-enacted	
H0451	2014418	house	1528409	2025-03-26	55-13	1	0	4	266		Relates to the appropriation to the Public Schools Educational Support Program's Division of Educational Services for the Deaf and the Blind for fiscal year 202	APPROPRIATIONS -- PUBLIC SCHOOLS -- EDUCATIONAL SERVICES FOR THE DEAF AND THE BLIND -- Relates to the appropriation to the Public Schools Educational Support Program's Division of Educational Services for the Deaf and th	out-of-gate:not-divided	
H0451	2014418	senate	1532615	2025-03-31	27-8	1	0	4	266	Read third time in full -- PASSED 27-8-0	Relates to the appropriation to the Public Schools Educational Support Program's Division of Educational Services for the Deaf and the Blind for fiscal year 202	APPROPRIATIONS -- PUBLIC SCHOOLS -- EDUCATIONAL SERVICES FOR THE DEAF AND THE BLIND -- Relates to the appropriation to the Public Schools Educational Support Program's Division of Educational Services for the Deaf and th	excluded:appropriations	agency budget bill; appropriations are excluded by standing campaign rule
H0452	2014454	house	1528016	2025-03-26	51-15	1	0	4	267		Relates to the appropriation to the Public Schools Educational Support Program's Division of the Idaho Digital Learning Academy for fiscal year 2026.	APPROPRIATIONS -- PUBLIC SCHOOLS -- IDAHO DIGITAL LEARNING ACADEMY DIVISION -- Relates to the appropriation to the Public Schools Educational Support Program's Division of the Idaho Digital Learning Academy for fiscal ye	excluded:appropriations	agency budget bill; appropriations are excluded by standing campaign rule
H0452	2014454	senate	1531338	2025-03-31	27-8	1	0	4	267	Read third time in full -- PASSED 27-8-0	Relates to the appropriation to the Public Schools Educational Support Program's Division of the Idaho Digital Learning Academy for fiscal year 2026.	APPROPRIATIONS -- PUBLIC SCHOOLS -- IDAHO DIGITAL LEARNING ACADEMY DIVISION -- Relates to the appropriation to the Public Schools Educational Support Program's Division of the Idaho Digital Learning Academy for fiscal ye	excluded:appropriations	agency budget bill; appropriations are excluded by standing campaign rule
H0453	2014468	house	1528433	2025-03-26	66-0	1	0	4	268		Relates to the appropriation to the Public Schools Educational Support Program's Division of Facilities for fiscal year 2026.	APPROPRIATIONS -- PUBLIC SCHOOLS -- FACILITIES DIVISION -- Relates to the appropriation to the Public Schools Educational Support Program's Division of Facilities for fiscal year 2026.	out-of-gate:not-divided	
H0453	2014468	senate	1531322	2025-03-31	33-1	1	0	4	268	Read third time in full -- PASSED 33-1-1	Relates to the appropriation to the Public Schools Educational Support Program's Division of Facilities for fiscal year 2026.	APPROPRIATIONS -- PUBLIC SCHOOLS -- FACILITIES DIVISION -- Relates to the appropriation to the Public Schools Educational Support Program's Division of Facilities for fiscal year 2026.	out-of-gate:not-divided	
H0454	2014566	house	1528076	2025-03-26	66-0	1	0	4	269		Relates to the appropriation to the Public Schools Educational Support Program's Division of Teachers for fiscal year 2026.	APPROPRIATIONS -- PUBLIC SCHOOLS -- DIVISION OF TEACHERS -- Relates to the appropriation to the Public Schools Educational Support Program's Division of Teachers for fiscal year 2026.	out-of-gate:not-divided	
H0454	2014566	senate	1532727	2025-03-31	33-1	1	0	4	269	Read third time in full -- PASSED 33-1-1 -Engelking	Relates to the appropriation to the Public Schools Educational Support Program's Division of Teachers for fiscal year 2026.	APPROPRIATIONS -- PUBLIC SCHOOLS -- DIVISION OF TEACHERS -- Relates to the appropriation to the Public Schools Educational Support Program's Division of Teachers for fiscal year 2026.	out-of-gate:not-divided	
H0455	2014624	house	1537309	2025-04-03	49-20	1	0	4	319	Read Third Time in Full -- PASSED 49-20-1	Relates to the appropriation to the Department of Environmental Quality for fiscal years 2025 and 2026.	APPROPRIATIONS -- DEPARTMENT OF ENVIRONMENTAL QUALITY -- Relates to the appropriation to the Department of Environmental Quality for fiscal years 2025 and 2026.	excluded:appropriations	agency budget bill; appropriations are excluded by standing campaign rule
H0455	2014624	senate	1537310	2025-04-03	25-10	1	0	4	319	Read in full as required) -- PASSED 25-10-0	Relates to the appropriation to the Department of Environmental Quality for fiscal years 2025 and 2026.	APPROPRIATIONS -- DEPARTMENT OF ENVIRONMENTAL QUALITY -- Relates to the appropriation to the Department of Environmental Quality for fiscal years 2025 and 2026.	excluded:appropriations	agency budget bill; appropriations are excluded by standing campaign rule
H0457	2015219	house	1529353	2025-03-27	68-0	1	0	4	283		Adds to existing law to provide that certain fees related to animal adoption and rescue are not subject to sales and use taxes.	TAXATION -- Adds to existing law to provide that certain fees related to animal adoption and rescue are not subject to sales and use taxes.	out-of-gate:not-divided	
H0457	2015219	senate	1534812	2025-04-02	35-0	1	0	4	283	Read in full as required) -- PASSED 35-0-0	Adds to existing law to provide that certain fees related to animal adoption and rescue are not subject to sales and use taxes.	TAXATION -- Adds to existing law to provide that certain fees related to animal adoption and rescue are not subject to sales and use taxes.	out-of-gate:not-divided	
H0459	2015327	house	1530459	2025-03-28	68-0	1	0	4	284		Relates to the appropriation to the Department of Labor for fiscal year 2026.	APPROPRIATIONS -- DEPARTMENT OF LABOR -- Relates to the appropriation to the Department of Labor for fiscal year 2026.	out-of-gate:not-divided	
H0459	2015327	senate	1533341	2025-04-01	34-0	1	0	4	284	Read in full as required) -- PASSED 34-0-1	Relates to the appropriation to the Department of Labor for fiscal year 2026.	APPROPRIATIONS -- DEPARTMENT OF LABOR -- Relates to the appropriation to the Department of Labor for fiscal year 2026.	out-of-gate:not-divided	
H0460	2015453	house	1530092	2025-03-28	49-20	1	0	4	285		Relates to the appropriation to the Division of Vocational Rehabilitation for fiscal years 2025 and 2026.	APPROPRIATIONS -- DIVISION OF VOCATIONAL REHABILITATION -- Relates to the appropriation to the Division of Vocational Rehabilitation for fiscal years 2025 and 2026.	excluded:appropriations	agency budget bill; appropriations are excluded by standing campaign rule
H0460	2015453	senate	1534308	2025-04-01	25-9	1	0	4	285	Read in full as required) -- PASSED 25-9-1	Relates to the appropriation to the Division of Vocational Rehabilitation for fiscal years 2025 and 2026.	APPROPRIATIONS -- DIVISION OF VOCATIONAL REHABILITATION -- Relates to the appropriation to the Division of Vocational Rehabilitation for fiscal years 2025 and 2026.	excluded:appropriations	agency budget bill; appropriations are excluded by standing campaign rule
H0461	2015792	house	1530428	2025-03-28	51-16	1	0	2			Amends existing law to revise provisions regarding the Idaho Launch Grant Program and the In-Demand Careers Fund.	EDUCATION -- Amends existing law to revise provisions regarding the Idaho Launch Grant Program and the In-Demand Careers Fund.	out-of-gate:not-enacted	
H0463	2015922	house	1534363	2025-04-01	69-0	1	0	2			Amends existing law to revise provisions regarding termination of parent and child relationships.	JUVENILE PROCEEDINGS -- Amends existing law to revise provisions regarding termination of parent and child relationships.	out-of-gate:not-enacted	
H0464	2016066	house	1531033	2025-03-31	46-24	1	0	4	286	Read Third Time in Full -- PASSED 46-24-0	Relates to the appropriation to the State Department of Education for fiscal years 2025 and 2026.	APPROPRIATIONS -- DEPARTMENT OF EDUCATION -- Relates to the appropriation to the State Department of Education for fiscal years 2025 and 2026.	excluded:appropriations	agency budget bill; appropriations are excluded by standing campaign rule
H0464	2016066	senate	1532854	2025-04-01	24-9	1	0	4	286	Read in full as required) -- PASSED 24-9-2 -Engelking	Relates to the appropriation to the State Department of Education for fiscal years 2025 and 2026.	APPROPRIATIONS -- DEPARTMENT OF EDUCATION -- Relates to the appropriation to the State Department of Education for fiscal years 2025 and 2026.	excluded:appropriations	agency budget bill; appropriations are excluded by standing campaign rule
H0465	2016040	house	1532690	2025-03-31	50-20	1	0	4	287	Read Third Time in Full -- PASSED 50-20-0	Relates to the appropriation to the Public Schools Educational Support Program's Division of Student Support for fiscal years 2025 and 2026.	APPROPRIATIONS -- PUBLIC SCHOOLS -- DIVISION OF STUDENT SUPPORT -- Relates to the appropriation to the Public Schools Educational Support Program's Division of Student Support for fiscal years 2025 and 2026.	excluded:appropriations	agency budget bill; appropriations are excluded by standing campaign rule
H0465	2016040	senate	1532691	2025-04-01	27-6	1	0	4	287	Read in full as required) -- PASSED 27-6-2 -Engelking	Relates to the appropriation to the Public Schools Educational Support Program's Division of Student Support for fiscal years 2025 and 2026.	APPROPRIATIONS -- PUBLIC SCHOOLS -- DIVISION OF STUDENT SUPPORT -- Relates to the appropriation to the Public Schools Educational Support Program's Division of Student Support for fiscal years 2025 and 2026.	out-of-gate:not-divided	
H0466	2016015	house	1532684	2025-03-31	65-5	1	0	4	288	Read Third Time in Full -- PASSED 65-5-0	Relates to the appropriation to the Idaho State Historical Society State Treasurer for fiscal year 2025.	APPROPRIATIONS -- STATE HISTORICAL SOCIETY TREASURER -- Relates to the appropriation to the Idaho State Historical Society State Treasurer for fiscal year 2025.	out-of-gate:not-divided	
H0466	2016015	senate	1532685	2025-04-01	29-4	1	0	4	288	Read in full as required) -- PASSED 29-4-2	Relates to the appropriation to the Idaho State Historical Society State Treasurer for fiscal year 2025.	APPROPRIATIONS -- STATE HISTORICAL SOCIETY TREASURER -- Relates to the appropriation to the Idaho State Historical Society State Treasurer for fiscal year 2025.	out-of-gate:not-divided	
H0468	2016534	house	1533093	2025-04-01	41-28	1	0	4	289		Relates to the appropriation to the Industrial Commission for fiscal years 2025 and 2026.	APPROPRIATIONS -- INDUSTRIAL COMMISSION -- Relates to the appropriation to the Industrial Commission for fiscal years 2025 and 2026.	excluded:appropriations	agency budget bill; appropriations are excluded by standing campaign rule
H0468	2016534	senate	1534636	2025-04-02	24-11	1	0	4	289	Read in full as required) -- PASSED 24-11-0	Relates to the appropriation to the Industrial Commission for fiscal years 2025 and 2026.	APPROPRIATIONS -- INDUSTRIAL COMMISSION -- Relates to the appropriation to the Industrial Commission for fiscal years 2025 and 2026.	excluded:appropriations	agency budget bill; appropriations are excluded by standing campaign rule
H0469	2016358	house	1533006	2025-04-01	69-0	1	0	4	290		Relates to the appropriation to the Idaho Transportation Department for fiscal year 2026.	APPROPRIATIONS -- IDAHO TRANSPORTATION DEPARTMENT -- Relates to the appropriation to the Idaho Transportation Department for fiscal year 2026.	out-of-gate:not-divided	
H0469	2016358	senate	1534600	2025-04-02	35-0	1	0	4	290	Read in full as required) -- PASSED 35-0-0	Relates to the appropriation to the Idaho Transportation Department for fiscal year 2026.	APPROPRIATIONS -- IDAHO TRANSPORTATION DEPARTMENT -- Relates to the appropriation to the Idaho Transportation Department for fiscal year 2026.	out-of-gate:not-divided	
H0470	2017958	house	1535860	2025-04-02	65-0	1	0	2			Adds to existing law to provide for the Idaho personnel reduction act and to provide for the reporting of state employee travel expenses.	STATE BUDGET -- Adds to existing law to provide for the Idaho personnel reduction act and to provide for the reporting of state employee travel expenses.	out-of-gate:not-enacted	
H0471	2018097	house	1535900	2025-04-02	58-10	1	0	2			Amends existing law to revise provisions regarding the election of commissioners in certain single countywide highway districts.	SINGLE COUNTYWIDE HIGHWAY DISTRICTS -- Amends existing law to revise provisions regarding the election of commissioners in certain single countywide highway districts.	out-of-gate:not-enacted	
H0472	2018242	house	1535885	2025-04-02	46-21	1	0	2			Amends existing law to prohibit medical mandates under certain conditions.	IDAHO MEDICAL FREEDOM ACT -- Amends existing law to prohibit medical mandates under certain conditions.	out-of-gate:not-enacted	
H0475	2018574	house	1534558	2025-04-02	31-35	1	0	1			Relates to the appropriation to the Public Schools Educational Support Program's Division of Central Services for fiscal year 2026.	APPROPRIATIONS -- PUBLIC SCHOOLS -- CENTRAL SERVICES -- Relates to the appropriation to the Public Schools Educational Support Program's Division of Central Services for fiscal year 2026.	out-of-gate:not-enacted	
H0476	2018478	house	1534561	2025-04-02	40-27	1	0	4	327		Relates to the appropriation to the Office of the State Board of Education for fiscal years 2025 and 2026.	APPROPRIATIONS -- OFFICE OF THE STATE BOARD OF EDUCATION -- Relates to the appropriation to the Office of the State Board of Education for fiscal years 2025 and 2026.	excluded:appropriations	agency budget bill; appropriations are excluded by standing campaign rule
H0476	2018478	senate	1537317	2025-04-03	22-13	1	0	4	327	Read in full as required) -- PASSED 22-13-0	Relates to the appropriation to the Office of the State Board of Education for fiscal years 2025 and 2026.	APPROPRIATIONS -- OFFICE OF THE STATE BOARD OF EDUCATION -- Relates to the appropriation to the Office of the State Board of Education for fiscal years 2025 and 2026.	excluded:appropriations	agency budget bill; appropriations are excluded by standing campaign rule
H0477	2018540	house	1534568	2025-04-02	50-17	1	0	4	301		Relates to the appropriation to the Department of Health and Welfare for fiscal year 2026.	APPROPRIATIONS -- DEPARTMENT OF HEALTH AND WELFARE -- FOSTER AND ASSISTANCE PAYMENT PROGRAM -- Relates to the appropriation to the Department of Health and Welfare for fiscal year 2026.	excluded:appropriations	agency budget bill; appropriations are excluded by standing campaign rule
H0477	2018540	senate	1537322	2025-04-03	30-5	1	0	4	301	Read in full as required) -- PASSED 30-5-0	Relates to the appropriation to the Department of Health and Welfare for fiscal year 2026.	APPROPRIATIONS -- DEPARTMENT OF HEALTH AND WELFARE -- FOSTER AND ASSISTANCE PAYMENT PROGRAM -- Relates to the appropriation to the Department of Health and Welfare for fiscal year 2026.	out-of-gate:not-divided	
H0479	2018511	house	1534556	2025-04-02	66-0	1	0	4	302		Amends House Bill 40, House Bill 304, and existing law to revise provisions regarding certain tax deductions, certain corporate income tax rates, certain protec	TAXATION -- Amends House Bill 40, House Bill 304, and existing law to revise provisions regarding certain tax deductions, certain corporate income tax rates, certain protections for taxpayers, and certain sales tax distr	out-of-gate:not-divided	
H0479	2018511	senate	1537320	2025-04-03	34-0	1	0	4	302	Read in full as required) -- PASSED 34-0-1	Amends House Bill 40, House Bill 304, and existing law to revise provisions regarding certain tax deductions, certain corporate income tax rates, certain protec	TAXATION -- Amends House Bill 40, House Bill 304, and existing law to revise provisions regarding certain tax deductions, certain corporate income tax rates, certain protections for taxpayers, and certain sales tax distr	out-of-gate:not-divided	
H0480	2018881	house	1535872	2025-04-02	53-14	1	0	4	303		Relates to the appropriation to the Department of Health and Welfare for the Behavioral Health Services Division for fiscal years 2025 and 2026.	APPROPRIATIONS -- HEALTH AND WELFARE -- BEHAVIORAL HEALTH SERVICES -- Relates to the appropriation to the Department of Health and Welfare for the Behavioral Health Services Division for fiscal years 2025 and 2026.	excluded:appropriations	agency budget bill; appropriations are excluded by standing campaign rule
H0480	2018881	senate	1537135	2025-04-03	25-10	1	0	4	303	Read in full as required) -- PASSED 25-10-0	Relates to the appropriation to the Department of Health and Welfare for the Behavioral Health Services Division for fiscal years 2025 and 2026.	APPROPRIATIONS -- HEALTH AND WELFARE -- BEHAVIORAL HEALTH SERVICES -- Relates to the appropriation to the Department of Health and Welfare for the Behavioral Health Services Division for fiscal years 2025 and 2026.	excluded:appropriations	agency budget bill; appropriations are excluded by standing campaign rule
H0481	2019055	house	1535876	2025-04-02	65-0	1	0	4	304		Relates to the appropriation to the Public Schools Educational Support Program's Division of Facilities for fiscal year 2026.	APPROPRIATIONS -- PUBLIC SCHOOLS -- FACILITIES DIVISION -- Relates to the appropriation to the Public Schools Educational Support Program's Division of Facilities for fiscal year 2026.	out-of-gate:not-divided	
H0481	2019055	senate	1537124	2025-04-03	33-0	1	0	4	304	Read in full as required) -- PASSED 33-0-2 -Engelking	Relates to the appropriation to the Public Schools Educational Support Program's Division of Facilities for fiscal year 2026.	APPROPRIATIONS -- PUBLIC SCHOOLS -- FACILITIES DIVISION -- Relates to the appropriation to the Public Schools Educational Support Program's Division of Facilities for fiscal year 2026.	out-of-gate:not-divided	
H0482	2019928	house	1537130	2025-04-03	68-0	1	0	4	339		Relates to the appropriation and transfer of moneys in the state treasury for fiscal years 2025 and 2026; provides an additional appropriation to the Military D	APPROPRIATIONS -- Relates to the appropriation and transfer of moneys in the state treasury for fiscal years 2025 and 2026; provides an additional appropriation to the Military Division for fiscal year 2025; and provides	out-of-gate:not-divided	
H0482	2019928	senate	1537131	2025-04-03	33-1	1	0	4	339	Read in full as required) -- PASSED 33-1-1	Relates to the appropriation and transfer of moneys in the state treasury for fiscal years 2025 and 2026; provides an additional appropriation to the Military D	APPROPRIATIONS -- Relates to the appropriation and transfer of moneys in the state treasury for fiscal years 2025 and 2026; provides an additional appropriation to the Military Division for fiscal year 2025; and provides	out-of-gate:not-divided	
H0483	2019836	house	1537121	2025-04-03	40-28	1	0	4	320		Relates to the appropriation to the State Liquor Division for fiscal year 2026.	APPROPRIATIONS -- STATE LIQUOR DIVISION -- Relates to the appropriation to the State Liquor Division for fiscal year 2026.	excluded:appropriations	agency budget bill; appropriations are excluded by standing campaign rule
H0483	2019836	senate	1537122	2025-04-03	21-14	1	0	4	320	Read in full as required) -- PASSED 21-14-0	Relates to the appropriation to the State Liquor Division for fiscal year 2026.	APPROPRIATIONS -- STATE LIQUOR DIVISION -- Relates to the appropriation to the State Liquor Division for fiscal year 2026.	excluded:appropriations	agency budget bill; appropriations are excluded by standing campaign rule
H0484	2019739	house	1537112	2025-04-03	41-27	1	0	4	321		Relates to the appropriation to the Office of Information Technology Services for fiscal years 2025 and 2026.	APPROPRIATIONS -- OFFICE OF INFORMATION TECHNOLOGY SERVICES -- Relates to the appropriation to the Office of Information Technology Services for fiscal years 2025 and 2026.	excluded:appropriations	agency budget bill; appropriations are excluded by standing campaign rule
H0484	2019739	senate	1537113	2025-04-03	24-11	1	0	4	321	Read in full as required) -- PASSED 24-11-0	Relates to the appropriation to the Office of Information Technology Services for fiscal years 2025 and 2026.	APPROPRIATIONS -- OFFICE OF INFORMATION TECHNOLOGY SERVICES -- Relates to the appropriation to the Office of Information Technology Services for fiscal years 2025 and 2026.	excluded:appropriations	agency budget bill; appropriations are excluded by standing campaign rule
HJR001	1948577	house	1493739	2025-02-19	46-23	1	0	1		Read Third Time in Full -- FAILED 46-23-1	Proposes an amendment to the state constitution to remove language allowing for the Legislature to require school attendance and to add language regarding the r	EDUCATION -- Proposes an amendment to the state constitution to remove language allowing for the Legislature to require school attendance and to add language regarding the right of the people to educate their children wi	out-of-gate:not-enacted	
HJR004	1988711	house	1506354	2025-03-05	58-10	1	0	4			Proposes an amendment to the state constitution to provide that only the Legislature shall have power and authority to legalize the growing, producing, manufact	NARCOTIC, SUBSTANCES -- Proposes an amendment to the state constitution to provide that only the Legislature shall have power and authority to legalize the growing, producing, manufacturing, transporting, selling, delive	out-of-gate:not-divided	
HJR004	1988711	senate	1515095	2025-03-11	29-6	1	0	4		Read in full as required) -- ADOPTED 29-6-0	Proposes an amendment to the state constitution to provide that only the Legislature shall have power and authority to legalize the growing, producing, manufact	NARCOTIC, SUBSTANCES -- Proposes an amendment to the state constitution to provide that only the Legislature shall have power and authority to legalize the growing, producing, manufacturing, transporting, selling, delive	out-of-gate:not-divided	
HJR006	1994767	house	1517486	2025-03-13	59-8	1	0	4			Proposes an amendment to the state constitution to make English the official state language.	OFFICIAL STATE LANGUAGE -- Proposes an amendment to the state constitution to make English the official state language.	out-of-gate:not-divided	
HJR006	1994767	senate	1526800	2025-03-25	30-5	1	0	4		Read third time in full -- ADOPTED 30-5-0	Proposes an amendment to the state constitution to make English the official state language.	OFFICIAL STATE LANGUAGE -- Proposes an amendment to the state constitution to make English the official state language.	out-of-gate:not-divided	
S1001	1917648	house	1506855	2025-03-05	70-0	1	0	4	17	Read Third Time in Full -- PASSED 70-0-0	Adds to existing law to establish the Uniform Public Expression Protection Act.	UNIFORM PUBLIC EXPRESSION PROTECTION ACT -- Adds to existing law to establish the Uniform Public Expression Protection Act.	out-of-gate:not-divided	
S1001	1917648	senate	1475117	2025-01-27	32-1	1	0	4	17	Read third time in full -- PASSED 32-1-2	Adds to existing law to establish the Uniform Public Expression Protection Act.	UNIFORM PUBLIC EXPRESSION PROTECTION ACT -- Adds to existing law to establish the Uniform Public Expression Protection Act.	out-of-gate:not-divided	
S1002	1920239	senate	1507912	2025-03-06	33-2	1	1	2		Read third time in full as amended -- PASSED 33-2-0	Amends existing law to provide for a reduced fee for a four-year class D driver's license for drivers age 63 and older.	TRANSPORTATION -- Amends existing law to provide for a reduced fee for a four-year class D driver's license for drivers age 63 and older.	out-of-gate:not-enacted	
S1003	1923719	house	1507630	2025-03-06	34-30	1	0	4	30	Read Third Time in Full -- PASSED 34-30-6	Amends existing law to provide that certain persons shall not be eligible to apply for any fishing, hunting, or trapping licenses, tags, or permits.	FISH AND GAME -- Amends existing law to provide that certain persons shall not be eligible to apply for any fishing, hunting, or trapping licenses, tags, or permits.	dropped:selection	fish and game license eligibility for unpaid fines, no research area fits
S1003	1923719	senate	1483450	2025-02-06	25-10	1	0	4	30	Read third time in full -- PASSED 25-10-0	Amends existing law to provide that certain persons shall not be eligible to apply for any fishing, hunting, or trapping licenses, tags, or permits.	FISH AND GAME -- Amends existing law to provide that certain persons shall not be eligible to apply for any fishing, hunting, or trapping licenses, tags, or permits.	dropped:selection	fish and game license eligibility for unpaid fines, no research area fits
S1005	1928004	house	1508302	2025-03-06	64-0	1	0	4	31	Read Third Time in Full -- PASSED 64-0-6	Amends existing law to remove a provision regarding priority of hearings.	LIENS OF MECHANICS AND MATERIALMEN -- Amends existing law to remove a provision regarding priority of hearings.	out-of-gate:not-divided	
S1005	1928004	senate	1478239	2025-01-31	32-0	1	0	4	31	Read third time in full -- PASSED 32-0-3	Amends existing law to remove a provision regarding priority of hearings.	LIENS OF MECHANICS AND MATERIALMEN -- Amends existing law to remove a provision regarding priority of hearings.	out-of-gate:not-divided	
S1006	1927343	house	1507995	2025-03-06	64-0	1	0	4	34	Read Third Time in Full -- PASSED 64-0-6	Amends existing law to provide for certain construction contracts to be subject to Idaho law and that such contracts shall not require dispute resolution in ano	CONSTRUCTION CONTRACTS -- Amends existing law to provide for certain construction contracts to be subject to Idaho law and that such contracts shall not require dispute resolution in another jurisdiction.	out-of-gate:not-divided	
S1006	1927343	senate	1474791	2025-01-24	32-0	1	0	4	34	Read third time in full -- PASSED 32-0-3	Amends existing law to provide for certain construction contracts to be subject to Idaho law and that such contracts shall not require dispute resolution in ano	CONSTRUCTION CONTRACTS -- Amends existing law to provide for certain construction contracts to be subject to Idaho law and that such contracts shall not require dispute resolution in another jurisdiction.	out-of-gate:not-divided	
S1007	1927674	house	1507935	2025-03-06	56-10	1	1	4	89	Read Third Time in Full -- PASSED 56-10-4	Amends existing law to remove a provision that limits public comment at school board meetings to items listed on the meeting agenda.	EDUCATION -- Amends existing law to remove a provision that limits public comment at school board meetings to items listed on the meeting agenda.	out-of-gate:not-divided	
S1007	1927674	senate	1502341	2025-02-28	25-9	1	1	4	89	Read third time in full as amended -- PASSED 25-9-1	Amends existing law to remove a provision that limits public comment at school board meetings to items listed on the meeting agenda.	EDUCATION -- Amends existing law to remove a provision that limits public comment at school board meetings to items listed on the meeting agenda.	batched:batch-03	imported in batch-03
S1011	1931415	house	1517991	2025-03-14	66-0	1	0	4	121	Read Third Time in Full -- PASSED 66-0-4	Amends existing law to provide requirements for members of winter feeding advisory committees.	FISH AND GAME -- Amends existing law to provide requirements for members of winter feeding advisory committees.	out-of-gate:not-divided	
S1011	1931415	senate	1496644	2025-02-21	33-0	1	0	4	121	Read third time in full -- PASSED 33-0-2	Amends existing law to provide requirements for members of winter feeding advisory committees.	FISH AND GAME -- Amends existing law to provide requirements for members of winter feeding advisory committees.	out-of-gate:not-divided	
S1012	1931603	house	1508773	2025-03-07	65-3	1	0	4	54	Read Third Time in Full -- PASSED 65-3-2	Amends and adds to existing law to establish the Idaho Depredating Wildlife Appeals Board and to exempt the board from open meeting requirements.	IDAHO DEPREDATING WILDLIFE APPEALS BOARD -- Amends and adds to existing law to establish the Idaho Depredating Wildlife Appeals Board and to exempt the board from open meeting requirements.	out-of-gate:not-divided	
S1012	1931603	senate	1498189	2025-02-24	34-0	1	0	4	54	Read third time in full -- PASSED 34-0-1	Amends and adds to existing law to establish the Idaho Depredating Wildlife Appeals Board and to exempt the board from open meeting requirements.	IDAHO DEPREDATING WILDLIFE APPEALS BOARD -- Amends and adds to existing law to establish the Idaho Depredating Wildlife Appeals Board and to exempt the board from open meeting requirements.	out-of-gate:not-divided	
S1013	1931373	house	1508624	2025-03-07	68-0	1	0	4	50	Read Third Time in Full -- PASSED 68-0-2	Amends existing law to provide for trapping education and licensing.	FISH AND GAME -- Amends existing law to provide for trapping education and licensing.	out-of-gate:not-divided	
S1013	1931373	senate	1498139	2025-02-24	35-0	1	0	4	50	Read third time in full -- PASSED 35-0-0	Amends existing law to provide for trapping education and licensing.	FISH AND GAME -- Amends existing law to provide for trapping education and licensing.	out-of-gate:not-divided	
S1014	1931524	house	1507911	2025-03-06	63-1	1	0	4	45	Read Third Time in Full -- PASSED 63-1-6	Amends, repeals, and adds to existing law to establish procedures regarding required tests and blood specimen collection for infants and newborns.	HEALTH AND SAFETY -- Amends, repeals, and adds to existing law to establish procedures regarding required tests and blood specimen collection for infants and newborns.	out-of-gate:not-divided	
S1014	1931524	senate	1480286	2025-02-04	35-0	1	0	4	45	Read third time in full -- PASSED 35-0-0	Amends, repeals, and adds to existing law to establish procedures regarding required tests and blood specimen collection for infants and newborns.	HEALTH AND SAFETY -- Amends, repeals, and adds to existing law to establish procedures regarding required tests and blood specimen collection for infants and newborns.	out-of-gate:not-divided	
S1015	1931159	house	1517968	2025-03-14	64-2	1	0	4	122	Read Third Time in Full -- PASSED 64-2-4	Amends, repeals, and adds to existing law to revise and establish provisions regarding the licensure and inspection of hospitals.	HOSPITALS -- Amends, repeals, and adds to existing law to revise and establish provisions regarding the licensure and inspection of hospitals.	out-of-gate:not-divided	
S1015	1931159	senate	1480283	2025-02-04	35-0	1	0	4	122	Read third time in full -- PASSED 35-0-0	Amends, repeals, and adds to existing law to revise and establish provisions regarding the licensure and inspection of hospitals.	HOSPITALS -- Amends, repeals, and adds to existing law to revise and establish provisions regarding the licensure and inspection of hospitals.	out-of-gate:not-divided	
S1016	1931261	house	1519432	2025-03-17	44-22	1	0	4	160	Read Third Time in Full -- PASSED 44-22-4	Amends and adds to existing law to revise provisions regarding certain fees.	BRANDS -- Amends and adds to existing law to revise provisions regarding certain fees.	dropped:selection	brand inspection fees, not recognizable
S1016	1931261	senate	1496457	2025-02-21	26-7	1	0	4	160	Read third time in full -- PASSED 26-7-2	Amends and adds to existing law to revise provisions regarding certain fees.	BRANDS -- Amends and adds to existing law to revise provisions regarding certain fees.	dropped:selection	brand inspection fees, not recognizable
S1018	1935034	senate	1478250	2025-01-31	32-0	1	0	2		Read third time in full -- PASSED 32-0-3	Amends existing law to provide that fingerprint-based criminal history background checks shall be submitted if required by the Division of Occupational and Prof	COUNSELORS AND THERAPISTS -- Amends existing law to provide that fingerprint-based criminal history background checks shall be submitted if required by the Division of Occupational and Professional Licenses.	out-of-gate:not-enacted	
S1019	1937389	house	1508353	2025-03-06	64-0	1	0	4	32	Read Third Time in Full -- PASSED 64-0-6	Amends and adds to existing law to revise a provision regarding a false report of explosives and to provide for the crime of false reports of violence or emerge	FIREARMS, EXPLOSIVES, AND OTHER DEADLY WEAPONS -- Amends and adds to existing law to revise a provision regarding a false report of explosives and to provide for the crime of false reports of violence or emergency in pub	out-of-gate:not-divided	
S1019	1937389	senate	1477395	2025-01-30	34-0	1	0	4	32	Read third time in full -- PASSED 34-0-1	Amends and adds to existing law to revise a provision regarding a false report of explosives and to provide for the crime of false reports of violence or emerge	FIREARMS, EXPLOSIVES, AND OTHER DEADLY WEAPONS -- Amends and adds to existing law to revise a provision regarding a false report of explosives and to provide for the crime of false reports of violence or emergency in pub	out-of-gate:not-divided	
S1020	1937919	house	1521501	2025-03-19	63-0	1	0	4	161	Read Third Time in Full -- PASSED 63-0-7	Amends existing law to provide for the deposit of moneys collected from the federal government pursuant to the Federal Power Act.	ENERGY AND MINERALS -- Amends existing law to provide for the deposit of moneys collected from the federal government pursuant to the Federal Power Act.	out-of-gate:not-divided	
S1020	1937919	senate	1491909	2025-02-18	35-0	1	0	4	161	Read third time in full -- PASSED 35-0-0	Amends existing law to provide for the deposit of moneys collected from the federal government pursuant to the Federal Power Act.	ENERGY AND MINERALS -- Amends existing law to provide for the deposit of moneys collected from the federal government pursuant to the Federal Power Act.	out-of-gate:not-divided	
S1021	1937684	house	1519181	2025-03-17	61-0	1	1	4	206		Amends existing law to revise provisions regarding conditions under which termination may be granted.	TERMINATION OF A PARENT AND CHILD RELATIONSHIP -- Amends existing law to revise provisions regarding conditions under which termination may be granted.	out-of-gate:not-divided	
S1021	1937684	senate	1523942	2025-03-20	34-0	2	1	4	206	Read third time as amended in the House -- PASSED 34-0-1	Amends existing law to revise provisions regarding conditions under which termination may be granted.	TERMINATION OF A PARENT AND CHILD RELATIONSHIP -- Amends existing law to revise provisions regarding conditions under which termination may be granted.	out-of-gate:not-divided	
S1023	1937334	house	1521528	2025-03-19	47-23	1	2	3		Read Third Time in Full -- PASSED 47-23-0	Amends existing law to prohibit medical mandates under certain conditions.	MEDICAL FREEDOM -- Amends existing law to prohibit medical mandates under certain conditions.	out-of-gate:not-enacted	
S1023	1937334	senate	1501990	2025-02-26	19-14	1	2	3		Read third time in full as amended -- PASSED 19-14-2	Amends existing law to prohibit medical mandates under certain conditions.	MEDICAL FREEDOM -- Amends existing law to prohibit medical mandates under certain conditions.	out-of-gate:not-enacted	
S1024	1938037	house	1520235	2025-03-18	68-1	1	0	4	178	Read Third Time in Full -- PASSED 68-1-1	Amends, repeals, and adds to existing law regarding adult and children's mental health services and substance use disorder services.	MENTAL HEALTH AND SUBSTANCE USE SERVICES -- Amends, repeals, and adds to existing law regarding adult and children's mental health services and substance use disorder services.	out-of-gate:not-divided	
S1024	1938037	senate	1479919	2025-02-04	35-0	1	0	4	178	Read third time in full -- PASSED 35-0-0	Amends, repeals, and adds to existing law regarding adult and children's mental health services and substance use disorder services.	MENTAL HEALTH AND SUBSTANCE USE SERVICES -- Amends, repeals, and adds to existing law regarding adult and children's mental health services and substance use disorder services.	out-of-gate:not-divided	
S1025	1937219	senate	1490504	2025-02-14	6-28	1	1	1		Read in full as required) -- FAILED 6-28-1	Amends existing law to revise provisions regarding the Empowering Parents Grant Program.	EDUCATION -- Amends existing law to revise provisions regarding the Empowering Parents Grant Program.	out-of-gate:not-enacted	
S1026	1941328	senate	1484934	2025-02-10	28-6	1	0	2		Read third time in full -- PASSED 28-6-1	Amends and adds to existing law to revise a definition and permit residential chicken ownership.	URBAN AGRICULTURE -- Amends and adds to existing law to revise a definition and permit residential chicken ownership.	out-of-gate:not-enacted	
S1027	1942595	house	1518620	2025-03-17	63-4	1	2	4	164	Read Third Time in Full -- PASSED 63-4-3	Adds to existing law to provide for transparency in financial services.	TRANSPARENCY IN FINANCIAL SERVICES -- Adds to existing law to provide for transparency in financial services.	out-of-gate:not-divided	
S1027	1942595	senate	1504843	2025-03-03	32-2	1	2	4	164	Read third time in full as amended -- PASSED 32-2-1	Adds to existing law to provide for transparency in financial services.	TRANSPARENCY IN FINANCIAL SERVICES -- Adds to existing law to provide for transparency in financial services.	out-of-gate:not-divided	
S1028	1944462	house	1506951	2025-03-05	56-14	1	0	4	16	Read Third Time in Full -- PASSED 56-14-0	Amends existing law to revise provisions regarding the number of judges in the First Judicial District.	JUDICIAL DISTRICTS -- Amends existing law to revise provisions regarding the number of judges in the First Judicial District.	dropped:selection	number of judges in the First Judicial District, not recognizable
S1028	1944462	senate	1483764	2025-02-06	27-8	1	0	4	16	Read third time in full -- PASSED 27-8-0	Amends existing law to revise provisions regarding the number of judges in the First Judicial District.	JUDICIAL DISTRICTS -- Amends existing law to revise provisions regarding the number of judges in the First Judicial District.	dropped:selection	number of judges in the First Judicial District, not recognizable
S1029	1944365	house	1506863	2025-03-05	54-16	1	0	4	15	Read Third Time in Full -- PASSED 54-16-0	Amends existing law to revise provisions regarding the number of judges in the Seventh Judicial District.	JUDICIAL DISTRICTS -- Amends existing law to revise provisions regarding the number of judges in the Seventh Judicial District.	dropped:selection	number of judges in the Seventh Judicial District, not recognizable
S1029	1944365	senate	1483811	2025-02-06	28-7	1	0	4	15	Read third time in full -- PASSED 28-7-0	Amends existing law to revise provisions regarding the number of judges in the Seventh Judicial District.	JUDICIAL DISTRICTS -- Amends existing law to revise provisions regarding the number of judges in the Seventh Judicial District.	dropped:selection	number of judges in the Seventh Judicial District, not recognizable
S1030	1943933	house	1517970	2025-03-14	36-29	1	1	4	123	Read Third Time in Full -- PASSED 36-29-5	Amends existing law to revise attorney license fees.	ATTORNEYS -- Amends existing law to revise attorney license fees.	dropped:selection	attorney license fees, not recognizable
S1030	1943933	senate	1498427	2025-02-24	27-8	1	1	4	123	Read third time in full as amended -- PASSED 27-8-0	Amends existing law to revise attorney license fees.	ATTORNEYS -- Amends existing law to revise attorney license fees.	dropped:selection	attorney license fees, not recognizable
S1031	1944232	house	1518609	2025-03-17	65-1	1	1	4	169	Read Third Time in Full -- PASSED 65-1-4	Amends existing law to revise certain powers and duties of district boards of health.	PUBLIC HEALTH DISTRICTS -- Amends existing law to revise certain powers and duties of district boards of health.	out-of-gate:not-divided	
S1031	1944232	senate	1501597	2025-02-26	31-0	1	1	4	169	Read third time in full as amended -- PASSED 31-0-4	Amends existing law to revise certain powers and duties of district boards of health.	PUBLIC HEALTH DISTRICTS -- Amends existing law to revise certain powers and duties of district boards of health.	out-of-gate:not-divided	
S1032	1944332	house	1507635	2025-03-06	65-0	1	0	4	55	Read Third Time in Full -- PASSED 65-0-5	Adds to existing law to provide for a distraction-free learning policy.	EDUCATION -- Adds to existing law to provide for a distraction-free learning policy.	out-of-gate:not-divided	
S1032	1944332	senate	1486279	2025-02-11	34-0	1	0	4	55	Read third time in full -- PASSED 34-0-1	Adds to existing law to provide for a distraction-free learning policy.	EDUCATION -- Adds to existing law to provide for a distraction-free learning policy.	out-of-gate:not-divided	
S1033	1944102	house	1519178	2025-03-17	64-2	1	0	4	147	Read Third Time in Full -- PASSED 64-2-4	Amends and adds to existing law to provide penalties for certain complaints filed against agricultural operations.	RIGHT TO FARM ACT -- Amends and adds to existing law to provide penalties for certain complaints filed against agricultural operations.	out-of-gate:not-divided	
S1033	1944102	senate	1496464	2025-02-21	33-0	1	0	4	147	Read third time in full -- PASSED 33-0-2	Amends and adds to existing law to provide penalties for certain complaints filed against agricultural operations.	RIGHT TO FARM ACT -- Amends and adds to existing law to provide penalties for certain complaints filed against agricultural operations.	out-of-gate:not-divided	
S1034	1946004	house	1517964	2025-03-14	58-7	1	1	4	124	Read Third Time in Full -- PASSED 58-7-5	Adds to existing law to establish provisions regarding foster home health and safety requirements.	FOSTER HOMES -- Adds to existing law to establish provisions regarding foster home health and safety requirements.	out-of-gate:not-divided	
S1034	1946004	senate	1501648	2025-02-26	30-4	1	1	4	124	Read third time in full as amended -- PASSED 30-4-1	Adds to existing law to establish provisions regarding foster home health and safety requirements.	FOSTER HOMES -- Adds to existing law to establish provisions regarding foster home health and safety requirements.	out-of-gate:not-divided	
S1035	1946439	house	1514902	2025-03-11	68-0	1	0	4	125	Read Third Time in Full -- PASSED 68-0-2	Amends existing law to revise provisions regarding the placement of a child in congregate care settings and to provide for regular review of placements.	CONGREGATE CARE -- Amends existing law to revise provisions regarding the placement of a child in congregate care settings and to provide for regular review of placements.	out-of-gate:not-divided	
S1035	1946439	senate	1485698	2025-02-10	33-0	1	0	4	125	Read third time in full -- PASSED 33-0-2	Amends existing law to revise provisions regarding the placement of a child in congregate care settings and to provide for regular review of placements.	CONGREGATE CARE -- Amends existing law to revise provisions regarding the placement of a child in congregate care settings and to provide for regular review of placements.	out-of-gate:not-divided	
S1037	1946084	house	1518568	2025-03-17	66-0	1	0	4	170	Read Third Time in Full -- PASSED 66-0-4	Amends existing law to revise provisions regarding the succession to property of deceased residents of veterans homes.	VETERANS -- Amends existing law to revise provisions regarding the succession to property of deceased residents of veterans homes.	out-of-gate:not-divided	
S1037	1946084	senate	1481929	2025-02-05	35-0	1	0	4	170	Read third time in full -- PASSED 35-0-0	Amends existing law to revise provisions regarding the succession to property of deceased residents of veterans homes.	VETERANS -- Amends existing law to revise provisions regarding the succession to property of deceased residents of veterans homes.	out-of-gate:not-divided	
S1038	1946172	house	1509525	2025-03-10	65-3	1	0	4	81	Read Third Time in Full -- PASSED 65-3-2	Adds to existing law to provide that the state of Idaho shall not be compelled to engage in the enforcement of requirements or mandates issued by the World Heal	HEALTH -- Adds to existing law to provide that the state of Idaho shall not be compelled to engage in the enforcement of requirements or mandates issued by the World Health Organization.	out-of-gate:not-divided	
S1038	1946172	senate	1491919	2025-02-18	29-6	1	0	4	81	Read third time in full -- PASSED 29-6-0	Adds to existing law to provide that the state of Idaho shall not be compelled to engage in the enforcement of requirements or mandates issued by the World Heal	HEALTH -- Adds to existing law to provide that the state of Idaho shall not be compelled to engage in the enforcement of requirements or mandates issued by the World Health Organization.	out-of-gate:not-divided	
S1040	1949077	house	1508834	2025-03-07	68-0	1	0	4	37	Read Third Time in Full -- PASSED 68-0-2	Amends existing law to revise provisions regarding irrigation district contracts.	WATER -- Amends existing law to revise provisions regarding irrigation district contracts.	out-of-gate:not-divided	
S1040	1949077	senate	1492488	2025-02-18	35-0	1	0	4	37	Read third time in full -- PASSED 35-0-0	Amends existing law to revise provisions regarding irrigation district contracts.	WATER -- Amends existing law to revise provisions regarding irrigation district contracts.	out-of-gate:not-divided	
S1041	1948753	house	1508651	2025-03-07	67-1	1	0	4	38	Read Third Time in Full -- PASSED 67-1-2	Amends existing law to revise provisions regarding distributing laterals, ditches, or other conduits.	WATER -- Amends existing law to revise provisions regarding distributing laterals, ditches, or other conduits.	out-of-gate:not-divided	
S1041	1948753	senate	1492514	2025-02-18	35-0	1	0	4	38	Read third time in full -- PASSED 35-0-0	Amends existing law to revise provisions regarding distributing laterals, ditches, or other conduits.	WATER -- Amends existing law to revise provisions regarding distributing laterals, ditches, or other conduits.	out-of-gate:not-divided	
S1042	1948682	senate	1493650	2025-02-19	23-12	1	1	2		Read third time in full as amended -- PASSED 23-12-0	Adds to existing law to provide for limitations on rental application fees.	RENTAL APPLICATIONS -- Adds to existing law to provide for limitations on rental application fees.	out-of-gate:not-enacted	
S1043	1949007	house	1509631	2025-03-10	67-0	1	0	4	65	Read Third Time in Full -- PASSED 67-0-3	Amends and adds to existing law to remove a provision regarding coverture and to reorganize a chapter.	LANDLORDS AND TENANTS -- Amends and adds to existing law to remove a provision regarding coverture and to reorganize a chapter.	out-of-gate:not-divided	
S1043	1949007	senate	1493733	2025-02-19	35-0	1	0	4	65	Read third time in full -- PASSED 35-0-0	Amends and adds to existing law to remove a provision regarding coverture and to reorganize a chapter.	LANDLORDS AND TENANTS -- Amends and adds to existing law to remove a provision regarding coverture and to reorganize a chapter.	out-of-gate:not-divided	
S1044	1948826	house	1508637	2025-03-07	58-10	1	0	4	46	Read Third Time in Full -- PASSED 58-10-2	Adds to existing law to provide for a cursive handwriting proficiency requirement in public schools.	EDUCATION -- Adds to existing law to provide for a cursive handwriting proficiency requirement in public schools.	out-of-gate:not-divided	
S1044	1948826	senate	1498212	2025-02-24	29-6	1	0	4	46	Read third time in full -- PASSED 29-6-0	Adds to existing law to provide for a cursive handwriting proficiency requirement in public schools.	EDUCATION -- Adds to existing law to provide for a cursive handwriting proficiency requirement in public schools.	out-of-gate:not-divided	
S1045	1950736	house	1517956	2025-03-14	66-0	1	0	4	150	Read Third Time in Full -- PASSED 66-0-4	Amends existing law to revise provisions regarding limitations on the authority of district trustees.	EDUCATION -- Amends existing law to revise provisions regarding limitations on the authority of district trustees.	out-of-gate:not-divided	
S1045	1950736	senate	1496671	2025-02-21	32-1	1	0	4	150	Read third time in full -- PASSED 32-1-2	Amends existing law to revise provisions regarding limitations on the authority of district trustees.	EDUCATION -- Amends existing law to revise provisions regarding limitations on the authority of district trustees.	out-of-gate:not-divided	
S1046	1950632	house	1519694	2025-03-18	63-6	1	1	4	179	Read Third Time in Full -- PASSED 63-6-1	Adds to existing law to provide for human growth and development instruction in public schools.	EDUCATION -- Adds to existing law to provide for human growth and development instruction in public schools.	out-of-gate:not-divided	
S1046	1950632	senate	1501482	2025-02-27	27-8	1	1	4	179	PASSED 27-8-0	Adds to existing law to provide for human growth and development instruction in public schools.	EDUCATION -- Adds to existing law to provide for human growth and development instruction in public schools.	batched:batch-03	imported in batch-03
S1051	1954159	house	1517957	2025-03-14	64-1	1	0	4	126	Read Third Time in Full -- PASSED 64-1-5	Adds to existing law to establish provisions regarding good cause determination in license suspension proceedings and to repeal certain administrative rules.	FAMILY LAW -- Adds to existing law to establish provisions regarding good cause determination in license suspension proceedings and to repeal certain administrative rules.	out-of-gate:not-divided	
S1051	1954159	senate	1498356	2025-02-24	35-0	1	0	4	126	Read third time in full -- PASSED 35-0-0	Adds to existing law to establish provisions regarding good cause determination in license suspension proceedings and to repeal certain administrative rules.	FAMILY LAW -- Adds to existing law to establish provisions regarding good cause determination in license suspension proceedings and to repeal certain administrative rules.	out-of-gate:not-divided	
S1052	1954376	house	1522069	2025-03-19	68-0	1	0	4	207	Read Third Time in Full -- PASSED 68-0-2	Amends existing law to establish provisions regarding bureau chiefs.	DEPARTMENT OF HEALTH AND WELFARE -- Amends existing law to establish provisions regarding bureau chiefs.	out-of-gate:not-divided	
S1052	1954376	senate	1500809	2025-02-26	35-0	1	0	4	207	Read third time in full -- PASSED 35-0-0	Amends existing law to establish provisions regarding bureau chiefs.	DEPARTMENT OF HEALTH AND WELFARE -- Amends existing law to establish provisions regarding bureau chiefs.	out-of-gate:not-divided	
S1053	1954070	senate	1502393	2025-02-28	35-0	1	0	2		Read third time in full -- PASSED 35-0-0	Amends existing law to provide for landowner responsibility for erecting and maintaining fences adjoining federal lands.	FENCES -- Amends existing law to provide for landowner responsibility for erecting and maintaining fences adjoining federal lands.	out-of-gate:not-enacted	
S1054	1954785	house	1519054	2025-03-17	36-30	1	0	4	162	Read Third Time in Full -- PASSED 36-30-4	Amends existing law to revise provisions regarding the Idaho Bean Commission and tax levies on beans.	BEANS -- Amends existing law to revise provisions regarding the Idaho Bean Commission and tax levies on beans.	dropped:selection	bean commission levies, not recognizable
S1054	1954785	senate	1505120	2025-03-03	21-13	1	0	4	162	Read third time in full -- PASSED 21-13-1	Amends existing law to revise provisions regarding the Idaho Bean Commission and tax levies on beans.	BEANS -- Amends existing law to revise provisions regarding the Idaho Bean Commission and tax levies on beans.	dropped:selection	bean commission levies, not recognizable
S1056	1957034	house	1512179	2025-03-10	67-0	1	0	4	85	Read Third Time in Full -- PASSED 67-0-3	Amends existing law to provide that attorneys of the Division of Occupational and Professional Licenses shall be nonclassified employees.	STATE EMPLOYEES -- Amends existing law to provide that attorneys of the Division of Occupational and Professional Licenses shall be nonclassified employees.	out-of-gate:not-divided	
S1056	1957034	senate	1496450	2025-02-21	32-1	1	0	4	85	Read third time in full -- PASSED 32-1-2	Amends existing law to provide that attorneys of the Division of Occupational and Professional Licenses shall be nonclassified employees.	STATE EMPLOYEES -- Amends existing law to provide that attorneys of the Division of Occupational and Professional Licenses shall be nonclassified employees.	out-of-gate:not-divided	
S1058	1956844	house	1517973	2025-03-14	65-0	1	0	4	127	Read Third Time in Full -- PASSED 65-0-5	Amends existing law to revise provisions regarding the placement of an abandoned child.	IDAHO SAFE HAVEN ACT -- Amends existing law to revise provisions regarding the placement of an abandoned child.	out-of-gate:not-divided	
S1058	1956844	senate	1500801	2025-02-26	32-3	1	0	4	127	Read third time in full -- PASSED 32-3-0	Amends existing law to revise provisions regarding the placement of an abandoned child.	IDAHO SAFE HAVEN ACT -- Amends existing law to revise provisions regarding the placement of an abandoned child.	out-of-gate:not-divided	
S1061	1959338	house	1517962	2025-03-14	65-0	1	0	4	128	Read Third Time in Full -- PASSED 65-0-5	Amends existing law regarding the director's ability to issue orders regarding methodologies for determining material injury under the rules for conjunctive man	WATER LAW -- Amends existing law regarding the director's ability to issue orders regarding methodologies for determining material injury under the rules for conjunctive management.	out-of-gate:not-divided	
S1061	1959338	senate	1499317	2025-02-25	34-0	1	0	4	128	Read third time in full -- PASSED 34-0-1	Amends existing law regarding the director's ability to issue orders regarding methodologies for determining material injury under the rules for conjunctive man	WATER LAW -- Amends existing law regarding the director's ability to issue orders regarding methodologies for determining material injury under the rules for conjunctive management.	out-of-gate:not-divided	
S1062	1959948	senate	1498510	2025-02-24	23-12	1	0	2		Read third time in full -- PASSED 23-12-0	Amends existing law to establish requirements for commercial land use authorizations on state endowment land.	STATE LANDS -- Amends existing law to establish requirements for commercial land use authorizations on state endowment land.	out-of-gate:not-enacted	
S1064	1959371	senate	1522669	2025-03-20	34-0	1	2	2		Read third time in full as amended -- PASSED 34-0-1	Amends and adds to existing law to revise provisions regarding cloud seeding.	CLOUD SEEDING -- Amends and adds to existing law to revise provisions regarding cloud seeding.	out-of-gate:not-enacted	
S1066	1962191	senate	1509519	2025-03-10	27-6	1	1	2		Read third time in full as amended -- PASSED 27-6-2	Amends existing law to revise provisions regarding disclosure of breach of personally identifiable information and to require that agencies, individuals, and co	IDENTITY THEFT -- Amends existing law to revise provisions regarding disclosure of breach of personally identifiable information and to require that agencies, individuals, and commercial entities offer free credit monito	out-of-gate:not-enacted	
S1069	1962634	house	1514666	2025-03-11	40-30	1	0	4	91	Read Third Time in Full -- PASSED 40-30-0	Amends existing law to revise provisions regarding the literacy intervention program.	EDUCATION -- Amends existing law to revise provisions regarding the literacy intervention program.	batched:batch-02	imported in batch-02
S1069	1962634	senate	1498505	2025-02-24	22-13	1	0	4	91	Read third time in full -- PASSED 22-13-0	Amends existing law to revise provisions regarding the literacy intervention program.	EDUCATION -- Amends existing law to revise provisions regarding the literacy intervention program.	batched:batch-02	imported in batch-02
S1070	1961912	senate	1500302	2025-02-26	24-11	1	0	2		Read third time in full -- PASSED 24-11-0	Adds to existing law to establish provisions regarding a parent tech awareness program.	EDUCATION -- Adds to existing law to establish provisions regarding a parent tech awareness program.	out-of-gate:not-enacted	
S1071	1962751	house	1532614	2025-03-31	23-44	1	2	2		Read third time in full as amended in House -- FAILED 23-44-3	Amends existing law to create a voluntary donation for the purpose of promoting and advancing vision health.	TRANSPORTATION -- Amends existing law to create a voluntary donation for the purpose of promoting and advancing vision health.	out-of-gate:not-enacted	
S1071	1962751	senate	1502372	2025-02-28	18-15	1	2	2		Read third time in full as amended -- PASSED 18-15-2	Amends existing law to create a voluntary donation for the purpose of promoting and advancing vision health.	TRANSPORTATION -- Amends existing law to create a voluntary donation for the purpose of promoting and advancing vision health.	out-of-gate:not-enacted	
S1073	1962351	house	1525669	2025-03-24	67-0	1	1	4	238	Read third time in full as amended in House -- PASSED 67-0-3	Amends existing law to revise provisions regarding solid waste collection systems.	MUNICIPAL CORPORATIONS -- Amends existing law to revise provisions regarding solid waste collection systems.	out-of-gate:not-divided	
S1073	1962351	senate	1529358	2025-03-27	34-0	2	1	4	238	Read third time as amended in the House -- PASSED 34-0-1	Amends existing law to revise provisions regarding solid waste collection systems.	MUNICIPAL CORPORATIONS -- Amends existing law to revise provisions regarding solid waste collection systems.	superseded:last-roll-not-divided	
S1076	1963694	house	1532725	2025-03-31	60-8	1	1	2		Read third time in full as amended in House -- PASSED 60-8-2	Amends existing law to establish provisions regarding temporary rules, to revise provisions regarding temporary rules, and to provide for the sunset review of r	IDAHO ADMINISTRATIVE PROCEDURE ACT -- Amends existing law to establish provisions regarding temporary rules, to revise provisions regarding temporary rules, and to provide for the sunset review of rules.	out-of-gate:not-enacted	
S1076	1963694	senate	1502374	2025-02-28	35-0	1	1	2		Read third time in full as amended -- PASSED 35-0-0	Amends existing law to establish provisions regarding temporary rules, to revise provisions regarding temporary rules, and to provide for the sunset review of r	IDAHO ADMINISTRATIVE PROCEDURE ACT -- Amends existing law to establish provisions regarding temporary rules, to revise provisions regarding temporary rules, and to provide for the sunset review of rules.	out-of-gate:not-enacted	
S1082	1964373	house	1519185	2025-03-17	66-0	1	0	4	148	Read Third Time in Full -- PASSED 66-0-4	Amends existing law to provide that liens for irrigation district assessments have a first priority over other liens.	WATER -- Amends existing law to provide that liens for irrigation district assessments have a first priority over other liens.	out-of-gate:not-divided	
S1082	1964373	senate	1505107	2025-03-03	34-0	1	0	4	148	Read third time in full -- PASSED 34-0-1	Amends existing law to provide that liens for irrigation district assessments have a first priority over other liens.	WATER -- Amends existing law to provide that liens for irrigation district assessments have a first priority over other liens.	out-of-gate:not-divided	
S1083	1964324	house	1517986	2025-03-14	63-2	1	1	4	129	Read Third Time in Full -- PASSED 63-2-5	Amends existing law related to domestic use of water and to provide for delivery, planning, and enforcement.	DOMESTIC WATER USE -- Amends existing law related to domestic use of water and to provide for delivery, planning, and enforcement.	out-of-gate:not-divided	
S1083	1964324	senate	1506647	2025-03-05	32-1	1	1	4	129	Read third time in full as amended -- PASSED 32-1-2	Amends existing law related to domestic use of water and to provide for delivery, planning, and enforcement.	DOMESTIC WATER USE -- Amends existing law related to domestic use of water and to provide for delivery, planning, and enforcement.	out-of-gate:not-divided	
S1084	1964125	house	1517955	2025-03-14	65-0	1	0	4	149	Read Third Time in Full -- PASSED 65-0-5	Amends existing law to provide that the forfeiture period restarts upon removal of a water right from the water supply bank.	WATER SUPPLY BANK -- Amends existing law to provide that the forfeiture period restarts upon removal of a water right from the water supply bank.	out-of-gate:not-divided	
S1084	1964125	senate	1505347	2025-03-03	34-0	1	0	4	149	Read third time in full -- PASSED 34-0-1	Amends existing law to provide that the forfeiture period restarts upon removal of a water right from the water supply bank.	WATER SUPPLY BANK -- Amends existing law to provide that the forfeiture period restarts upon removal of a water right from the water supply bank.	out-of-gate:not-divided	
S1086	1964418	senate	1499309	2025-02-25	18-16	1	0	2		Read third time in full -- PASSED 18-16-1	Adds to existing law to establish provisions regarding a violation of landowner rules for permissible use.	TRESPASS -- Adds to existing law to establish provisions regarding a violation of landowner rules for permissible use.	out-of-gate:not-enacted	
S1087	1964448	house	1528008	2025-03-26	28-42	1	1	2		Read Third Time in Full -- FAILED 28-42-0	Adds to existing law to require the provision of copies of medical records in certain circumstances.	MEDICAL RECORDS -- Adds to existing law to require the provision of copies of medical records in certain circumstances.	out-of-gate:not-enacted	
S1087	1964448	senate	1501964	2025-02-26	19-16	1	1	2		Read third time in full as amended -- PASSED 19-16-0	Adds to existing law to require the provision of copies of medical records in certain circumstances.	MEDICAL RECORDS -- Adds to existing law to require the provision of copies of medical records in certain circumstances.	out-of-gate:not-enacted	
S1088	1964139	senate	1502100	2025-02-27	35-0	1	0	2		Read third time in full -- PASSED 35-0-0	Amends and repeals existing law to revise provisions regarding the licensure and practice of psychology in Idaho.	PSYCHOLOGISTS -- Amends and repeals existing law to revise provisions regarding the licensure and practice of psychology in Idaho.	out-of-gate:not-enacted	
S1090	1964155	house	1517969	2025-03-14	66-0	1	0	4	130	Read Third Time in Full -- PASSED 66-0-4	Amends existing law to revise provisions regarding certain juvenile proceedings.	JUVENILE PROCEEDINGS -- Amends existing law to revise provisions regarding certain juvenile proceedings.	out-of-gate:not-divided	
S1090	1964155	senate	1499333	2025-02-25	35-0	1	0	4	130	Read third time in full -- PASSED 35-0-0	Amends existing law to revise provisions regarding certain juvenile proceedings.	JUVENILE PROCEEDINGS -- Amends existing law to revise provisions regarding certain juvenile proceedings.	out-of-gate:not-divided	
S1091	1964391	house	1517960	2025-03-14	65-0	1	0	4	131	Read Third Time in Full -- PASSED 65-0-5	Amends existing law to transfer responsibility to the State Board of Education for distributing certain moneys to reimburse school districts for the cost of int	EDUCATION -- Amends existing law to transfer responsibility to the State Board of Education for distributing certain moneys to reimburse school districts for the cost of internet and certain other services.	out-of-gate:not-divided	
S1091	1964391	senate	1502003	2025-02-26	35-0	1	0	4	131	Read third time in full -- PASSED 35-0-0	Amends existing law to transfer responsibility to the State Board of Education for distributing certain moneys to reimburse school districts for the cost of int	EDUCATION -- Amends existing law to transfer responsibility to the State Board of Education for distributing certain moneys to reimburse school districts for the cost of internet and certain other services.	out-of-gate:not-divided	
S1092	1964295	house	1509529	2025-03-10	62-5	1	1	4	58	Read Third Time in Full -- PASSED 62-5-3	Amends existing law to provide for a lifetime instructional certificate and a lifetime administrator certificate for certain teachers and administrators.	EDUCATION -- Amends existing law to provide for a lifetime instructional certificate and a lifetime administrator certificate for certain teachers and administrators.	out-of-gate:not-divided	
S1092	1964295	senate	1502389	2025-02-28	35-0	1	1	4	58	Read third time in full as amended -- PASSED 35-0-0	Amends existing law to provide for a lifetime instructional certificate and a lifetime administrator certificate for certain teachers and administrators.	EDUCATION -- Amends existing law to provide for a lifetime instructional certificate and a lifetime administrator certificate for certain teachers and administrators.	out-of-gate:not-divided	
S1093	1964248	senate	1501935	2025-02-26	14-21	1	0	1		Read third time in full -- FAILED 14-21-0	Adds to existing law to provide for the Adult Alternative Instructional Diploma Program and the Adult Alternative Instructional Diploma Program Grant Fund.	EDUCATION -- Adds to existing law to provide for the Adult Alternative Instructional Diploma Program and the Adult Alternative Instructional Diploma Program Grant Fund.	out-of-gate:not-enacted	
S1094	1964183	senate	1501598	2025-02-26	35-0	1	0	2		Read third time in full -- PASSED 35-0-0	Amends existing law to revise provisions regarding school levies.	EDUCATION -- Amends existing law to revise provisions regarding school levies.	out-of-gate:not-enacted	
S1095	1964338	senate	1500799	2025-02-26	31-4	1	0	2		Read third time in full -- PASSED 31-4-0	Amends existing law to revise provisions regarding the career ladder.	EDUCATION -- Amends existing law to revise provisions regarding the career ladder.	out-of-gate:not-enacted	
S1096	1964200	senate	1520493	2025-03-18	20-15	1	1	2		Read third time in full as amended -- PASSED 20-15-0	Amends existing law to revise provisions regarding student funding and to provide for weighted per-student funding.	EDUCATION -- Amends existing law to revise provisions regarding student funding and to provide for weighted per-student funding.	out-of-gate:not-enacted	
S1097	1964434	senate	1501535	2025-02-27	35-0	1	0	2		Read third time in full -- PASSED 35-0-0 -Engelking	Amends existing law to revise provisions regarding approval of public charter schools.	EDUCATION -- Amends existing law to revise provisions regarding approval of public charter schools.	out-of-gate:not-enacted	
S1099	1964170	house	1520217	2025-03-18	60-10	1	0	4	171	Read Third Time in Full -- PASSED 60-10-0	Amends existing law to revise a provision regarding a penalty for vehicular manslaughter and to provide that the court shall inform a defendant of certain infor	MANSLAUGHTER -- Amends existing law to revise a provision regarding a penalty for vehicular manslaughter and to provide that the court shall inform a defendant of certain information regarding sentencing.	out-of-gate:not-divided	
S1099	1964170	senate	1502103	2025-02-27	25-10	1	0	4	171	Read third time in full -- PASSED 25-10-0	Amends existing law to revise a provision regarding a penalty for vehicular manslaughter and to provide that the court shall inform a defendant of certain infor	MANSLAUGHTER -- Amends existing law to revise a provision regarding a penalty for vehicular manslaughter and to provide that the court shall inform a defendant of certain information regarding sentencing.	candidate:unbatched	
S1101	1964311	house	1511983	2025-03-10	60-6	1	0	4	96	Read Third Time in Full -- PASSED 60-6-4	Amends, repeals, and adds to existing law to revise and establish provisions regarding the duties of county coroners.	CORONERS -- Amends, repeals, and adds to existing law to revise and establish provisions regarding the duties of county coroners.	out-of-gate:not-divided	
S1101	1964311	senate	1500640	2025-02-26	25-10	1	0	4	96	Read third time in full -- PASSED 25-10-0	Amends, repeals, and adds to existing law to revise and establish provisions regarding the duties of county coroners.	CORONERS -- Amends, repeals, and adds to existing law to revise and establish provisions regarding the duties of county coroners.	candidate:unbatched	
S1102	1964235	house	1521386	2025-03-19	67-1	1	0	4	208	Read Third Time in Full -- PASSED 67-1-2	Amends, repeals, and adds to existing law to revise provisions regarding the Idaho Residential Care or Assisted Living Act.	IDAHO RESIDENTIAL CARE OR ASSISTED LIVING ACT -- Amends, repeals, and adds to existing law to revise provisions regarding the Idaho Residential Care or Assisted Living Act.	out-of-gate:not-divided	
S1102	1964235	senate	1498227	2025-02-24	35-0	1	0	4	208	Read third time in full -- PASSED 35-0-0	Amends, repeals, and adds to existing law to revise provisions regarding the Idaho Residential Care or Assisted Living Act.	IDAHO RESIDENTIAL CARE OR ASSISTED LIVING ACT -- Amends, repeals, and adds to existing law to revise provisions regarding the Idaho Residential Care or Assisted Living Act.	out-of-gate:not-divided	
S1103	1967419	house	1509308	2025-03-10	67-0	1	0	4	59	Read Third Time in Full -- PASSED 67-0-3	Amends existing law to provide for state or federal credit unions to be designated as state depositories.	IDAHO INTERSTATE BANKING ACT -- Amends existing law to provide for state or federal credit unions to be designated as state depositories.	out-of-gate:not-divided	
S1103	1967419	senate	1498184	2025-02-24	34-0	1	0	4	59	Read third time in full -- PASSED 34-0-1	Amends existing law to provide for state or federal credit unions to be designated as state depositories.	IDAHO INTERSTATE BANKING ACT -- Amends existing law to provide for state or federal credit unions to be designated as state depositories.	out-of-gate:not-divided	
S1104	1969174	senate	1500165	2025-02-26	28-7	1	0	2		Read third time in full -- PASSED 28-7-0	Amends existing law to provide that certain legal advice and counseling services be provided to birth parents and to provide for notification of such services.	ADOPTION -- Amends existing law to provide that certain legal advice and counseling services be provided to birth parents and to provide for notification of such services.	out-of-gate:not-enacted	
S1105	1969697	house	1516353	2025-03-12	62-4	1	1	4	132	Read Third Time in Full -- PASSED 62-4-4	Amends existing law to revise provisions regarding Don't Tread On Me license plates and to establish the Idaho Firearms Safety Education Committee.	TRANSPORTATION -- Amends existing law to revise provisions regarding Don't Tread On Me license plates and to establish the Idaho Firearms Safety Education Committee.	out-of-gate:not-divided	
S1105	1969697	senate	1508712	2025-03-06	29-6	1	1	4	132	Read third time in full as amended -- PASSED 29-6-0	Amends existing law to revise provisions regarding Don't Tread On Me license plates and to establish the Idaho Firearms Safety Education Committee.	TRANSPORTATION -- Amends existing law to revise provisions regarding Don't Tread On Me license plates and to establish the Idaho Firearms Safety Education Committee.	out-of-gate:not-divided	
S1106	1971402	house	1508633	2025-03-07	67-1	1	0	4	48	Read Third Time in Full -- PASSED 67-1-2	Relates to the maintenance appropriation to the Judicial Branch for fiscal year 2026.	APPROPRIATIONS -- JUDICIAL BRANCH -- Relates to the maintenance appropriation to the Judicial Branch for fiscal year 2026.	out-of-gate:not-divided	
S1106	1971402	senate	1500715	2025-02-26	33-0	1	0	4	48	Read third time in full -- PASSED 33-0-2	Relates to the maintenance appropriation to the Judicial Branch for fiscal year 2026.	APPROPRIATIONS -- JUDICIAL BRANCH -- Relates to the maintenance appropriation to the Judicial Branch for fiscal year 2026.	out-of-gate:not-divided	
S1107	1971224	house	1508667	2025-03-07	67-1	1	0	4	39	Read Third Time in Full -- PASSED 67-1-2	Relates to the maintenance appropriation to Public Safety for fiscal year 2026.	APPROPRIATIONS -- PUBLIC SAFETY -- Relates to the maintenance appropriation to Public Safety for fiscal year 2026.	out-of-gate:not-divided	
S1107	1971224	senate	1498411	2025-02-24	34-0	1	0	4	39	Read third time in full -- PASSED 34-0-1	Relates to the maintenance appropriation to Public Safety for fiscal year 2026.	APPROPRIATIONS -- PUBLIC SAFETY -- Relates to the maintenance appropriation to Public Safety for fiscal year 2026.	out-of-gate:not-divided	
S1108	1971047	house	1522898	2025-03-20	63-7	1	0	4	209	Read Third Time in Full -- PASSED 63-7-0	Relates to the maintenance appropriations to the Department of Health and Welfare and the State Independent Living Council for fiscal year 2026.	APPROPRIATIONS -- HEALTH AND HUMAN SERVICES -- Relates to the maintenance appropriations to the Department of Health and Welfare and the State Independent Living Council for fiscal year 2026.	out-of-gate:not-divided	
S1108	1971047	senate	1498349	2025-02-24	30-4	1	0	4	209	Read third time in full -- PASSED 30-4-1	Relates to the maintenance appropriations to the Department of Health and Welfare and the State Independent Living Council for fiscal year 2026.	APPROPRIATIONS -- HEALTH AND HUMAN SERVICES -- Relates to the maintenance appropriations to the Department of Health and Welfare and the State Independent Living Council for fiscal year 2026.	out-of-gate:not-divided	
S1109	1971437	house	1509516	2025-03-10	62-6	1	0	4	97	Read Third Time in Full -- PASSED 62-6-2	Relates to the maintenance appropriation to Economic Development for fiscal year 2026.	APPROPRIATIONS -- ECONOMIC DEVELOPMENT -- Relates to the maintenance appropriation to Economic Development for fiscal year 2026.	out-of-gate:not-divided	
S1109	1971437	senate	1498147	2025-02-24	34-0	1	0	4	97	Read third time in full -- PASSED 34-0-1	Relates to the maintenance appropriation to Economic Development for fiscal year 2026.	APPROPRIATIONS -- ECONOMIC DEVELOPMENT -- Relates to the maintenance appropriation to Economic Development for fiscal year 2026.	out-of-gate:not-divided	
S1110	1971294	house	1525660	2025-03-24	65-5	1	0	4	239	Read Third Time in Full -- PASSED 65-5-0	Relates to the maintenance appropriation to General Government for fiscal year 2026.	APPROPRIATIONS -- GENERAL GOVERNMENT -- Relates to the maintenance appropriation to General Government for fiscal year 2026.	out-of-gate:not-divided	
S1110	1971294	senate	1498504	2025-02-24	34-0	1	0	4	239	Read third time in full -- PASSED 34-0-1	Relates to the maintenance appropriation to General Government for fiscal year 2026.	APPROPRIATIONS -- GENERAL GOVERNMENT -- Relates to the maintenance appropriation to General Government for fiscal year 2026.	out-of-gate:not-divided	
S1111	1971369	senate	1514591	2025-03-11	19-16	1	1	2		Read third time in full as amended -- PASSED 19-16-0	Adds to existing law to establish provisions regarding truth in digital advertising sales.	CONSUMER PROTECTION -- Adds to existing law to establish provisions regarding truth in digital advertising sales.	out-of-gate:not-enacted	
S1116	1973567	house	1524217	2025-03-21	69-0	1	0	4	210	Read Third Time in Full -- PASSED 69-0-1	Amends, repeals, and adds to existing law to provide for the office of administrative hearings and to provide for the billing of state agencies for certain serv	STATE BUDGET -- Amends, repeals, and adds to existing law to provide for the office of administrative hearings and to provide for the billing of state agencies for certain services.	out-of-gate:not-divided	
S1116	1973567	senate	1505249	2025-03-04	34-0	1	0	4	210	Read third time in full -- PASSED 34-0-1	Amends, repeals, and adds to existing law to provide for the office of administrative hearings and to provide for the billing of state agencies for certain serv	STATE BUDGET -- Amends, repeals, and adds to existing law to provide for the office of administrative hearings and to provide for the billing of state agencies for certain services.	out-of-gate:not-divided	
S1117	1975333	house	1535848	2025-04-02	66-0	1	0	4	305		Amends existing law to require an updated fiscal impact statement for initiative petitions.	ELECTIONS -- Amends existing law to require an updated fiscal impact statement for initiative petitions.	out-of-gate:not-divided	
S1117	1975333	senate	1501767	2025-02-27	35-0	1	0	4	305	Read third time in full -- PASSED 35-0-0	Amends existing law to require an updated fiscal impact statement for initiative petitions.	ELECTIONS -- Amends existing law to require an updated fiscal impact statement for initiative petitions.	out-of-gate:not-divided	
S1118	1975287	house	1517979	2025-03-14	65-0	1	0	4	133	Read Third Time in Full -- PASSED 65-0-5	Amends existing law to revise certain monetary thresholds for certain types of procurement by political subdivisions.	PROCUREMENT BY POLITICAL SUBDIVISIONS -- Amends existing law to revise certain monetary thresholds for certain types of procurement by political subdivisions.	out-of-gate:not-divided	
S1118	1975287	senate	1501723	2025-02-27	35-0	1	0	4	133	Read third time in full -- PASSED 35-0-0	Amends existing law to revise certain monetary thresholds for certain types of procurement by political subdivisions.	PROCUREMENT BY POLITICAL SUBDIVISIONS -- Amends existing law to revise certain monetary thresholds for certain types of procurement by political subdivisions.	out-of-gate:not-divided	
S1120	1977213	house	1522067	2025-03-19	66-0	1	0	4	180	Read Third Time in Full -- PASSED 66-0-4	Amends existing law to revise provisions regarding placing certain persons in protective custody without a hearing.	CRISIS RESPONSE FOR PERSONS WITH A NEUROCOGNITIVE DISORDER -- Amends existing law to revise provisions regarding placing certain persons in protective custody without a hearing.	out-of-gate:not-divided	
S1120	1977213	senate	1506054	2025-03-05	33-0	1	0	4	180	Read third time in full -- PASSED 33-0-2	Amends existing law to revise provisions regarding placing certain persons in protective custody without a hearing.	CRISIS RESPONSE FOR PERSONS WITH A NEUROCOGNITIVE DISORDER -- Amends existing law to revise provisions regarding placing certain persons in protective custody without a hearing.	out-of-gate:not-divided	
S1121	1979546	house	1512018	2025-03-10	66-0	1	0	4	90	Read Third Time in Full -- PASSED 66-0-4	Amends existing law to revise provisions regarding prohibiting the final disposition of dead human bodies.	COUNTIES -- Amends existing law to revise provisions regarding prohibiting the final disposition of dead human bodies.	out-of-gate:not-divided	
S1121	1979546	senate	1502720	2025-02-28	33-0	1	0	4	90	Read third time in full -- PASSED 33-0-2	Amends existing law to revise provisions regarding prohibiting the final disposition of dead human bodies.	COUNTIES -- Amends existing law to revise provisions regarding prohibiting the final disposition of dead human bodies.	out-of-gate:not-divided	
S1124	1979596	senate	1514574	2025-03-11	16-19	1	1	1		Read third time in full as amended -- FAILED 16-19-0	Adds to existing law to provide for electric corporations' standard of care for wildfire liability.	PUBLIC UTILITY REGULATION -- Adds to existing law to provide for electric corporations' standard of care for wildfire liability.	out-of-gate:not-enacted	
S1125	1979512	senate	1534959	2025-04-02	29-6	1	0	2		Read third time in full -- PASSED 29-6-0	Adds to existing law to establish provisions regarding assistance to political subdivisions for the defense of state law.	CONSTITUTIONAL DEFENSE COUNCIL -- Adds to existing law to establish provisions regarding assistance to political subdivisions for the defense of state law.	out-of-gate:not-enacted	
S1126	1981170	house	1519188	2025-03-17	61-0	1	1	4	181		Amends existing law to revise provisions regarding self-service storage facilities.	PROPERTY -- Amends existing law to revise provisions regarding self-service storage facilities.	out-of-gate:not-divided	
S1126	1981170	senate	1522963	2025-03-20	29-3	2	1	4	181	Read third time as amended in the House -- PASSED 29-3-3	Amends existing law to revise provisions regarding self-service storage facilities.	PROPERTY -- Amends existing law to revise provisions regarding self-service storage facilities.	superseded:last-roll-not-divided	
S1128	1981382	senate	1504656	2025-03-03	24-10	1	0	2		Read third time in full -- PASSED 24-10-1	Adds to existing law to provide for the funding of water infrastructure projects.	WATER MANAGEMENT ACCOUNT -- Adds to existing law to provide for the funding of water infrastructure projects.	out-of-gate:not-enacted	
S1130	1983835	house	1525670	2025-03-24	45-23	1	0	4	240	Read Third Time in Full -- PASSED 45-23-2	Relates to the appropriation to the Military Division for fiscal years 2025 and 2026.	APPROPRIATIONS -- MILITARY DIVISION -- Relates to the appropriation to the Military Division for fiscal years 2025 and 2026.	excluded:appropriations	agency budget bill; appropriations are excluded by standing campaign rule
S1130	1983835	senate	1502800	2025-02-28	21-12	1	0	4	240	Read third time in full -- PASSED 21-12-2 -Engelking	Relates to the appropriation to the Military Division for fiscal years 2025 and 2026.	APPROPRIATIONS -- MILITARY DIVISION -- Relates to the appropriation to the Military Division for fiscal years 2025 and 2026.	excluded:appropriations	agency budget bill; appropriations are excluded by standing campaign rule
S1131	1983841	house	1514624	2025-03-11	35-33	1	0	4	134	Read Third Time in Full -- PASSED 35-33-2	Relates to the appropriation to the to the Department of Insurance for fiscal year 2026.	APPROPRIATIONS -- DEPARTMENT OF INSURANCE -- Relates to the appropriation to the to the Department of Insurance for fiscal year 2026.	excluded:appropriations	agency budget bill; appropriations are excluded by standing campaign rule
S1131	1983841	senate	1505108	2025-03-04	23-11	1	0	4	134	Read third time in full -- PASSED 23-11-1	Relates to the appropriation to the to the Department of Insurance for fiscal year 2026.	APPROPRIATIONS -- DEPARTMENT OF INSURANCE -- Relates to the appropriation to the to the Department of Insurance for fiscal year 2026.	excluded:appropriations	agency budget bill; appropriations are excluded by standing campaign rule
S1132	1983847	house	1525664	2025-03-24	59-8	1	0	4	225	Read Third Time in Full -- PASSED 59-8-3	Relates to the appropriation to the State Independent Living Council for fiscal year 2026.	APPROPRIATIONS -- STATE INDEPENDENT LIVING COUNCIL -- Relates to the appropriation to the State Independent Living Council for fiscal year 2026.	out-of-gate:not-divided	
S1132	1983847	senate	1502371	2025-02-28	33-0	1	0	4	225	Read third time in full -- PASSED 33-0-2	Relates to the appropriation to the State Independent Living Council for fiscal year 2026.	APPROPRIATIONS -- STATE INDEPENDENT LIVING COUNCIL -- Relates to the appropriation to the State Independent Living Council for fiscal year 2026.	out-of-gate:not-divided	
S1133	1985172	house	1527165	2025-03-25	50-18	1	1	4	241	Read Third Time in Full -- PASSED 50-18-2	Amends, repeals, and adds to existing law to revise the Agricultural Protection Area Act.	AGRICULTURAL PROTECTION AREAS -- Amends, repeals, and adds to existing law to revise the Agricultural Protection Area Act.	dropped:selection	Agricultural Protection Area Act revision, not recognizable
S1133	1985172	senate	1517965	2025-03-14	27-7	1	1	4	241	Read third time in full as amended -- PASSED 27-7-1	Amends, repeals, and adds to existing law to revise the Agricultural Protection Area Act.	AGRICULTURAL PROTECTION AREAS -- Amends, repeals, and adds to existing law to revise the Agricultural Protection Area Act.	dropped:selection	Agricultural Protection Area Act revision, not recognizable
S1137	1988785	house	1517961	2025-03-14	60-7	1	0	4	135	Read Third Time in Full -- PASSED 60-7-3	Relates to the appropriation to the Division of Veterans Services for fiscal year 2026.	APPROPRIATIONS -- DIVISION OF VETERANS SERVICES -- Relates to the appropriation to the Division of Veterans Services for fiscal year 2026.	out-of-gate:not-divided	
S1137	1988785	senate	1508706	2025-03-06	27-7	1	0	4	135	Read third time in full -- PASSED 27-7-1	Relates to the appropriation to the Division of Veterans Services for fiscal year 2026.	APPROPRIATIONS -- DIVISION OF VETERANS SERVICES -- Relates to the appropriation to the Division of Veterans Services for fiscal year 2026.	excluded:appropriations	agency budget bill; appropriations are excluded by standing campaign rule
S1138	1988933	house	1516196	2025-03-12	29-37	1	0	2		Read Third Time in Full -- FAILED 29-37-4	Relates to the appropriation to the Department of Finance for fiscal year 2026.	APPROPRIATIONS -- DEPARTMENT OF FINANCE -- Relates to the appropriation to the Department of Finance for fiscal year 2026.	out-of-gate:not-enacted	
S1138	1988933	senate	1508704	2025-03-06	22-13	1	0	2		Read third time in full -- PASSED 22-13-0	Relates to the appropriation to the Department of Finance for fiscal year 2026.	APPROPRIATIONS -- DEPARTMENT OF FINANCE -- Relates to the appropriation to the Department of Finance for fiscal year 2026.	out-of-gate:not-enacted	
S1139	1990198	house	1522104	2025-03-19	49-15	1	0	4	182	Read Third Time in Full -- PASSED 49-15-6	Amends existing law to provide for the rejection of certain applicants due to certain criminal histories.	PEACE OFFICER STANDARDS AND TRAINING COUNCIL -- Amends existing law to provide for the rejection of certain applicants due to certain criminal histories.	candidate:unbatched	
S1139	1990198	senate	1515391	2025-03-11	34-0	1	0	4	182	Read third time in full -- PASSED 34-0-1	Amends existing law to provide for the rejection of certain applicants due to certain criminal histories.	PEACE OFFICER STANDARDS AND TRAINING COUNCIL -- Amends existing law to provide for the rejection of certain applicants due to certain criminal histories.	out-of-gate:not-divided	
S1140	1990291	house	1529707	2025-03-27	59-9	1	1	4	242		Amends existing law to define a term and to revise provisions regarding violations and enforcement.	TRANSPORTATION -- Amends existing law to define a term and to revise provisions regarding violations and enforcement.	out-of-gate:not-divided	
S1140	1990291	senate	1525557	2025-03-24	28-6	1	1	4	242	Read in full as required) -- PASSED 28-6-1	Amends existing law to define a term and to revise provisions regarding violations and enforcement.	TRANSPORTATION -- Amends existing law to define a term and to revise provisions regarding violations and enforcement.	out-of-gate:not-divided	
S1141	1990225	house	1527078	2025-03-25	59-10	1	1	4	248	Read Third Time in Full -- PASSED 59-10-1	Adds to existing law to establish provisions regarding a ban on unauthorized public camping or sleeping.	STATE GOVERNMENT -- Adds to existing law to establish provisions regarding a ban on unauthorized public camping or sleeping.	out-of-gate:not-divided	
S1141	1990225	senate	1518096	2025-03-14	27-8	1	1	4	248	Read third time in full as amended -- PASSED 27-8-0	Adds to existing law to establish provisions regarding a ban on unauthorized public camping or sleeping.	STATE GOVERNMENT -- Adds to existing law to establish provisions regarding a ban on unauthorized public camping or sleeping.	batched:batch-03	imported in batch-03
S1142	1990182	house	1536679	2025-04-03	56-13	1	1	4	328		Amends and repeals existing law to transfer funds from the Empowering Parents Grant Program Fund to the General Fund and to repeal the Empowering Parents Grant	EDUCATION -- Amends and repeals existing law to transfer funds from the Empowering Parents Grant Program Fund to the General Fund and to repeal the Empowering Parents Grant Program.	out-of-gate:not-divided	
S1142	1990182	senate	1537274	2025-04-04	33-0	2	1	4	328	Read in full as required) -- PASSED 33-0-2	Amends and repeals existing law to transfer funds from the Empowering Parents Grant Program Fund to the General Fund and to repeal the Empowering Parents Grant	EDUCATION -- Amends and repeals existing law to transfer funds from the Empowering Parents Grant Program Fund to the General Fund and to repeal the Empowering Parents Grant Program.	out-of-gate:not-divided	
S1144	1990165	house	1529437	2025-03-27	58-10	1	0	4	243		Repeals and adds to existing law to establish provisions regarding laying out of highways.	TRANSPORTATION -- Repeals and adds to existing law to establish provisions regarding laying out of highways.	out-of-gate:not-divided	
S1144	1990165	senate	1525559	2025-03-24	26-7	1	0	4	243	Read third time in full -- PASSED 26-7-2	Repeals and adds to existing law to establish provisions regarding laying out of highways.	TRANSPORTATION -- Repeals and adds to existing law to establish provisions regarding laying out of highways.	candidate:unbatched	
S1145	1990275	senate	1515325	2025-03-11	14-21	1	0	1		Read third time in full -- FAILED 14-21-0	Adds to existing law to establish provisions regarding an Early Literacy Readiness Program.	EDUCATION -- Adds to existing law to establish provisions regarding an Early Literacy Readiness Program.	out-of-gate:not-enacted	
S1146	1990133	house	1524979	2025-03-24	58-9	1	0	4	226	Read Third Time in Full -- PASSED 58-9-3	Amends existing law to revise a provision regarding the Oil and Gas Conservation Commission.	OIL AND GAS -- Amends existing law to revise a provision regarding the Oil and Gas Conservation Commission.	out-of-gate:not-divided	
S1146	1990133	senate	1516301	2025-03-12	33-1	1	0	4	226	Read third time in full -- PASSED 33-1-1	Amends existing law to revise a provision regarding the Oil and Gas Conservation Commission.	OIL AND GAS -- Amends existing law to revise a provision regarding the Oil and Gas Conservation Commission.	out-of-gate:not-divided	
S1147	1990152	senate	1516646	2025-03-12	22-13	1	0	2		Read third time in full -- PASSED 22-13-0	Amends existing law to provide for outcomes-based funding.	EDUCATION -- Amends existing law to provide for outcomes-based funding.	out-of-gate:not-enacted	
S1148	1990252	house	1525657	2025-03-24	35-30	1	0	4	244	Read Third Time in Full -- PASSED 35-30-4	Amends existing law to increase the salaries of commissioners of the Public Utilities Commission, State Tax Commission, and Industrial Commission.	APPROPRIATIONS -- PUBLIC UTILITIES COMMISSION -- STATE TAX COMMISSION -- INDUSTRIAL COMMISSION -- Amends existing law to increase the salaries of commissioners of the Public Utilities Commission, State Tax Commission, an	excluded:appropriations	agency budget bill; appropriations are excluded by standing campaign rule
S1148	1990252	senate	1515292	2025-03-11	19-15	1	0	4	244	Read third time in full -- PASSED 19-15-1	Amends existing law to increase the salaries of commissioners of the Public Utilities Commission, State Tax Commission, and Industrial Commission.	APPROPRIATIONS -- PUBLIC UTILITIES COMMISSION -- STATE TAX COMMISSION -- INDUSTRIAL COMMISSION -- Amends existing law to increase the salaries of commissioners of the Public Utilities Commission, State Tax Commission, an	excluded:appropriations	agency budget bill; appropriations are excluded by standing campaign rule
S1149	1990296	house	1530301	2025-03-28	68-0	1	1	4	270		Amends existing law to revise provisions regarding property ownership in the State of Idaho.	PROPERTY -- Amends existing law to revise provisions regarding property ownership in the State of Idaho.	out-of-gate:not-divided	
S1149	1990296	senate	1517966	2025-03-14	32-3	1	1	4	270	Read third time in full as amended -- PASSED 32-3-0	Amends existing law to revise provisions regarding property ownership in the State of Idaho.	PROPERTY -- Amends existing law to revise provisions regarding property ownership in the State of Idaho.	out-of-gate:not-divided	
S1150	1990232	house	1518001	2025-03-14	38-28	1	0	4	136	Read Third Time in Full -- PASSED 38-28-4	Relates to the appropriation to the Department of Agriculture and the Soil and Water Conservation Commission for fiscal years 2025 and 2026.	APPROPRIATIONS -- DEPARTMENT OF AGRICULTURE -- Relates to the appropriation to the Department of Agriculture and the Soil and Water Conservation Commission for fiscal years 2025 and 2026.	excluded:appropriations	agency budget bill; appropriations are excluded by standing campaign rule
S1150	1990232	senate	1511610	2025-03-10	22-13	1	0	4	136	Read third time in full -- PASSED 22-13-0	Relates to the appropriation to the Department of Agriculture and the Soil and Water Conservation Commission for fiscal years 2025 and 2026.	APPROPRIATIONS -- DEPARTMENT OF AGRICULTURE -- Relates to the appropriation to the Department of Agriculture and the Soil and Water Conservation Commission for fiscal years 2025 and 2026.	excluded:appropriations	agency budget bill; appropriations are excluded by standing campaign rule
S1153	1990116	house	1530466	2025-03-28	63-0	1	0	4	271	Read Third Time in Full -- PASSED 63-0-7	Amends and adds to existing law to establish a USS Idaho SSN 799 Commemorative License Plate.	TRANSPORTATION -- Amends and adds to existing law to establish a USS Idaho SSN 799 Commemorative License Plate.	out-of-gate:not-divided	
S1153	1990116	senate	1516659	2025-03-12	31-3	1	0	4	271	Read third time in full -- PASSED 31-3-1	Amends and adds to existing law to establish a USS Idaho SSN 799 Commemorative License Plate.	TRANSPORTATION -- Amends and adds to existing law to establish a USS Idaho SSN 799 Commemorative License Plate.	out-of-gate:not-divided	
S1154	1991327	house	1525652	2025-03-24	25-44	1	0	2		Read Third Time in Full -- FAILED 25-44-1	Relates to the appropriation to the Commission on the Arts for fiscal year 2026.	APPROPRIATIONS -- COMMISSION ON THE ARTS -- Relates to the appropriation to the Commission on the Arts for fiscal year 2026.	out-of-gate:not-enacted	
S1154	1991327	senate	1514272	2025-03-11	18-16	1	0	2		Read third time in full -- PASSED 18-16-1 -Engelking	Relates to the appropriation to the Commission on the Arts for fiscal year 2026.	APPROPRIATIONS -- COMMISSION ON THE ARTS -- Relates to the appropriation to the Commission on the Arts for fiscal year 2026.	out-of-gate:not-enacted	
S1155	1991271	senate	1515375	2025-03-11	8-26	1	0	1		Read third time in full -- FAILED 8-26-1 -Engelking	Relates to the appropriation to the State Liquor Division for fiscal year 2026.	APPROPRIATIONS -- STATE LIQUOR DIVISION -- Relates to the appropriation to the State Liquor Division for fiscal year 2026.	out-of-gate:not-enacted	
S1157	1992722	house	1536091	2025-04-02	65-0	1	0	4	306		Amends existing law to revise declarations of candidacy for independent candidates for president and vice president.	ELECTIONS -- Amends existing law to revise declarations of candidacy for independent candidates for president and vice president.	out-of-gate:not-divided	
S1157	1992722	senate	1518092	2025-03-14	35-0	1	0	4	306	Read third time in full -- PASSED 35-0-0	Amends existing law to revise declarations of candidacy for independent candidates for president and vice president.	ELECTIONS -- Amends existing law to revise declarations of candidacy for independent candidates for president and vice president.	out-of-gate:not-divided	
S1159	1992832	house	1529772	2025-03-27	69-0	1	0	4	245		Amends House Bill 206 to revise provisions regarding use and distribution of emergency medical services funds and county accountability.	EMERGENCY MEDICAL SERVICES -- Amends House Bill 206 to revise provisions regarding use and distribution of emergency medical services funds and county accountability.	out-of-gate:not-divided	
S1159	1992832	senate	1516912	2025-03-12	33-0	1	0	4	245	Read third time in full -- PASSED 33-0-2	Amends House Bill 206 to revise provisions regarding use and distribution of emergency medical services funds and county accountability.	EMERGENCY MEDICAL SERVICES -- Amends House Bill 206 to revise provisions regarding use and distribution of emergency medical services funds and county accountability.	out-of-gate:not-divided	
S1160	1992777	house	1522870	2025-03-20	30-40	1	0	2		Read Third Time in Full -- FAILED 30-40-0	Relates to the appropriation to the Department of Health and Welfare for fiscal years 2025 and 2026.	APPROPRIATIONS -- HEALTH AND WELFARE -- OTHER PROGRAMS -- Relates to the appropriation to the Department of Health and Welfare for fiscal years 2025 and 2026.	out-of-gate:not-enacted	
S1160	1992777	senate	1515382	2025-03-11	24-11	1	0	2		Read third time in full -- PASSED 24-11-0	Relates to the appropriation to the Department of Health and Welfare for fiscal years 2025 and 2026.	APPROPRIATIONS -- HEALTH AND WELFARE -- OTHER PROGRAMS -- Relates to the appropriation to the Department of Health and Welfare for fiscal years 2025 and 2026.	out-of-gate:not-enacted	
S1161	1992884	house	1525674	2025-03-24	44-23	1	0	4	227	Read Third Time in Full -- PASSED 44-23-3	Relates to the appropriation to the Office of Species Conservation for fiscal year 2026.	APPROPRIATIONS -- OFFICE OF SPECIES CONSERVATION -- Relates to the appropriation to the Office of Species Conservation for fiscal year 2026.	excluded:appropriations	agency budget bill; appropriations are excluded by standing campaign rule
S1161	1992884	senate	1514910	2025-03-11	22-12	1	0	4	227	Read third time in full -- PASSED 22-12-1	Relates to the appropriation to the Office of Species Conservation for fiscal year 2026.	APPROPRIATIONS -- OFFICE OF SPECIES CONSERVATION -- Relates to the appropriation to the Office of Species Conservation for fiscal year 2026.	excluded:appropriations	agency budget bill; appropriations are excluded by standing campaign rule
S1162	1993858	senate	1533076	2025-04-01	11-23	1	1	1		Read third time in full as amended -- FAILED 11-23-1	Amends existing law to revise provisions regarding the authority of local governments to regulate short-term rentals and vacation rentals.	SHORT-TERM RENTALS AND VACATION RENTALS -- Amends existing law to revise provisions regarding the authority of local governments to regulate short-term rentals and vacation rentals.	out-of-gate:not-enacted	
S1164	1995210	house	1530467	2025-03-28	63-0	1	1	4	272		Adds to existing law to establish certain requirements regarding the building permit process.	BUILDING CODES -- Adds to existing law to establish certain requirements regarding the building permit process.	out-of-gate:not-divided	
S1164	1995210	senate	1525566	2025-03-24	33-0	1	1	4	272	Read in full as required) -- PASSED 33-0-2	Adds to existing law to establish certain requirements regarding the building permit process.	BUILDING CODES -- Adds to existing law to establish certain requirements regarding the building permit process.	out-of-gate:not-divided	
S1165	1994867	house	1523757	2025-03-20	20-50	1	0	2		Read Third Time in Full -- FAILED 20-50-0	Relates to the appropriation to the Department of Health and Welfare for the Behavioral Health Services Division for fiscal years 2025 and 2026.	APPROPRIATIONS -- HEALTH AND WELFARE -- BEHAVIORAL HEALTH SERVICES -- Relates to the appropriation to the Department of Health and Welfare for the Behavioral Health Services Division for fiscal years 2025 and 2026.	out-of-gate:not-enacted	
S1165	1994867	senate	1516563	2025-03-12	22-12	1	0	2		Read third time in full -- PASSED 22-12-1	Relates to the appropriation to the Department of Health and Welfare for the Behavioral Health Services Division for fiscal years 2025 and 2026.	APPROPRIATIONS -- HEALTH AND WELFARE -- BEHAVIORAL HEALTH SERVICES -- Relates to the appropriation to the Department of Health and Welfare for the Behavioral Health Services Division for fiscal years 2025 and 2026.	out-of-gate:not-enacted	
S1167	1996644	house	1529696	2025-03-27	55-13	1	0	4	254	Read Third Time in Full -- PASSED 55-13-2	Repeals existing law to remove provisions regarding weather modification.	WEATHER MODIFICATION DISTRICTS -- Repeals existing law to remove provisions regarding weather modification.	out-of-gate:not-divided	
S1167	1996644	senate	1521660	2025-03-19	34-0	1	0	4	254	Read third time in full -- PASSED 34-0-1	Repeals existing law to remove provisions regarding weather modification.	WEATHER MODIFICATION DISTRICTS -- Repeals existing law to remove provisions regarding weather modification.	out-of-gate:not-divided	
S1170	2005169	house	1529371	2025-03-27	61-8	1	0	4	228	Read Third Time in Full -- PASSED 61-8-1	Repeals and adds to existing law to establish provisions regarding ore processing by cyanidation.	ENVIRONMENTAL QUALITY -- Repeals and adds to existing law to establish provisions regarding ore processing by cyanidation.	out-of-gate:not-divided	
S1170	2005169	senate	1521687	2025-03-19	30-4	1	0	4	228	Read third time in full -- PASSED 30-4-1	Repeals and adds to existing law to establish provisions regarding ore processing by cyanidation.	ENVIRONMENTAL QUALITY -- Repeals and adds to existing law to establish provisions regarding ore processing by cyanidation.	out-of-gate:not-divided	
S1171	2004603	house	1534539	2025-04-02	64-3	1	1	4	307		Amends existing law to establish provisions regarding a civil cause of action when an abortion has been attempted or performed.	FETAL HEARTBEAT PREBORN CHILD PROTECTION ACT -- Amends existing law to establish provisions regarding a civil cause of action when an abortion has been attempted or performed.	out-of-gate:not-divided	
S1171	2004603	senate	1525249	2025-03-24	32-1	1	1	4	307	Read in full as required) -- PASSED 32-1-2	Amends existing law to establish provisions regarding a civil cause of action when an abortion has been attempted or performed.	FETAL HEARTBEAT PREBORN CHILD PROTECTION ACT -- Amends existing law to establish provisions regarding a civil cause of action when an abortion has been attempted or performed.	out-of-gate:not-divided	
S1172	2007933	house	1525656	2025-03-24	36-33	1	0	4	229	Read Third Time in Full -- PASSED 36-33-1	Relates to the appropriation to the Department of Commerce for fiscal year 2026.	APPROPRIATIONS -- DEPARTMENT OF COMMERCE -- Relates to the appropriation to the Department of Commerce for fiscal year 2026.	excluded:appropriations	agency budget bill; appropriations are excluded by standing campaign rule
S1172	2007933	senate	1522174	2025-03-19	28-6	1	0	4	229	Read third time in full -- PASSED 28-6-1	Relates to the appropriation to the Department of Commerce for fiscal year 2026.	APPROPRIATIONS -- DEPARTMENT OF COMMERCE -- Relates to the appropriation to the Department of Commerce for fiscal year 2026.	out-of-gate:not-divided	
S1173	2008106	house	1525661	2025-03-24	56-12	1	0	4	230	Read Third Time in Full -- PASSED 56-12-2	Relates to the appropriation to the Department of Juvenile Corrections for fiscal year 2026.	APPROPRIATIONS -- DEPARTMENT OF JUVENILE CORRECTIONS -- Relates to the appropriation to the Department of Juvenile Corrections for fiscal year 2026.	out-of-gate:not-divided	
S1173	2008106	senate	1521721	2025-03-19	33-1	1	0	4	230	Read third time in full -- PASSED 33-1-1	Relates to the appropriation to the Department of Juvenile Corrections for fiscal year 2026.	APPROPRIATIONS -- DEPARTMENT OF JUVENILE CORRECTIONS -- Relates to the appropriation to the Department of Juvenile Corrections for fiscal year 2026.	out-of-gate:not-divided	
S1174	2007758	house	1525667	2025-03-24	25-44	1	0	2		Read Third Time in Full -- FAILED 25-44-1	Relates to the appropriation to the Industrial Commission for fiscal years 2025 and 2026.	APPROPRIATIONS -- INDUSTRIAL COMMISSION -- Relates to the appropriation to the Industrial Commission for fiscal years 2025 and 2026.	out-of-gate:not-enacted	
S1174	2007758	senate	1521507	2025-03-19	27-7	1	0	2		Read third time in full -- PASSED 27-7-1	Relates to the appropriation to the Industrial Commission for fiscal years 2025 and 2026.	APPROPRIATIONS -- INDUSTRIAL COMMISSION -- Relates to the appropriation to the Industrial Commission for fiscal years 2025 and 2026.	out-of-gate:not-enacted	
S1175	2010244	house	1527163	2025-03-25	42-27	1	0	4	231	Read Third Time in Full -- PASSED 42-27-1	Relates to the appropriation to the Department of Correction for fiscal years 2025 and 2026.	APPROPRIATIONS -- DEPARTMENT OF CORRECTION -- Relates to the appropriation to the Department of Correction for fiscal years 2025 and 2026.	excluded:appropriations	agency budget bill; appropriations are excluded by standing campaign rule
S1175	2010244	senate	1523741	2025-03-20	18-15	1	0	4	231	Read third time in full -- PASSED 18-15-2	Relates to the appropriation to the Department of Correction for fiscal years 2025 and 2026.	APPROPRIATIONS -- DEPARTMENT OF CORRECTION -- Relates to the appropriation to the Department of Correction for fiscal years 2025 and 2026.	excluded:appropriations	agency budget bill; appropriations are excluded by standing campaign rule
S1177	2010331	house	1527168	2025-03-25	42-26	1	0	4	232	Read Third Time in Full -- PASSED 42-26-2	Relates to the appropriation to the Division of Occupational and Professional Licenses for fiscal year 2026.	APPROPRIATIONS -- DIVISION OF OCCUPATIONAL AND PROFESSIONAL LICENSES -- Relates to the appropriation to the Division of Occupational and Professional Licenses for fiscal year 2026.	excluded:appropriations	agency budget bill; appropriations are excluded by standing campaign rule
S1177	2010331	senate	1523885	2025-03-20	24-11	1	0	4	232	Read third time in full -- PASSED 24-11-0	Relates to the appropriation to the Division of Occupational and Professional Licenses for fiscal year 2026.	APPROPRIATIONS -- DIVISION OF OCCUPATIONAL AND PROFESSIONAL LICENSES -- Relates to the appropriation to the Division of Occupational and Professional Licenses for fiscal year 2026.	excluded:appropriations	agency budget bill; appropriations are excluded by standing campaign rule
S1178	2010202	house	1527167	2025-03-25	39-28	1	0	4	233	Read Third Time in Full -- PASSED 39-28-3	Relates to the appropriation to the Commission on Aging for fiscal year 2026.	APPROPRIATIONS -- COMMISSION ON AGING -- Relates to the appropriation to the Commission on Aging for fiscal year 2026.	excluded:appropriations	agency budget bill; appropriations are excluded by standing campaign rule
S1178	2010202	senate	1523888	2025-03-20	23-12	1	0	4	233	Read third time in full -- PASSED 23-12-0	Relates to the appropriation to the Commission on Aging for fiscal year 2026.	APPROPRIATIONS -- COMMISSION ON AGING -- Relates to the appropriation to the Commission on Aging for fiscal year 2026.	excluded:appropriations	agency budget bill; appropriations are excluded by standing campaign rule
S1179	2011689	senate	1529982	2025-03-28	31-3	1	0	2		Read third time in full -- PASSED 31-3-1	Amends Senate Bill 1014 to revise provisions regarding exemptions for required testing of newborns.	HEALTH AND SAFETY -- Amends Senate Bill 1014 to revise provisions regarding exemptions for required testing of newborns.	out-of-gate:not-enacted	
S1180	2011884	house	1536768	2025-04-03	45-24	1	0	4	316		Amends and adds to existing law to establish provisions regarding the use of automated license plate readers and their data and to provide for vehicles equipped	TRANSPORTATION -- Amends and adds to existing law to establish provisions regarding the use of automated license plate readers and their data and to provide for vehicles equipped with front license plate mounting bracket	batched:batch-01	imported in batch-01
S1180	2011884	senate	1529328	2025-03-27	25-10	1	0	4	316	Read third time in full -- PASSED 25-10-0	Amends and adds to existing law to establish provisions regarding the use of automated license plate readers and their data and to provide for vehicles equipped	TRANSPORTATION -- Amends and adds to existing law to establish provisions regarding the use of automated license plate readers and their data and to provide for vehicles equipped with front license plate mounting bracket	batched:batch-01	imported in batch-01
S1181	2011806	house	1536506	2025-04-03	65-2	1	0	4	329		Amends existing law to revise provisions regarding the Office of the State Public Defender and indigent public defense in this state.	PUBLIC DEFENSE -- Amends existing law to revise provisions regarding the Office of the State Public Defender and indigent public defense in this state.	out-of-gate:not-divided	
S1181	2011806	senate	1525200	2025-03-24	34-0	1	0	4	329	Read in full as required) -- PASSED 34-0-1	Amends existing law to revise provisions regarding the Office of the State Public Defender and indigent public defense in this state.	PUBLIC DEFENSE -- Amends existing law to revise provisions regarding the Office of the State Public Defender and indigent public defense in this state.	out-of-gate:not-divided	
S1183	2011920	house	1529738	2025-03-27	46-23	1	0	4	249		Adds to existing law to establish the Wildfire Standard of Care Act.	WILDFIRE STANDARD OF CARE ACT -- Adds to existing law to establish the Wildfire Standard of Care Act.	batched:batch-01	imported in batch-01
S1183	2011920	senate	1525625	2025-03-24	24-11	1	0	4	249	Read in full as required) -- PASSED 24-11-0	Adds to existing law to establish the Wildfire Standard of Care Act.	WILDFIRE STANDARD OF CARE ACT -- Adds to existing law to establish the Wildfire Standard of Care Act.	batched:batch-01	imported in batch-01
S1185	2013402	house	1532734	2025-03-31	53-16	1	0	4	273	Read Third Time in Full -- PASSED 53-16-1	Relates to the appropriation to the Judicial Branch for fiscal year 2026.	APPROPRIATIONS -- JUDICIAL BRANCH -- Relates to the appropriation to the Judicial Branch for fiscal year 2026.	excluded:appropriations	agency budget bill; appropriations are excluded by standing campaign rule
S1185	2013402	senate	1529323	2025-03-27	29-6	1	0	4	273	Read third time in full -- PASSED 29-6-0	Relates to the appropriation to the Judicial Branch for fiscal year 2026.	APPROPRIATIONS -- JUDICIAL BRANCH -- Relates to the appropriation to the Judicial Branch for fiscal year 2026.	out-of-gate:not-divided	
S1187	2013472	house	1536243	2025-04-02	64-0	1	0	4	308		Amends Senate Bill 1133 to revise the Agricultural Protection Area Act.	AGRICULTURAL PROTECTION AREAS -- Amends Senate Bill 1133 to revise the Agricultural Protection Area Act.	out-of-gate:not-divided	
S1187	2013472	senate	1530088	2025-03-28	34-0	1	0	4	308	Read third time in full -- PASSED 34-0-1	Amends Senate Bill 1133 to revise the Agricultural Protection Area Act.	AGRICULTURAL PROTECTION AREAS -- Amends Senate Bill 1133 to revise the Agricultural Protection Area Act.	out-of-gate:not-divided	
S1190	2014597	house	1533195	2025-04-01	51-17	1	0	4	291		Provides appropriations for a statutory increase to commissioner salaries of the Public Utilities Commission, Industrial Commission, and State Tax Commission.	APPROPRIATIONS -- PUBLIC UTILITIES COMMISSION -- STATE TAX COMMISSION -- INDUSTRIAL COMMISSION -- Provides appropriations for a statutory increase to commissioner salaries of the Public Utilities Commission, Industrial C	excluded:appropriations	agency budget bill; appropriations are excluded by standing campaign rule
S1190	2014597	senate	1530232	2025-03-28	21-14	1	0	4	291	Read third time in full -- PASSED 21-14-0	Provides appropriations for a statutory increase to commissioner salaries of the Public Utilities Commission, Industrial Commission, and State Tax Commission.	APPROPRIATIONS -- PUBLIC UTILITIES COMMISSION -- STATE TAX COMMISSION -- INDUSTRIAL COMMISSION -- Provides appropriations for a statutory increase to commissioner salaries of the Public Utilities Commission, Industrial C	excluded:appropriations	agency budget bill; appropriations are excluded by standing campaign rule
S1191	2014510	senate	1530100	2025-03-28	9-26	1	0	1		Read third time in full -- FAILED 9-26-0	Relates to the appropriation to the Office of Energy and Mineral Resources for fiscal year 2026.	APPROPRIATIONS -- OFFICE OF ENERGY AND MINERAL RESOURCES -- Relates to the appropriation to the Office of Energy and Mineral Resources for fiscal year 2026.	out-of-gate:not-enacted	
S1192	2014524	house	1534318	2025-04-01	34-35	1	0	2			Relates to the appropriation to the State Liquor Division for fiscal year 2026.	APPROPRIATIONS -- STATE LIQUOR DIVISION -- Relates to the appropriation to the State Liquor Division for fiscal year 2026.	out-of-gate:not-enacted	
S1192	2014524	senate	1530250	2025-03-28	21-13	1	0	2		Read third time in full -- PASSED 21-13-1	Relates to the appropriation to the State Liquor Division for fiscal year 2026.	APPROPRIATIONS -- STATE LIQUOR DIVISION -- Relates to the appropriation to the State Liquor Division for fiscal year 2026.	out-of-gate:not-enacted	
S1193	2014637	house	1532768	2025-04-01	27-43	1	0	2			Relates to the appropriation to the Office of Information Technology Services for fiscal years 2025 and 2026.	APPROPRIATIONS -- OFFICE OF INFORMATION TECHNOLOGY SERVICES -- Relates to the appropriation to the Office of Information Technology Services for fiscal years 2025 and 2026.	out-of-gate:not-enacted	
S1193	2014637	senate	1530056	2025-03-28	25-10	1	0	2		Read third time in full -- PASSED 25-10-0	Relates to the appropriation to the Office of Information Technology Services for fiscal years 2025 and 2026.	APPROPRIATIONS -- OFFICE OF INFORMATION TECHNOLOGY SERVICES -- Relates to the appropriation to the Office of Information Technology Services for fiscal years 2025 and 2026.	out-of-gate:not-enacted	
S1194	2015012	house	1536241	2025-04-02	44-24	1	0	4	309	Read Third Time in Full -- PASSED 44-24-2	Relates to the appropriation to the Department of Health and Welfare for fiscal years 2025 and 2026.	APPROPRIATIONS -- HEALTH AND WELFARE -- PUBLIC HEALTH SERVICES -- Relates to the appropriation to the Department of Health and Welfare for fiscal years 2025 and 2026.	excluded:appropriations	agency budget bill; appropriations are excluded by standing campaign rule
S1194	2015012	senate	1531010	2025-03-31	22-13	1	0	4	309	Read third time in full -- PASSED 22-13-0	Relates to the appropriation to the Department of Health and Welfare for fiscal years 2025 and 2026.	APPROPRIATIONS -- HEALTH AND WELFARE -- PUBLIC HEALTH SERVICES -- Relates to the appropriation to the Department of Health and Welfare for fiscal years 2025 and 2026.	excluded:appropriations	agency budget bill; appropriations are excluded by standing campaign rule
S1195	2015128	senate	1531385	2025-03-31	13-22	1	0	1		Read third time in full -- FAILED 13-22-0	Relates to the appropriation to the State Tax Commission for fiscal year 2026.	APPROPRIATIONS -- STATE TAX COMMISSION -- Relates to the appropriation to the State Tax Commission for fiscal year 2026.	out-of-gate:not-enacted	
S1196	2015199	house	1533350	2025-04-01	48-21	1	0	4	292		Relates to the appropriation to the Idaho Commission for Libraries for fiscal year 2026.	APPROPRIATIONS -- IDAHO COMMISSION FOR LIBRARIES -- Relates to the appropriation to the Idaho Commission for Libraries for fiscal year 2026.	excluded:appropriations	agency budget bill; appropriations are excluded by standing campaign rule
S1196	2015199	senate	1531357	2025-03-31	24-11	1	0	4	292	Read third time in full -- PASSED 24-11-0	Relates to the appropriation to the Idaho Commission for Libraries for fiscal year 2026.	APPROPRIATIONS -- IDAHO COMMISSION FOR LIBRARIES -- Relates to the appropriation to the Idaho Commission for Libraries for fiscal year 2026.	excluded:appropriations	agency budget bill; appropriations are excluded by standing campaign rule
S1197	2015173	house	1533432	2025-04-01	55-15	1	0	4	293		Relates to the appropriation to the Idaho State Police for fiscal years 2025 and 2026.	APPROPRIATIONS -- IDAHO STATE POLICE -- Relates to the appropriation to the Idaho State Police for fiscal years 2025 and 2026.	excluded:appropriations	agency budget bill; appropriations are excluded by standing campaign rule
S1197	2015173	senate	1531416	2025-03-31	28-6	1	0	4	293	Read third time in full -- PASSED 28-6-1	Relates to the appropriation to the Idaho State Police for fiscal years 2025 and 2026.	APPROPRIATIONS -- IDAHO STATE POLICE -- Relates to the appropriation to the Idaho State Police for fiscal years 2025 and 2026.	out-of-gate:not-divided	
S1198	2015153	house	1536661	2025-04-03	52-17	1	1	4	317		Adds to existing law to establish provisions to ensure freedom of inquiry in higher education.	EDUCATION -- Adds to existing law to establish provisions to ensure freedom of inquiry in higher education.	batched:batch-02	imported in batch-02
S1198	2015153	senate	1537403	2025-04-04	23-12	2	1	4	317	Read in full as required) -- PASSED 23-12-0	Adds to existing law to establish provisions to ensure freedom of inquiry in higher education.	EDUCATION -- Adds to existing law to establish provisions to ensure freedom of inquiry in higher education.	batched:batch-02	imported in batch-02
S1199	2015076	senate	1532071	2025-03-31	26-9	1	1	2		Read in full as required) -- PASSED 26-9-0	Amends existing law to revise provisions regarding the Idaho Parental Rights Act.	IDAHO PARENTAL RIGHTS ACT -- Amends existing law to revise provisions regarding the Idaho Parental Rights Act.	out-of-gate:not-enacted	
S1200	2015492	house	1532716	2025-04-01	38-31	1	0	4	294		Relates to the appropriation to the Idaho State Historical Society for fiscal year 2026.	APPROPRIATIONS -- IDAHO STATE HISTORICAL SOCIETY -- Relates to the appropriation to the Idaho State Historical Society for fiscal year 2026.	excluded:appropriations	agency budget bill; appropriations are excluded by standing campaign rule
S1200	2015492	senate	1532715	2025-03-31	20-13	1	0	4	294	Read third time in full -- PASSED 20-13-2	Relates to the appropriation to the Idaho State Historical Society for fiscal year 2026.	APPROPRIATIONS -- IDAHO STATE HISTORICAL SOCIETY -- Relates to the appropriation to the Idaho State Historical Society for fiscal year 2026.	excluded:appropriations	agency budget bill; appropriations are excluded by standing campaign rule
S1201	2015413	house	1536223	2025-04-02	40-30	1	0	4	310		Relates to the appropriation to the Department of Health and Welfare for fiscal years 2025 and 2026.	APPROPRIATIONS -- HEALTH AND WELFARE -- MEDICAID -- Relates to the appropriation to the Department of Health and Welfare for fiscal years 2025 and 2026.	excluded:appropriations	agency budget bill; appropriations are excluded by standing campaign rule
S1201	2015413	senate	1532764	2025-03-31	22-13	1	0	4	310	Read third time in full -- PASSED 22-13-0	Relates to the appropriation to the Department of Health and Welfare for fiscal years 2025 and 2026.	APPROPRIATIONS -- HEALTH AND WELFARE -- MEDICAID -- Relates to the appropriation to the Department of Health and Welfare for fiscal years 2025 and 2026.	excluded:appropriations	agency budget bill; appropriations are excluded by standing campaign rule
S1202	2015287	house	1533240	2025-04-01	51-19	1	0	4	295		Relates to the appropriation to the Office of the State Public Defender for fiscal year 2025.	APPROPRIATIONS -- OFFICE OF THE STATE PUBLIC DEFENDER -- Relates to the appropriation to the Office of the State Public Defender for fiscal year 2025.	excluded:appropriations	agency budget bill; appropriations are excluded by standing campaign rule
S1202	2015287	senate	1531281	2025-03-31	23-12	1	0	4	295	Read third time in full -- PASSED 23-12-0	Relates to the appropriation to the Office of the State Public Defender for fiscal year 2025.	APPROPRIATIONS -- OFFICE OF THE STATE PUBLIC DEFENDER -- Relates to the appropriation to the Office of the State Public Defender for fiscal year 2025.	excluded:appropriations	agency budget bill; appropriations are excluded by standing campaign rule
S1203	2016490	house	1536248	2025-04-02	56-11	1	0	4	330		Relates to the appropriation to the Department of Health and Welfare for fiscal year 2026.	APPROPRIATIONS -- DEPARTMENT OF HEALTH AND WELFARE -- INDEPENDENT COUNCILS -- Relates to the appropriation to the Department of Health and Welfare for fiscal year 2026.	out-of-gate:not-divided	
S1203	2016490	senate	1532759	2025-03-31	27-8	1	0	4	330	Read in full as required) -- PASSED 27-8-0	Relates to the appropriation to the Department of Health and Welfare for fiscal year 2026.	APPROPRIATIONS -- DEPARTMENT OF HEALTH AND WELFARE -- INDEPENDENT COUNCILS -- Relates to the appropriation to the Department of Health and Welfare for fiscal year 2026.	excluded:appropriations	agency budget bill; appropriations are excluded by standing campaign rule
S1204	2016572	house	1536207	2025-04-02	55-11	1	0	4	311		Relates to the appropriation to the Executive Office of the Governor for fiscal year 2026.	APPROPRIATIONS -- EXECUTIVE OFFICE OF THE GOVERNOR -- Relates to the appropriation to the Executive Office of the Governor for fiscal year 2026.	out-of-gate:not-divided	
S1204	2016572	senate	1532732	2025-03-31	25-10	1	0	4	311	Read in full as required) -- PASSED 25-10-0	Relates to the appropriation to the Executive Office of the Governor for fiscal year 2026.	APPROPRIATIONS -- EXECUTIVE OFFICE OF THE GOVERNOR -- Relates to the appropriation to the Executive Office of the Governor for fiscal year 2026.	excluded:appropriations	agency budget bill; appropriations are excluded by standing campaign rule
S1205	2016447	senate	1534916	2025-04-01	3-31	1	0	1		Read in full as required) -- FAILED 3-31-1	Relates to the funding of the Idaho Transportation Department for fiscal years 2025 and 2026.	IDAHO TRANSPORTATION DEPARTMENT -- FUNDING -- Relates to the funding of the Idaho Transportation Department for fiscal years 2025 and 2026.	out-of-gate:not-enacted	
S1206	2017529	house	1534565	2025-04-02	53-16	1	0	4	331		Relates to the appropriation to the Department of Health and Welfare for fiscal year 2026.	APPROPRIATIONS -- HEALTH AND WELFARE -- EARLY LEARNING AND DEVELOPMENT AND SERVICES FOR THE DEVELOPMENTALLY DISABLED -- Relates to the appropriation to the Department of Health and Welfare for fiscal year 2026.	excluded:appropriations	agency budget bill; appropriations are excluded by standing campaign rule
S1206	2017529	senate	1532957	2025-04-01	27-7	1	0	4	331	Read in full as required) -- PASSED 27-7-1	Relates to the appropriation to the Department of Health and Welfare for fiscal year 2026.	APPROPRIATIONS -- HEALTH AND WELFARE -- EARLY LEARNING AND DEVELOPMENT AND SERVICES FOR THE DEVELOPMENTALLY DISABLED -- Relates to the appropriation to the Department of Health and Welfare for fiscal year 2026.	excluded:appropriations	agency budget bill; appropriations are excluded by standing campaign rule
S1207	2017520	house	1534580	2025-04-02	60-8	1	0	4	332		Relates to the appropriation to the Department of Health and Welfare for fiscal years 2025 and 2026.	APPROPRIATIONS -- HEALTH AND WELFARE -- OTHER PROGRAMS -- Relates to the appropriation to the Department of Health and Welfare for fiscal years 2025 and 2026.	out-of-gate:not-divided	
S1207	2017520	senate	1534579	2025-04-01	30-3	1	0	4	332	Read in full as required) -- PASSED 30-3-2	Relates to the appropriation to the Department of Health and Welfare for fiscal years 2025 and 2026.	APPROPRIATIONS -- HEALTH AND WELFARE -- OTHER PROGRAMS -- Relates to the appropriation to the Department of Health and Welfare for fiscal years 2025 and 2026.	out-of-gate:not-divided	
S1208	2017568	house	1536346	2025-04-02	55-12	1	0	4	322		YOUTH SAFETY AND PERMANENCY- Relates to the appropriation to the Department of Health and Welfare for fiscal years 2025 and 2026.	APPROPRIATIONS -- HEALTH AND WELFARE -- YOUTH SAFETY AND PERMANENCY- Relates to the appropriation to the Department of Health and Welfare for fiscal years 2025 and 2026.	out-of-gate:not-divided	
S1208	2017568	senate	1534597	2025-04-01	28-7	1	0	4	322	Read in full as required) -- PASSED 28-7-0	YOUTH SAFETY AND PERMANENCY- Relates to the appropriation to the Department of Health and Welfare for fiscal years 2025 and 2026.	APPROPRIATIONS -- HEALTH AND WELFARE -- YOUTH SAFETY AND PERMANENCY- Relates to the appropriation to the Department of Health and Welfare for fiscal years 2025 and 2026.	excluded:appropriations	agency budget bill; appropriations are excluded by standing campaign rule
S1209	2017539	house	1536344	2025-04-02	64-2	1	0	4	333		Relates to the appropriation to the State Board of Education and the Board of Regents of the University of Idaho for College and Universities and the Office of	APPROPRIATIONS -- COLLEGE AND UNIVERSITIES -- Relates to the appropriation to the State Board of Education and the Board of Regents of the University of Idaho for College and Universities and the Office of the State Boar	out-of-gate:not-divided	
S1209	2017539	senate	1534583	2025-04-01	32-2	1	0	4	333	Read in full as required) -- PASSED 32-2-1	Relates to the appropriation to the State Board of Education and the Board of Regents of the University of Idaho for College and Universities and the Office of	APPROPRIATIONS -- COLLEGE AND UNIVERSITIES -- Relates to the appropriation to the State Board of Education and the Board of Regents of the University of Idaho for College and Universities and the Office of the State Boar	out-of-gate:not-divided	
S1210	2017512	house	1537326	2025-04-04	44-23	1	2	4	318		Amends existing law to establish the Idaho Medical Freedom Act.	IDAHO MEDICAL FREEDOM ACT -- Amends existing law to establish the Idaho Medical Freedom Act.	batched:batch-03	imported in batch-03
S1210	2017512	senate	1537327	2025-04-04	27-6	2	2	4	318	PASSED 27-6-2	Amends existing law to establish the Idaho Medical Freedom Act.	IDAHO MEDICAL FREEDOM ACT -- Amends existing law to establish the Idaho Medical Freedom Act.	superseded:last-roll-not-divided	
S1211	2017547	house	1537330	2025-04-03	66-1	1	0	4	334		Adds to existing law to provide that ivermectin may be sold or purchased without a prescription or consultation with a health care professional.	IVERMECTIN -- Adds to existing law to provide that ivermectin may be sold or purchased without a prescription or consultation with a health care professional.	out-of-gate:not-divided	
S1211	2017547	senate	1537329	2025-04-03	25-9	1	0	4	334	Read in full as required) -- PASSED 25-9-1	Adds to existing law to provide that ivermectin may be sold or purchased without a prescription or consultation with a health care professional.	IVERMECTIN -- Adds to existing law to provide that ivermectin may be sold or purchased without a prescription or consultation with a health care professional.	candidate:unbatched	
S1213	2018607	house	1536889	2025-04-03	42-27	1	0	4	335		Relates to the appropriation to the Public Schools Educational Support Program's Division of Central Services for fiscal year 2026.	APPROPRIATIONS -- PUBLIC SCHOOLS -- DIVISION OF CENTRAL SERVICES -- Relates to the appropriation to the Public Schools Educational Support Program's Division of Central Services for fiscal year 2026.	excluded:appropriations	agency budget bill; appropriations are excluded by standing campaign rule
S1213	2018607	senate	1535084	2025-04-02	22-11	1	0	4	335	Read in full as required) -- PASSED 22-11-2	Relates to the appropriation to the Public Schools Educational Support Program's Division of Central Services for fiscal year 2026.	APPROPRIATIONS -- PUBLIC SCHOOLS -- DIVISION OF CENTRAL SERVICES -- Relates to the appropriation to the Public Schools Educational Support Program's Division of Central Services for fiscal year 2026.	excluded:appropriations	agency budget bill; appropriations are excluded by standing campaign rule
S1214	2018608	house	1536865	2025-04-03	49-19	1	0	4	312		Relates to the appropriation to the Public Utilities Commission for fiscal year 2026.	APPROPRIATIONS -- PUBLIC UTILITIES COMMISSION -- Relates to the appropriation to the Public Utilities Commission for fiscal year 2026.	excluded:appropriations	agency budget bill; appropriations are excluded by standing campaign rule
S1214	2018608	senate	1535036	2025-04-02	28-7	1	0	4	312	Read in full as required) -- PASSED 28-7-0	Relates to the appropriation to the Public Utilities Commission for fiscal year 2026.	APPROPRIATIONS -- PUBLIC UTILITIES COMMISSION -- Relates to the appropriation to the Public Utilities Commission for fiscal year 2026.	excluded:appropriations	agency budget bill; appropriations are excluded by standing campaign rule
S1215	2018614	house	1536902	2025-04-03	59-9	1	0	4	336		Relates to the appropriations from the Idaho Millennium Income Fund for fiscal years 2025 and 2026.	APPROPRIATIONS -- MILLENNIUM INCOME FUND -- Relates to the appropriations from the Idaho Millennium Income Fund for fiscal years 2025 and 2026.	out-of-gate:not-divided	
S1215	2018614	senate	1535144	2025-04-02	26-9	1	0	4	336	Read in full as required) -- PASSED 26-9-0	Relates to the appropriations from the Idaho Millennium Income Fund for fiscal years 2025 and 2026.	APPROPRIATIONS -- MILLENNIUM INCOME FUND -- Relates to the appropriations from the Idaho Millennium Income Fund for fiscal years 2025 and 2026.	excluded:appropriations	agency budget bill; appropriations are excluded by standing campaign rule
S1216	2018609	house	1536844	2025-04-03	62-2	1	0	4	313		Amends House Bill 354 to revise provisions regarding the rules pertaining to market value.	PROPERTY TAXES -- Amends House Bill 354 to revise provisions regarding the rules pertaining to market value.	out-of-gate:not-divided	
S1216	2018609	senate	1536843	2025-04-03	33-0	1	0	4	313	Read in full as required) -- PASSED 33-0-2	Amends House Bill 354 to revise provisions regarding the rules pertaining to market value.	PROPERTY TAXES -- Amends House Bill 354 to revise provisions regarding the rules pertaining to market value.	out-of-gate:not-divided	
S1217	2019542	house	1537039	2025-04-03	52-15	1	0	4	314		Relates to the appropriation to the Department of Fish and Game for fiscal years 2025 and 2026.	APPROPRIATIONS -- DEPARTMENT OF FISH AND GAME -- Relates to the appropriation to the Department of Fish and Game for fiscal years 2025 and 2026.	excluded:appropriations	agency budget bill; appropriations are excluded by standing campaign rule
S1217	2019542	senate	1537038	2025-04-03	24-10	1	0	4	314	Read in full as required) -- PASSED 24-10-1	Relates to the appropriation to the Department of Fish and Game for fiscal years 2025 and 2026.	APPROPRIATIONS -- DEPARTMENT OF FISH AND GAME -- Relates to the appropriation to the Department of Fish and Game for fiscal years 2025 and 2026.	excluded:appropriations	agency budget bill; appropriations are excluded by standing campaign rule
S1218	2019573	house	1537044	2025-04-03	46-21	1	0	4	337		Relates to the funding of the Idaho Transportation Department for fiscal years 2025 and 2026.	IDAHO TRANSPORTATION DEPARTMENT -- FUNDING -- Relates to the funding of the Idaho Transportation Department for fiscal years 2025 and 2026.	dropped:selection	Idaho Transportation Department funding, an appropriation
S1218	2019573	senate	1537043	2025-04-03	25-8	1	0	4	337	Read in full as required) -- PASSED 25-8-2	Relates to the funding of the Idaho Transportation Department for fiscal years 2025 and 2026.	IDAHO TRANSPORTATION DEPARTMENT -- FUNDING -- Relates to the funding of the Idaho Transportation Department for fiscal years 2025 and 2026.	dropped:selection	Idaho Transportation Department funding, an appropriation
S1219	2019504	house	1537046	2025-04-03	37-29	1	0	4	338		Relates to the appropriation to the State Tax Commission for fiscal year 2026.	APPROPRIATIONS -- STATE TAX COMMISSION -- Relates to the appropriation to the State Tax Commission for fiscal year 2026.	excluded:appropriations	agency budget bill; appropriations are excluded by standing campaign rule
S1219	2019504	senate	1537045	2025-04-03	21-13	1	0	4	338	Read in full as required) -- PASSED 21-13-1	Relates to the appropriation to the State Tax Commission for fiscal year 2026.	APPROPRIATIONS -- STATE TAX COMMISSION -- Relates to the appropriation to the State Tax Commission for fiscal year 2026.	excluded:appropriations	agency budget bill; appropriations are excluded by standing campaign rule
S1220	2019612	house	1537041	2025-04-03	40-26	1	0	4	315		Relates to funding of the Office of Energy and Mineral Resources for fiscal year 2026.	APPROPRIATIONS -- OFFICE OF ENERGY AND MINERAL RESOURCES -- Relates to funding of the Office of Energy and Mineral Resources for fiscal year 2026.	excluded:appropriations	agency budget bill; appropriations are excluded by standing campaign rule
S1220	2019612	senate	1537040	2025-04-03	25-9	1	0	4	315	Read in full as required) -- PASSED 25-9-1	Relates to funding of the Office of Energy and Mineral Resources for fiscal year 2026.	APPROPRIATIONS -- OFFICE OF ENERGY AND MINERAL RESOURCES -- Relates to funding of the Office of Energy and Mineral Resources for fiscal year 2026.	excluded:appropriations	agency budget bill; appropriations are excluded by standing campaign rule
